avg_entry_macd_pct,avg_holding_minutes,avg_loss_return_pct,avg_max_possible_return_pct,avg_return_pct,avg_win_return_pct,cross_location,exit_name,expiry_day_only,group_name,max_possible_return_pct,max_realized_return_pct,median_entry_macd_pct,median_holding_minutes,median_return_pct,opportunities,score,timeframe,variant_key,win_rate
0.1393,1276.2,-69.7866,271.7416,-3.3938,40.868,zero_straddle,trail_after_20pct_dd10pct,False,weekly_series,1183.1063,92.4065,0.0728,411.0,13.0402,10,4.574896,3m,weekly_series|series|3m|trail_after_20pct_dd10pct|zero_straddle,0.6
-3.7798,1107.7568,-68.0929,88.7114,0.1647,28.4242,below_zero,trail_after_20pct_dd10pct,False,weekly_series,1175.0455,162.1897,-2.3364,601.5,12.1816,222,19.010624,3m,weekly_series|series|3m|trail_after_20pct_dd10pct|below_zero,0.7072
2.8476,1053.03,-69.7565,78.8608,-5.392,26.3099,above_zero,trail_after_20pct_dd10pct,False,weekly_series,583.8451,160.9253,2.1067,489.0,11.9954,100,4.832877,3m,weekly_series|series|3m|trail_after_20pct_dd10pct|above_zero,0.67
0.2616,1178.0,-59.717,263.9489,63.1267,124.5486,zero_straddle,trail_after_30pct_dd15pct,False,weekly_series,1183.1063,359.2858,0.0538,234.0,17.2267,9,68.72286,3m,weekly_series|series|3m|trail_after_30pct_dd15pct|zero_straddle,0.6667
-4.6658,1435.2792,-75.0688,88.0236,-3.7023,33.9173,below_zero,trail_after_30pct_dd15pct,False,weekly_series,1175.0455,197.0408,-2.5596,1164.0,13.8867,197,11.542409,3m,weekly_series|series|3m|trail_after_30pct_dd15pct|below_zero,0.6548
2.554,1355.4107,-78.6095,102.3554,4.8303,51.1857,above_zero,trail_after_30pct_dd15pct,False,weekly_series,583.8451,197.564,1.6539,985.5,14.189,56,22.285635,3m,weekly_series|series|3m|trail_after_30pct_dd15pct|above_zero,0.6429
-4.4389,1096.5363,-75.6778,92.4173,-2.0771,25.6647,below_zero,trail_after_20pct_dd10pct,False,weekly_series,746.7122,107.5724,-2.4401,605.0,12.0783,179,13.521572,5m,weekly_series|series|5m|trail_after_20pct_dd10pct|below_zero,0.7263
2.423,1278.2883,-75.8004,82.9894,-3.8926,38.2248,above_zero,trail_after_20pct_dd10pct,False,weekly_series,773.7024,308.6448,2.0454,595.0,9.569,111,4.439543,5m,weekly_series|series|5m|trail_after_20pct_dd10pct|above_zero,0.6306
0.2224,659.375,-29.1897,71.4787,7.1658,19.2843,zero_straddle,trail_after_20pct_dd10pct,False,weekly_series,234.1875,34.4595,0.1162,465.0,12.0046,8,14.998233,5m,weekly_series|series|5m|trail_after_20pct_dd10pct|zero_straddle,0.75
-5.0398,1407.5155,-74.0751,87.7621,-0.0764,36.2377,below_zero,trail_after_30pct_dd15pct,False,weekly_series,746.7122,204.6572,-3.049,1210.0,15.7603,161,21.358005,5m,weekly_series|series|5m|trail_after_30pct_dd15pct|below_zero,0.6708
2.336,1596.5333,-84.0324,87.6,-8.6293,50.616,above_zero,trail_after_30pct_dd15pct,False,weekly_series,773.7024,308.6448,2.0943,1045.0,7.4786,75,-5.30185,5m,weekly_series|series|5m|trail_after_30pct_dd15pct|above_zero,0.56
0.1695,1088.3333,-1.868,93.6877,29.6975,36.0106,zero_straddle,trail_after_30pct_dd15pct,False,weekly_series,234.1875,84.58,0.0883,1010.0,26.6566,6,46.182935,5m,weekly_series|series|5m|trail_after_30pct_dd15pct|zero_straddle,0.8333
-21.2211,952.303,-69.8958,100.7651,-4.7735,29.5967,below_zero,trail_after_20pct_dd10pct,False,weekly_series,721.3063,222.4474,-7.3489,410.0,9.501,165,3.132669,10m,weekly_series|series|10m|trail_after_20pct_dd10pct|below_zero,0.6545
3.8105,1113.4146,-61.4973,78.958,3.0123,38.9417,above_zero,trail_after_20pct_dd10pct,False,weekly_series,481.4318,256.8667,3.5563,660.0,7.28,123,14.611516,10m,weekly_series|series|10m|trail_after_20pct_dd10pct|above_zero,0.6423
0.6288,710.0,-14.4033,154.7916,6.1503,13.0015,zero_straddle,trail_after_20pct_dd10pct,False,weekly_series,356.5146,16.1257,0.7199,240.0,11.4394,4,9.977638,10m,weekly_series|series|10m|trail_after_20pct_dd10pct|zero_straddle,0.75
-21.7563,1152.7778,-71.7643,93.5557,-4.7436,35.7342,below_zero,trail_after_30pct_dd15pct,False,weekly_series,721.3063,222.4474,-7.4007,620.0,9.9988,162,3.663017,10m,weekly_series|series|10m|trail_after_30pct_dd15pct|below_zero,0.6235
3.7885,1360.3409,-76.3334,91.603,8.9001,50.7945,above_zero,trail_after_30pct_dd15pct,False,weekly_series,507.5269,256.8667,3.4553,920.0,14.8131,88,33.904393,10m,weekly_series|series|10m|trail_after_30pct_dd15pct|above_zero,0.6705
0.8291,1036.6667,0.0,192.7488,68.1045,68.1045,zero_straddle,trail_after_30pct_dd15pct,False,weekly_series,356.5146,151.7284,0.7608,560.0,36.4594,3,76.865115,10m,weekly_series|series|10m|trail_after_30pct_dd15pct|zero_straddle,1.0
-142.4846,907.1698,-68.4178,99.6044,-5.3975,30.7924,below_zero,trail_after_20pct_dd10pct,False,weekly_series,956.2178,192.8158,-9.7976,390.0,7.9167,159,-0.23153,15m,weekly_series|series|15m|trail_after_20pct_dd10pct|below_zero,0.6352
5.057,1222.7528,-59.4069,73.3312,2.5312,39.0305,above_zero,trail_after_20pct_dd10pct,False,weekly_series,529.3994,256.1544,4.9928,855.0,7.3102,89,12.578812,15m,weekly_series|series|15m|trail_after_20pct_dd10pct|above_zero,0.6292
0.4056,1653.0,-99.9945,39.6524,-18.2173,36.3009,zero_straddle,trail_after_20pct_dd10pct,False,weekly_series,105.7791,84.4385,0.4028,1155.0,10.1042,5,-7.405736,15m,weekly_series|series|15m|trail_after_20pct_dd10pct|zero_straddle,0.6
-19.5743,1188.5612,-77.4549,100.9772,-1.4837,42.545,below_zero,trail_after_30pct_dd15pct,False,weekly_series,956.2178,245.6013,-8.5241,765.0,11.1319,139,11.145598,15m,weekly_series|series|15m|trail_after_30pct_dd15pct|below_zero,0.6331
5.1908,1548.169,-68.3868,77.8275,-1.2933,50.7042,above_zero,trail_after_30pct_dd15pct,False,weekly_series,529.3994,256.1544,4.8078,1425.0,5.8972,71,3.813956,15m,weekly_series|series|15m|trail_after_30pct_dd15pct|above_zero,0.5634
0.3748,2025.0,-92.2458,48.6703,-22.7705,46.7048,zero_straddle,trail_after_30pct_dd15pct,False,weekly_series,105.7791,74.8974,0.2386,2085.0,-32.9922,4,-21.614091,15m,weekly_series|series|15m|trail_after_30pct_dd15pct|zero_straddle,0.5
4.8301,796.0714,-54.3421,63.3183,5.33,35.9724,above_zero,trail_after_20pct_dd10pct,False,weekly_series,502.271,215.8252,4.3576,525.0,6.8845,56,15.89871,30m,weekly_series|series|30m|trail_after_20pct_dd10pct|above_zero,0.6607
-88.9861,740.25,-65.4652,114.4899,-7.4012,35.5157,below_zero,trail_after_20pct_dd10pct,False,weekly_series,2383.1433,311.4622,-15.0015,285.0,8.4881,120,-2.882994,30m,weekly_series|series|30m|trail_after_20pct_dd10pct|below_zero,0.575
0.4229,870.0,-87.8975,44.884,-24.2642,7.5524,zero_straddle,trail_after_20pct_dd10pct,False,weekly_series,88.4404,7.7378,0.3926,720.0,7.367,3,-10.732045,30m,weekly_series|series|30m|trail_after_20pct_dd10pct|zero_straddle,0.6667
4.7372,1089.375,-63.7465,66.9126,3.9505,48.3038,above_zero,trail_after_30pct_dd15pct,False,weekly_series,502.271,215.8252,4.1703,840.0,9.8487,48,14.837055,30m,weekly_series|series|30m|trail_after_30pct_dd15pct|above_zero,0.6042
-82.9709,1012.1495,-72.7926,97.0414,-8.3275,46.1343,below_zero,trail_after_30pct_dd15pct,False,weekly_series,1586.0728,311.4622,-14.6716,690.0,7.9602,107,-4.600254,30m,weekly_series|series|30m|trail_after_30pct_dd15pct|below_zero,0.5421
0.4229,990.0,-87.8975,44.884,-26.4215,4.3165,zero_straddle,trail_after_30pct_dd15pct,False,weekly_series,88.4404,7.367,0.3926,720.0,1.266,3,-14.183887,30m,weekly_series|series|30m|trail_after_30pct_dd15pct|zero_straddle,0.6667
1.768,4040.4,-91.5976,92.6633,-4.6203,53.3645,above_zero,trail_after_20pct_dd10pct,False,monthly_series,470.6247,173.5298,1.0396,2007.0,9.6804,20,2.009348,3m,monthly_series|series|3m|trail_after_20pct_dd10pct|above_zero,0.6
-3.7144,2948.8525,-65.4963,68.9078,-2.1526,22.321,below_zero,trail_after_20pct_dd10pct,False,monthly_series,494.2735,171.1566,-2.1282,1167.0,9.0909,61,6.98024,3m,monthly_series|series|3m|trail_after_20pct_dd10pct|below_zero,0.7213
3.003,7161.0,-82.7716,0.0,-82.7716,0.0,zero_straddle,trail_after_20pct_dd10pct,False,monthly_series,0.0,-82.7716,3.003,7161.0,-82.7716,1,-0.573729,3m,monthly_series|series|3m|trail_after_20pct_dd10pct|zero_straddle,0.0
2.0181,4954.3125,-87.7558,95.8114,-1.0653,66.3605,above_zero,trail_after_30pct_dd15pct,False,monthly_series,470.6247,173.5298,1.5117,4290.0,19.8497,16,11.634998,3m,monthly_series|series|3m|trail_after_30pct_dd15pct|above_zero,0.5625
-4.6087,3798.375,-68.3892,83.5167,-4.4014,33.9912,below_zero,trail_after_30pct_dd15pct,False,monthly_series,494.2735,153.8787,-2.2885,1729.5,10.1735,48,3.474812,3m,monthly_series|series|3m|trail_after_30pct_dd15pct|below_zero,0.625
3.003,7161.0,-82.7716,0.0,-82.7716,0.0,zero_straddle,trail_after_30pct_dd15pct,False,monthly_series,0.0,-82.7716,3.003,7161.0,-82.7716,1,-0.573729,3m,monthly_series|series|3m|trail_after_30pct_dd15pct|zero_straddle,0.0
-4.6251,2858.7143,-60.3073,72.0269,1.6696,31.9988,below_zero,trail_after_20pct_dd10pct,False,monthly_series,389.5347,175.9857,-2.7109,1200.0,10.1734,70,14.513359,5m,monthly_series|series|5m|trail_after_20pct_dd10pct|below_zero,0.6714
0.0162,85.0,0.0,471.0883,26.9405,26.9405,zero_straddle,trail_after_20pct_dd10pct,False,monthly_series,471.0883,26.9405,0.0162,85.0,26.9405,1,18.673732,5m,monthly_series|series|5m|trail_after_20pct_dd10pct|zero_straddle,1.0
1.5194,4136.3333,-81.673,84.808,-11.3997,50.0895,above_zero,trail_after_20pct_dd10pct,False,monthly_series,451.6039,186.802,0.7965,1130.0,7.8611,15,-5.464069,5m,monthly_series|series|5m|trail_after_20pct_dd10pct|above_zero,0.5333
-4.6325,3894.5283,-77.7693,75.2245,-3.4486,34.7735,below_zero,trail_after_30pct_dd15pct,False,monthly_series,389.5347,158.0645,-2.8881,2075.0,9.9443,53,5.027767,5m,monthly_series|series|5m|trail_after_30pct_dd15pct|below_zero,0.6604
0.0162,85.0,0.0,471.0883,26.9405,26.9405,zero_straddle,trail_after_30pct_dd15pct,False,monthly_series,471.0883,26.9405,0.0162,85.0,26.9405,1,18.673732,5m,monthly_series|series|5m|trail_after_30pct_dd15pct|zero_straddle,1.0
1.6505,4493.0769,-72.1056,95.5647,-9.9073,62.6573,above_zero,trail_after_30pct_dd15pct,False,monthly_series,451.6039,171.7005,1.3372,2515.0,-14.3078,13,-14.210139,5m,monthly_series|series|5m|trail_after_30pct_dd15pct|above_zero,0.4615
-5.671,3563.2759,-78.5033,72.0974,-11.715,29.1,below_zero,trail_after_20pct_dd10pct,False,monthly_series,392.2355,189.3697,-3.6671,1585.0,6.1975,58,-11.51572,10m,monthly_series|series|10m|trail_after_20pct_dd10pct|below_zero,0.6207
2.2598,2169.5238,-44.0742,92.9254,21.6212,42.151,above_zero,trail_after_20pct_dd10pct,False,monthly_series,344.9001,151.912,1.3728,1020.0,12.3342,21,42.17074,10m,monthly_series|series|10m|trail_after_20pct_dd10pct|above_zero,0.7619
-5.7954,4571.3725,-77.9196,70.7547,-13.0968,44.5234,below_zero,trail_after_30pct_dd15pct,False,monthly_series,392.2355,174.0126,-3.8623,2430.0,2.2965,51,-14.515924,10m,monthly_series|series|10m|trail_after_30pct_dd15pct|below_zero,0.5294
2.6099,2359.0,-22.1593,108.3982,33.4525,57.2861,above_zero,trail_after_30pct_dd15pct,False,monthly_series,310.456,151.912,2.1857,1390.0,17.6953,10,45.571362,10m,monthly_series|series|10m|trail_after_30pct_dd15pct|above_zero,0.7
-7.1118,3782.8723,-73.7514,82.9045,-18.5158,18.9655,below_zero,trail_after_20pct_dd10pct,False,monthly_series,778.56,51.1657,-5.0795,1755.0,8.8919,47,-17.417135,15m,monthly_series|series|15m|trail_after_20pct_dd10pct|below_zero,0.5957
3.6185,2528.4783,-65.8052,93.1879,22.3068,53.4051,above_zero,trail_after_20pct_dd10pct,False,monthly_series,291.8949,163.8441,2.7554,1425.0,12.6253,23,43.300085,15m,monthly_series|series|15m|trail_after_20pct_dd10pct|above_zero,0.7391
0.4777,2103.75,-53.3048,22.0024,-39.7653,0.8531,zero_straddle,trail_after_20pct_dd10pct,False,monthly_series,46.1629,0.8531,0.4404,1230.0,-29.959,4,-14.421682,15m,monthly_series|series|15m|trail_after_20pct_dd10pct|zero_straddle,0.25
-7.2837,4304.0,-79.6963,85.4636,-17.653,31.9816,below_zero,trail_after_30pct_dd15pct,False,monthly_series,778.56,162.1834,-5.2795,2400.0,11.5261,45,-12.723508,15m,monthly_series|series|15m|trail_after_30pct_dd15pct|below_zero,0.5556
4.0185,3261.5625,-51.6752,92.1376,16.8142,57.9078,above_zero,trail_after_30pct_dd15pct,False,monthly_series,291.8949,155.5808,3.0084,2055.0,22.439,16,33.757949,15m,monthly_series|series|15m|trail_after_30pct_dd15pct|above_zero,0.625
0.5467,1230.0,-29.959,24.2193,-29.959,0.0,zero_straddle,trail_after_30pct_dd15pct,False,monthly_series,46.1629,-19.8115,0.5467,1230.0,-29.959,2,-0.329133,15m,monthly_series|series|15m|trail_after_30pct_dd15pct|zero_straddle,0.0
-11.8797,2418.5106,-59.5794,98.6829,-10.1275,23.4292,below_zero,trail_after_20pct_dd10pct,False,monthly_series,672.0245,72.4111,-7.5663,1110.0,6.3206,47,-8.182552,30m,monthly_series|series|30m|trail_after_20pct_dd10pct|below_zero,0.5957
3.4566,2890.3448,-62.1965,67.3395,-4.8207,35.6798,above_zero,trail_after_20pct_dd10pct,False,monthly_series,524.3982,148.2968,2.8285,1170.0,9.507,29,1.815099,30m,monthly_series|series|30m|trail_after_20pct_dd10pct|above_zero,0.5862
0.4083,2565.0,-88.6843,16.1754,-41.9145,4.8552,zero_straddle,trail_after_20pct_dd10pct,False,monthly_series,28.1052,4.8552,0.4083,2565.0,-41.9145,2,-23.023892,30m,monthly_series|series|30m|trail_after_20pct_dd10pct|zero_straddle,0.5
-12.315,3050.2326,-70.9323,96.0248,-9.1973,35.2519,below_zero,trail_after_30pct_dd15pct,False,monthly_series,672.0245,198.7485,-8.0389,2040.0,12.6615,43,-0.998374,30m,monthly_series|series|30m|trail_after_30pct_dd15pct|below_zero,0.5814
3.681,3748.4211,-77.3239,58.2946,-6.1996,45.5272,above_zero,trail_after_30pct_dd15pct,False,monthly_series,196.0941,135.0706,3.0907,1890.0,9.1427,19,-0.108701,30m,monthly_series|series|30m|trail_after_30pct_dd15pct|above_zero,0.5789
0.4083,5460.0,-56.5832,16.1754,-56.5832,0.0,zero_straddle,trail_after_30pct_dd15pct,False,monthly_series,28.1052,-24.4821,0.4083,5460.0,-56.5832,2,-0.62163,30m,monthly_series|series|30m|trail_after_30pct_dd15pct|zero_straddle,0.0
-12.6981,80.6853,-73.3457,81.0367,-12.5484,9.8284,below_zero,target_10pct,True,weekly_expiry_day,1478.125,10.0,-5.4969,14.0,10.0,197,-13.642292,1m,weekly_expiry_day|expiry_day|1m|target_10pct|below_zero,0.731
3.3548,86.2619,-51.9302,83.2548,-6.9925,9.615,above_zero,target_10pct,True,weekly_expiry_day,814.0271,10.0,2.5174,22.5,10.0,126,-0.691528,1m,weekly_expiry_day|expiry_day|1m|target_10pct|above_zero,0.7302
0.1913,107.5,-50.711,95.8392,-10.237,10.0,zero_straddle,target_10pct,True,weekly_expiry_day,267.0365,10.0,0.1307,20.0,10.0,6,-2.779158,1m,weekly_expiry_day|expiry_day|1m|target_10pct|zero_straddle,0.6667
-12.095,136.0345,-75.7946,87.7659,-20.1257,19.17,below_zero,target_20pct,True,weekly_expiry_day,1478.125,20.0,-5.1768,82.0,20.0,145,-11.905892,1m,weekly_expiry_day|expiry_day|1m|target_20pct|below_zero,0.5862
3.5407,105.3,-49.0991,91.8823,-2.3498,18.7628,above_zero,target_20pct,True,weekly_expiry_day,814.0271,20.0,2.7207,38.0,20.0,90,20.479003,1m,weekly_expiry_day|expiry_day|1m|target_20pct|above_zero,0.6889
0.1082,84.4,-1.6872,113.84,15.6626,20.0,zero_straddle,target_20pct,True,weekly_expiry_day,267.0365,20.0,0.1005,22.0,20.0,5,24.937794,1m,weekly_expiry_day|expiry_day|1m|target_20pct|zero_straddle,0.8
-12.5012,85.0796,-52.3632,79.543,-13.0406,11.3774,below_zero,trail_after_10pct_dd5pct,True,weekly_expiry_day,1478.125,60.452,-5.282,18.0,3.625,201,-20.873928,1m,weekly_expiry_day|expiry_day|1m|trail_after_10pct_dd5pct|below_zero,0.6169
3.3782,88.2542,-45.2913,88.3211,-5.6603,13.9043,above_zero,trail_after_10pct_dd5pct,True,weekly_expiry_day,814.0271,73.913,2.5653,26.0,5.4089,118,-3.94392,1m,weekly_expiry_day|expiry_day|1m|trail_after_10pct_dd5pct|above_zero,0.6695
0.1913,110.0,-50.711,95.8392,-6.1739,16.0946,zero_straddle,trail_after_10pct_dd5pct,True,weekly_expiry_day,267.0365,26.7791,0.1307,22.0,9.3568,6,0.049792,1m,weekly_expiry_day|expiry_day|1m|trail_after_10pct_dd5pct|zero_straddle,0.6667
0.0651,112.5,-41.0136,79.5831,-15.5068,10.0,zero_straddle,target_10pct,True,weekly_expiry_day,157.634,10.0,0.0651,112.5,-15.5068,2,-8.517981,3m,weekly_expiry_day|expiry_day|3m|target_10pct|zero_straddle,0.5
-91.2149,60.0596,-54.2548,51.1331,-12.4199,9.554,below_zero,target_10pct,True,weekly_expiry_day,766.9528,10.0,-8.6301,27.0,10.0,151,-11.369503,3m,weekly_expiry_day|expiry_day|3m|target_10pct|below_zero,0.6556
3.2109,69.1333,-41.2477,36.5355,-5.383,9.1871,above_zero,target_10pct,True,weekly_expiry_day,260.0,10.0,1.6403,42.0,10.0,45,2.096906,3m,weekly_expiry_day|expiry_day|3m|target_10pct|above_zero,0.7111
0.0651,136.5,-41.0136,79.5831,-10.5068,20.0,zero_straddle,target_20pct,True,weekly_expiry_day,157.634,20.0,0.0651,136.5,-10.5068,2,-5.77145,3m,weekly_expiry_day|expiry_day|3m|target_20pct|zero_straddle,0.5
-74.1847,96.418,-63.1337,55.955,-18.6434,17.8784,below_zero,target_20pct,True,weekly_expiry_day,766.9528,20.0,-8.4952,69.0,7.0971,122,-22.060411,3m,weekly_expiry_day|expiry_day|3m|target_20pct|below_zero,0.5492
3.5139,109.7143,-65.8292,34.9898,-16.2677,16.7732,above_zero,target_20pct,True,weekly_expiry_day,260.0,20.0,2.0742,93.0,8.0344,35,-14.076478,3m,weekly_expiry_day|expiry_day|3m|target_20pct|above_zero,0.6
0.0651,112.5,-41.0136,79.5831,-17.8301,5.3533,zero_straddle,trail_after_10pct_dd5pct,True,weekly_expiry_day,157.634,5.3533,0.0651,112.5,-17.8301,2,-9.794183,3m,weekly_expiry_day|expiry_day|3m|trail_after_10pct_dd5pct|zero_straddle,0.5
-91.2149,63.7748,-42.0605,51.1331,-13.0879,17.0593,below_zero,trail_after_10pct_dd5pct,True,weekly_expiry_day,766.9528,184.7379,-8.6301,27.0,0.0,151,-19.335047,3m,weekly_expiry_day|expiry_day|3m|trail_after_10pct_dd5pct|below_zero,0.4901
3.2134,80.3721,-44.1843,37.6647,-1.0026,15.7129,above_zero,trail_after_10pct_dd5pct,True,weekly_expiry_day,260.0,93.9286,1.6403,57.0,6.7308,43,5.70364,3m,weekly_expiry_day|expiry_day|3m|trail_after_10pct_dd5pct|above_zero,0.7209
-583.713,61.8902,-59.799,38.4776,-16.9352,9.1192,below_zero,target_10pct,True,weekly_expiry_day,300.0,10.0,-14.1988,32.5,10.0,82,-16.933955,5m,weekly_expiry_day|expiry_day|5m|target_10pct|below_zero,0.622
3.106,36.5,-13.7728,25.8461,5.2504,8.6074,above_zero,target_10pct,True,weekly_expiry_day,133.3276,10.0,2.0446,30.0,10.0,20,18.503706,5m,weekly_expiry_day|expiry_day|5m|target_10pct|above_zero,0.85
0.3764,16.6667,-0.5197,154.4248,6.4934,10.0,zero_straddle,target_10pct,True,weekly_expiry_day,440.107,10.0,0.4489,20.0,10.0,3,7.297855,5m,weekly_expiry_day|expiry_day|5m|target_10pct|zero_straddle,0.6667
-619.2976,79.1558,-62.7136,38.9104,-20.5044,16.5573,below_zero,target_20pct,True,weekly_expiry_day,300.0,20.0,-14.0897,75.0,0.9322,77,-27.676416,5m,weekly_expiry_day|expiry_day|5m|target_20pct|below_zero,0.5325
3.3197,53.8889,-13.7728,27.6772,9.7609,14.4677,above_zero,target_20pct,True,weekly_expiry_day,133.3276,20.0,2.2695,35.0,14.9873,18,29.078754,5m,weekly_expiry_day|expiry_day|5m|target_20pct|above_zero,0.8333
0.3764,16.6667,-0.5197,154.4248,13.1601,20.0,zero_straddle,target_20pct,True,weekly_expiry_day,440.107,20.0,0.4489,20.0,20.0,3,14.691813,5m,weekly_expiry_day|expiry_day|5m|target_20pct|zero_straddle,0.6667
-583.713,65.061,-43.3642,38.4776,-20.0181,14.6474,below_zero,trail_after_10pct_dd5pct,True,weekly_expiry_day,300.0,101.5873,-14.1988,32.5,-2.1732,82,-22.902711,5m,weekly_expiry_day|expiry_day|5m|trail_after_10pct_dd5pct|below_zero,0.4024
3.106,44.0,-10.3296,25.8461,7.9333,12.4991,above_zero,trail_after_10pct_dd5pct,True,weekly_expiry_day,133.3276,36.0345,2.0446,30.0,7.9385,20,19.327554,5m,weekly_expiry_day|expiry_day|5m|trail_after_10pct_dd5pct|above_zero,0.8
0.3764,16.6667,-0.5197,154.4248,16.5269,25.0501,zero_straddle,trail_after_10pct_dd5pct,True,weekly_expiry_day,440.107,43.8503,0.4489,20.0,6.25,3,11.475524,5m,weekly_expiry_day|expiry_day|5m|trail_after_10pct_dd5pct|zero_straddle,0.6667
3.8007,102.8214,-50.7673,58.9471,-7.8361,9.3363,above_zero,target_10pct,True,monthly_expiry_day,456.6176,10.0,2.4036,32.5,10.0,28,-1.687674,1m,monthly_expiry_day|expiry_day|1m|target_10pct|above_zero,0.7143
-5.7077,93.94,-77.1877,51.8527,-18.2232,9.5248,below_zero,target_10pct,True,monthly_expiry_day,676.4103,10.0,-4.1527,22.5,10.0,50,-18.538816,1m,monthly_expiry_day|expiry_day|1m|target_10pct|below_zero,0.68
0.1538,299.0,-12.3039,13.4638,-1.152,10.0,zero_straddle,target_10pct,True,monthly_expiry_day,26.3123,10.0,0.1538,299.0,-1.152,2,-0.632801,1m,monthly_expiry_day|expiry_day|1m|target_10pct|zero_straddle,0.5
4.8688,152.6316,-60.4722,76.7702,-14.7182,18.5574,above_zero,target_20pct,True,monthly_expiry_day,456.6176,20.0,3.7113,113.0,20.0,19,-1.441006,1m,monthly_expiry_day|expiry_day|1m|target_20pct|above_zero,0.5789
-4.9484,120.6667,-72.2217,52.3254,-15.993,18.6093,below_zero,target_20pct,True,monthly_expiry_day,676.4103,20.0,-3.1777,52.0,20.0,42,-3.715314,1m,monthly_expiry_day|expiry_day|1m|target_20pct|below_zero,0.619
0.1538,301.0,-12.3039,13.4638,3.848,20.0,zero_straddle,target_20pct,True,monthly_expiry_day,26.3123,20.0,0.1538,301.0,3.848,2,2.11373,1m,monthly_expiry_day|expiry_day|1m|target_20pct|zero_straddle,0.5
3.8454,98.8148,-49.321,60.9146,-6.7503,11.1742,above_zero,trail_after_10pct_dd5pct,True,monthly_expiry_day,456.6176,44.2581,2.2128,32.0,5.2942,27,-4.531466,1m,monthly_expiry_day|expiry_day|1m|trail_after_10pct_dd5pct|above_zero,0.7037
-5.6008,97.7059,-57.5435,50.836,-18.4692,11.1734,below_zero,trail_after_10pct_dd5pct,True,monthly_expiry_day,676.4103,29.4118,-4.0384,31.0,3.6489,51,-21.617438,1m,monthly_expiry_day|expiry_day|1m|trail_after_10pct_dd5pct|below_zero,0.5686
0.1538,313.5,-12.3039,13.4638,5.7544,23.8127,zero_straddle,trail_after_10pct_dd5pct,True,monthly_expiry_day,26.3123,23.8127,0.1538,313.5,5.7544,2,3.160927,1m,monthly_expiry_day|expiry_day|1m|trail_after_10pct_dd5pct|zero_straddle,0.5
-26.1962,88.8462,-54.9559,59.2239,-17.2997,8.8959,below_zero,target_10pct,True,monthly_expiry_day,613.2924,10.0,-9.7994,54.0,10.0,39,-13.878228,3m,monthly_expiry_day|expiry_day|3m|target_10pct|below_zero,0.5897
2.6765,22.8,-0.4385,25.3324,7.9123,10.0,above_zero,target_10pct,True,monthly_expiry_day,108.8276,10.0,1.7092,21.0,10.0,10,16.780241,3m,monthly_expiry_day|expiry_day|3m|target_10pct|above_zero,0.8
0.0061,246.0,-22.0081,0.0,-22.0081,0.0,zero_straddle,target_10pct,True,monthly_expiry_day,0.0,-22.0081,0.0061,246.0,-22.0081,1,-0.152549,3m,monthly_expiry_day|expiry_day|3m|target_10pct|zero_straddle,0.0
-27.21,102.3429,-59.9556,64.6623,-18.1338,17.0845,below_zero,target_20pct,True,monthly_expiry_day,613.2924,20.0,-8.9401,54.0,1.2311,35,-20.209464,3m,monthly_expiry_day|expiry_day|3m|target_20pct|below_zero,0.5429
2.8704,77.3333,-48.652,26.6616,-18.4595,19.2812,above_zero,target_20pct,True,monthly_expiry_day,108.8276,20.0,1.7358,42.0,-0.1237,9,-11.38405,3m,monthly_expiry_day|expiry_day|3m|target_20pct|above_zero,0.4444
0.0061,246.0,-22.0081,0.0,-22.0081,0.0,zero_straddle,target_20pct,True,monthly_expiry_day,0.0,-22.0081,0.0061,246.0,-22.0081,1,-0.152549,3m,monthly_expiry_day|expiry_day|3m|target_20pct|zero_straddle,0.0
-26.1962,89.6923,-39.751,59.2239,-23.1726,6.4318,below_zero,trail_after_10pct_dd5pct,True,monthly_expiry_day,613.2924,10.8108,-9.7994,54.0,0.0,39,-18.412592,3m,monthly_expiry_day|expiry_day|3m|trail_after_10pct_dd5pct|below_zero,0.359
2.6765,26.1,-3.0701,25.3324,4.7546,8.108,above_zero,trail_after_10pct_dd5pct,True,monthly_expiry_day,108.8276,17.125,1.7092,22.5,5.1299,10,8.232703,3m,monthly_expiry_day|expiry_day|3m|trail_after_10pct_dd5pct|above_zero,0.7
0.0061,246.0,-22.0081,0.0,-22.0081,0.0,zero_straddle,trail_after_10pct_dd5pct,True,monthly_expiry_day,0.0,-22.0081,0.0061,246.0,-22.0081,1,-0.152549,3m,monthly_expiry_day|expiry_day|3m|trail_after_10pct_dd5pct|zero_straddle,0.0
5.6253,85.8333,-49.75,21.9134,-14.4776,3.1585,above_zero,target_10pct,True,monthly_expiry_day,115.5672,10.0,3.0596,67.5,0.2858,6,-11.121095,5m,monthly_expiry_day|expiry_day|5m|target_10pct|above_zero,0.6667
-111.0891,68.2609,-39.4613,74.8277,-15.8059,10.0,below_zero,target_10pct,True,monthly_expiry_day,786.4041,10.0,-21.0194,35.0,-1.1696,23,-15.126726,5m,monthly_expiry_day|expiry_day|5m|target_10pct|below_zero,0.4783
5.6253,87.5,-49.75,21.9134,-12.811,5.6585,above_zero,target_20pct,True,monthly_expiry_day,115.5672,20.0,3.0596,67.5,0.2858,6,-9.823809,5m,monthly_expiry_day|expiry_day|5m|target_20pct|above_zero,0.6667
-111.0891,82.1739,-47.7578,74.8277,-21.2439,20.0,below_zero,target_20pct,True,monthly_expiry_day,786.4041,20.0,-21.0194,70.0,-2.099,23,-16.895101,5m,monthly_expiry_day|expiry_day|5m|target_20pct|below_zero,0.3913
5.6253,85.8333,-34.2108,21.9134,-16.6664,0.8781,above_zero,trail_after_10pct_dd5pct,True,monthly_expiry_day,115.5672,2.0625,3.0596,67.5,-0.6714,6,-9.990692,5m,monthly_expiry_day|expiry_day|5m|trail_after_10pct_dd5pct|above_zero,0.5
-111.0891,68.4783,-32.0054,74.8277,-13.8832,20.096,below_zero,trail_after_10pct_dd5pct,True,monthly_expiry_day,786.4041,45.4545,-21.0194,35.0,-2.0243,23,-10.102292,5m,monthly_expiry_day|expiry_day|5m|trail_after_10pct_dd5pct|below_zero,0.3478
