date,carry_signal,carry_strength,expansion_score,day_type,opening_type,next_day_type,next_date,entry_spot,gap_pts,gap_pct,gap_favorable,eod_pct,eod_favorable,ib_pct,max_fav_spot_pct,max_adv_spot_pct,opt_gap_return,opt_eod_return,opt_max_fav,opt_max_adv
2025-04-04,CARRY_SHORT,4,10,NORMAL_VAR_DN,OD_DN,NORMAL,2025-04-07,75405.27,-3955.33,-5.2454,True,-2.7587,True,-4.1353,5.2785,-2.654,18.36,9.66,18.47,-9.29
2025-04-11,CARRY_LONG,3,11,NORMAL_VAR_UP,OD_UP,NORMAL,2025-04-15,75227.74,1624.32,2.1592,True,2.0659,True,1.919,2.2331,-1.6049,7.56,7.23,7.82,-5.62
2025-04-15,CARRY_LONG,3,3,NORMAL,OTHER,FAILED_AUCTION,2025-04-16,76781.88,214.9,0.2799,True,0.3133,True,0.0042,0.4276,0.3101,0.98,1.1,1.5,1.09
2025-04-17,CARRY_LONG,4,16,TREND_UP,OD_UP,NORMAL_VAR_UP,2025-04-21,78497.04,406.05,0.5173,True,1.107,True,0.6641,1.4497,-0.3555,1.81,3.87,5.07,-1.24
2025-04-21,CARRY_LONG,4,16,NORMAL_VAR_UP,OD_UP,NORMAL_VAR_UP,2025-04-22,79366.01,362.38,0.4566,True,0.1296,True,0.1574,0.5774,0.1418,1.6,0.45,2.02,0.5
2025-04-22,CARRY_LONG,4,11,NORMAL_VAR_UP,ORR_DN,NORMAL_VAR_DN,2025-04-23,79468.84,673.25,0.8472,True,0.6641,True,0.6513,0.9887,-0.0479,2.97,2.32,3.46,-0.17
2025-04-23,CARRY_LONG,3,11,NORMAL_VAR_DN,OTHER,NORMAL_VAR_DN,2025-04-24,79996.56,61.87,0.0773,True,-0.2432,False,0.0062,0.2217,0.34,0.27,-0.85,0.78,1.19
2025-04-24,CARRY_SHORT,3,13,NORMAL_VAR_DN,OTD_DN,NORMAL_VAR_DN,2025-04-25,79801.99,28.16,0.0353,False,-0.7387,True,-0.3558,1.4989,0.4119,-0.12,2.59,5.25,1.44
2025-04-28,CARRY_LONG,4,11,NORMAL_VAR_UP,OTD_UP,NORMAL,2025-04-29,80150.41,246.51,0.3076,True,0.1139,True,0.301,0.6374,0.0354,1.08,0.4,2.23,0.12
2025-05-05,CARRY_LONG,3,7,FAILED_AUCTION,OA,NORMAL,2025-05-06,80816.8,90.44,0.1119,True,-0.4074,False,-0.0633,0.2039,0.4155,0.39,-1.43,0.71,1.45
2025-05-08,CARRY_SHORT,4,12,TREND_DN,ORR_DN,NORMAL,2025-05-09,80003.84,-1035.5,-1.2943,True,-0.5556,True,-0.629,1.2943,0.0364,4.53,1.94,4.53,0.13
2025-05-12,CARRY_LONG,4,13,NORMAL_VAR_UP,OD_UP,NORMAL_VAR_DN,2025-05-13,82404.81,-155.21,-0.1884,False,-1.4705,False,-0.466,0.2039,1.6517,-0.66,-5.15,0.71,5.78
2025-05-13,CARRY_SHORT,3,9,NORMAL_VAR_DN,OTD_DN,DOUBLE_DIST,2025-05-14,81193.04,85.45,0.1052,False,0.2726,False,0.2851,0.3486,0.6144,-0.37,-0.95,1.22,2.15
2025-05-15,CARRY_LONG,3,15,TREND_UP,OTD_UP,FAILED_AUCTION,2025-05-16,82463.15,-70.52,-0.0855,False,-0.1985,False,-0.1273,0.0626,0.3834,-0.3,-0.69,0.22,1.34
2025-05-20,CARRY_SHORT,4,13,TREND_DN,OD_DN,FAILED_AUCTION,2025-05-21,81186.44,141.17,0.1739,False,0.5052,False,0.4121,-0.0624,1.0287,-0.61,-1.77,-0.22,3.6
2025-05-22,CARRY_SHORT,3,9,NORMAL_VAR_DN,ORR_UP,NORMAL_VAR_UP,2025-05-23,81009.61,-112.61,-0.139,True,0.8472,False,0.3107,0.139,1.1055,0.49,-2.97,0.49,3.87
2025-05-23,CARRY_LONG,3,11,NORMAL_VAR_UP,OTD_UP,NORMAL,2025-05-26,81695.9,233.05,0.2853,True,0.5981,True,0.5922,0.9748,-0.2097,1.0,2.09,3.41,-0.73
2025-05-28,CARRY_SHORT,3,7,FAILED_AUCTION,OTD_DN,NORMAL_VAR_DN,2025-05-29,81347.89,243.14,0.2989,False,0.5501,False,0.343,0.2961,0.5765,-1.05,-1.93,1.04,2.02
2025-05-30,CARRY_SHORT,3,9,NORMAL_VAR_DN,OTD_DN,NORMAL_VAR_UP,2025-06-02,81405.85,-191.43,-0.2352,True,-0.1643,True,-0.5353,0.9233,0.084,0.82,0.58,3.23,0.29
2025-06-02,CARRY_LONG,3,10,NORMAL_VAR_UP,ORR_UP,NORMAL_VAR_DN,2025-06-03,81272.11,220.39,0.2712,True,-0.6999,False,0.1096,0.6178,0.8576,0.95,-2.45,2.16,3.0
2025-06-03,CARRY_SHORT,5,10,NORMAL_VAR_DN,ORR_DN,NORMAL_VAR_UP,2025-06-04,80703.29,74.36,0.0921,False,0.3271,False,0.165,-0.0023,0.4758,-0.32,-1.15,-0.01,1.67
2025-06-06,CARRY_LONG,5,12,TREND_UP,OTD_UP,NORMAL_VAR_DN,2025-06-09,82176.23,398.32,0.4847,True,0.3494,True,0.4571,0.5997,-0.2349,1.7,1.22,2.1,-0.82
2025-06-11,CARRY_LONG,3,10,NORMAL_VAR_UP,OA,TREND_DN,2025-06-12,82450.56,121.11,0.1469,True,-0.9749,False,0.0088,0.2553,1.1248,0.51,-3.41,0.89,3.94
2025-06-12,CARRY_SHORT,3,15,TREND_DN,OTD_DN,NORMAL_VAR_UP,2025-06-13,81646.79,-1218.98,-1.493,True,-0.5932,True,-1.2401,1.5827,-0.4998,5.23,2.08,5.54,-1.75
2025-06-13,CARRY_LONG,4,10,NORMAL_VAR_UP,ORR_UP,TREND_UP,2025-06-16,81162.47,-128.02,-0.1577,False,0.7538,True,0.0594,0.8666,0.185,-0.55,2.64,3.03,0.65
2025-06-16,CARRY_LONG,4,12,TREND_UP,OTD_UP,FAILED_AUCTION,2025-06-17,81774.26,95.21,0.1164,True,-0.2928,False,-0.114,0.1417,0.4246,0.41,-1.02,0.5,1.49
2025-06-20,CARRY_LONG,4,13,TREND_UP,OTD_UP,NORMAL_VAR_UP,2025-06-23,82323.37,-619.3,-0.7523,False,-0.562,False,-0.7201,-0.1867,1.0284,-2.63,-1.97,-0.65,3.6
2025-06-25,CARRY_LONG,4,11,NORMAL_VAR_UP,OTD_UP,NORMAL_VAR_UP,2025-06-26,82734.7,148.22,0.1792,True,1.1775,True,0.4399,1.3022,-0.0986,0.63,4.12,4.56,-0.35
2025-06-26,CARRY_LONG,4,13,NORMAL_VAR_UP,OD_UP,NORMAL_VAR_UP,2025-06-27,83708.93,65.52,0.0783,True,0.386,True,0.127,0.4545,0.0759,0.27,1.35,1.59,0.27
2025-06-27,CARRY_LONG,5,12,NORMAL_VAR_UP,OD_UP,NORMAL_VAR_DN,2025-06-30,84032.02,-4.69,-0.0056,False,-0.5165,False,-0.1367,0.0803,0.6544,-0.02,-1.81,0.28,2.29
2025-06-30,CARRY_SHORT,4,12,NORMAL_VAR_DN,OTD_DN,FAILED_AUCTION,2025-07-01,83597.98,87.68,0.1049,False,0.0513,False,0.165,0.0305,0.3305,-0.37,-0.18,0.11,1.16
2025-07-08,CARRY_LONG,5,12,TREND_UP,OTD_UP,DOUBLE_DIST,2025-07-09,83708.94,-83.05,-0.0992,False,-0.2293,False,-0.0936,0.0865,0.3902,-0.35,-0.8,0.3,1.37
2025-07-10,CARRY_SHORT,3,9,NORMAL_VAR_DN,OTD_DN,TREND_DN,2025-07-11,83152.18,-331.42,-0.3986,True,-0.8353,True,-0.2837,0.8538,-0.134,1.39,2.92,2.99,-0.47
2025-07-11,CARRY_SHORT,5,14,TREND_DN,OD_DN,NORMAL_VAR_DN,2025-07-14,82457.61,80.26,0.0973,False,-0.25,True,-0.1625,0.5424,0.0973,-0.34,0.87,1.9,0.34
2025-07-14,CARRY_SHORT,3,4,NORMAL_VAR_DN,OA,TREND_UP,2025-07-15,82251.49,-18.33,-0.0223,True,0.4437,False,0.1101,0.0362,0.5983,0.08,-1.55,0.13,2.09
2025-07-15,CARRY_LONG,4,12,TREND_UP,OTD_UP,DOUBLE_DIST,2025-07-16,82616.43,-81.77,-0.099,False,0.009,True,-0.137,0.2037,0.331,-0.35,0.03,0.71,1.16
2025-07-17,CARRY_SHORT,4,10,NORMAL_VAR_DN,ORR_DN,NORMAL_VAR_DN,2025-07-18,82271.45,-77.83,-0.0946,True,-0.6459,True,-0.1963,0.8063,0.0769,0.33,2.26,2.82,0.27
2025-07-18,CARRY_SHORT,4,13,NORMAL_VAR_DN,OD_DN,NORMAL,2025-07-21,81740.09,178.44,0.2183,False,0.6184,False,0.1175,0.2709,0.6532,-0.76,-2.16,0.95,2.29
2025-07-21,CARRY_LONG,3,9,NORMAL,OD_UP,NORMAL_VAR_DN,2025-07-22,82245.56,281.87,0.3427,True,-0.0797,False,0.1779,0.3558,0.1641,1.2,-0.28,1.25,0.57
2025-07-22,CARRY_SHORT,3,8,NORMAL_VAR_DN,ORR_DN,TREND_UP,2025-07-23,82180.05,271.82,0.3308,False,0.6091,False,0.2404,-0.1213,0.7379,-1.16,-2.13,-0.42,2.58
2025-07-23,CARRY_LONG,5,17,TREND_UP,OD_UP,TREND_DN,2025-07-24,82680.58,99.37,0.1202,True,-0.6449,False,-0.0729,0.1254,0.766,0.42,-2.26,0.44,2.68
2025-07-24,CARRY_SHORT,4,10,TREND_DN,ORR_DN,NORMAL_VAR_DN,2025-07-25,82147.36,-81.6,-0.0993,True,-0.8466,True,-0.3065,0.9126,-0.0948,0.35,2.96,3.19,-0.33
2025-07-25,CARRY_SHORT,5,10,NORMAL_VAR_DN,OTD_DN,DOUBLE_DIST,2025-07-28,81451.94,-151.97,-0.1866,True,-0.7161,True,-0.204,0.8293,0.1295,0.65,2.51,2.9,0.45
2025-07-28,CARRY_SHORT,3,5,DOUBLE_DIST,OTHER,TREND_UP,2025-07-29,80868.66,-248.41,-0.3072,True,0.5371,False,-0.1058,0.3626,0.694,1.08,-1.88,1.27,2.43
2025-07-29,CARRY_LONG,3,15,TREND_UP,ORR_UP,NORMAL_VAR_DN,2025-07-30,81303.0,291.52,0.3586,True,0.1985,True,0.1969,0.3886,0.1426,1.25,0.69,1.36,0.5
2025-07-30,CARRY_SHORT,3,10,NORMAL_VAR_DN,OTHER,NORMAL_VAR_UP,2025-07-31,81464.4,-768.9,-0.9438,True,-0.3267,True,-0.726,0.9443,0.416,3.3,1.14,3.3,1.46
2025-08-04,CARRY_LONG,4,12,NORMAL_VAR_UP,OTD_UP,FAILED_AUCTION,2025-08-05,81042.94,-96.51,-0.1191,False,-0.375,False,-0.3186,-0.04,0.6028,-0.42,-1.31,-0.14,2.11
2025-08-05,CARRY_SHORT,3,5,FAILED_AUCTION,OA,NORMAL_VAR_DN,2025-08-06,80739.04,-44.06,-0.0546,True,-0.2293,True,-0.0611,0.3595,0.1181,0.19,0.8,1.26,0.41
2025-08-06,CARRY_SHORT,4,12,NORMAL_VAR_DN,OTD_DN,DOUBLE_DIST,2025-08-07,80553.92,-290.94,-0.3612,True,0.1915,False,-0.2988,0.9219,0.228,1.26,-0.67,3.23,0.8
2025-08-08,CARRY_SHORT,4,13,NORMAL_VAR_DN,ORR_DN,TREND_UP,2025-08-11,79837.24,48.12,0.0603,False,0.8479,False,0.0986,0.0811,1.0005,-0.21,-2.97,0.28,3.5
2025-08-11,CARRY_LONG,4,13,TREND_UP,ORR_UP,NORMAL_VAR_DN,2025-08-12,80514.19,-5.68,-0.0071,False,-0.3056,False,0.2282,0.6005,0.4345,-0.02,-1.07,2.1,1.52
2025-08-12,CARRY_SHORT,3,7,NORMAL_VAR_DN,ORR_DN,DOUBLE_DIST,2025-08-13,80268.14,224.03,0.2791,False,0.3885,False,0.2226,-0.0634,0.5178,-0.98,-1.36,-0.22,1.81
2025-08-18,CARRY_SHORT,3,11,NORMAL_VAR_DN,ORR_DN,TREND_UP,2025-08-19,81298.52,20.59,0.0253,False,0.5024,False,0.1419,-0.0208,0.5626,-0.09,-1.76,-0.07,1.97
2025-08-19,CARRY_LONG,5,14,TREND_UP,ORR_UP,NORMAL_VAR_UP,2025-08-20,81706.98,-35.51,-0.0435,False,0.1517,True,-0.1261,0.341,0.2601,-0.15,0.53,1.19,0.91
2025-08-20,CARRY_LONG,4,10,NORMAL_VAR_UP,OA,NORMAL,2025-08-21,81830.96,389.5,0.476,True,0.1837,True,0.2997,0.4891,-0.1103,1.67,0.64,1.71,-0.39
2025-08-22,CARRY_SHORT,4,15,NORMAL_VAR_DN,OD_DN,DOUBLE_DIST,2025-08-25,81329.54,171.52,0.2109,False,0.415,False,0.2258,-0.0434,0.5773,-0.74,-1.45,-0.15,2.02
2025-08-26,CARRY_SHORT,4,12,NORMAL_VAR_DN,OD_DN,FAILED_AUCTION,2025-08-28,80820.08,-65.42,-0.0809,True,-0.7618,True,-0.4769,0.9986,-0.0549,0.28,2.67,3.5,-0.19
2025-08-28,CARRY_SHORT,4,8,FAILED_AUCTION,OD_DN,DOUBLE_DIST,2025-08-29,80204.43,-193.6,-0.2414,True,-0.4139,True,-0.1163,0.5769,0.1325,0.84,1.45,2.02,0.46
2025-08-29,CARRY_SHORT,4,10,DOUBLE_DIST,OTHER,NORMAL_VAR_UP,2025-09-01,79872.45,-43.46,-0.0544,True,0.6313,False,0.192,0.0677,0.6691,0.19,-2.21,0.24,2.34
2025-09-01,CARRY_LONG,3,7,NORMAL_VAR_UP,ORR_UP,DOUBLE_DIST,2025-09-02,80376.71,143.38,0.1784,True,-0.2616,False,0.2554,0.4783,0.4581,0.62,-0.92,1.67,1.6
2025-09-03,CARRY_LONG,4,12,TREND_UP,OTD_UP,NORMAL_VAR_DN,2025-09-04,80546.89,909.78,1.1295,True,0.2489,True,0.8297,1.1295,-0.077,3.95,0.87,3.95,-0.27
2025-09-04,CARRY_SHORT,4,10,NORMAL_VAR_DN,ORR_DN,NORMAL_VAR_DN,2025-09-05,80747.36,265.06,0.3283,False,-0.0027,True,0.0167,0.5278,0.3582,-1.15,0.01,1.85,1.25
2025-09-09,CARRY_LONG,3,5,FAILED_AUCTION,ORR_DN,DOUBLE_DIST,2025-09-10,81107.04,397.32,0.4899,True,0.3987,True,0.4558,0.6619,-0.1583,1.71,1.4,2.32,-0.55
2025-09-11,CARRY_LONG,5,10,FAILED_AUCTION,ORR_UP,NORMAL_VAR_UP,2025-09-12,81532.17,226.78,0.2781,True,0.4488,True,0.2537,0.565,-0.1339,0.97,1.57,1.98,-0.47
2025-09-12,CARRY_LONG,5,15,NORMAL_VAR_UP,OD_UP,NORMAL_VAR_DN,2025-09-15,81898.09,27.42,0.0335,True,-0.1017,False,0.0148,0.1226,0.1873,0.12,-0.36,0.43,0.66
2025-09-15,CARRY_SHORT,3,12,NORMAL_VAR_DN,OTD_DN,NORMAL_VAR_UP,2025-09-16,81814.76,37.35,0.0457,False,0.7429,False,0.1948,0.0426,0.7685,-0.16,-2.6,0.15,2.69
2025-09-16,CARRY_LONG,4,14,NORMAL_VAR_UP,OTD_UP,FAILED_AUCTION,2025-09-17,82422.56,83.84,0.1017,True,0.351,True,0.2221,0.3875,-0.0824,0.36,1.23,1.36,-0.29
2025-09-17,CARRY_LONG,5,13,FAILED_AUCTION,OD_UP,NORMAL_VAR_DN,2025-09-18,82711.86,397.06,0.4801,True,0.3637,True,0.3858,0.5191,0.0084,1.68,1.27,1.82,0.03
2025-09-18,CARRY_LONG,4,11,NORMAL_VAR_DN,OTHER,NORMAL_VAR_DN,2025-09-19,83012.68,-66.64,-0.0803,False,-0.3716,False,-0.2839,-0.041,0.6346,-0.28,-1.3,-0.14,2.22
2025-09-22,CARRY_SHORT,4,11,NORMAL_VAR_DN,OD_DN,FAILED_AUCTION,2025-09-23,82188.55,-41.18,-0.0501,True,-0.0451,True,-0.1145,0.5013,0.2212,0.18,0.16,1.75,0.77
2025-09-24,CARRY_SHORT,4,14,NORMAL_VAR_DN,OD_DN,TREND_DN,2025-09-25,81739.93,-165.62,-0.2026,True,-0.6667,True,-0.0898,0.7916,0.1233,0.71,2.33,2.77,0.43
2025-09-25,CARRY_SHORT,5,18,TREND_DN,OD_DN,TREND_DN,2025-09-26,81194.99,-238.98,-0.2943,True,-0.8638,True,-0.3994,1.0624,-0.1994,1.03,3.02,3.72,-0.7
2025-09-26,CARRY_SHORT,5,18,TREND_DN,OD_DN,DOUBLE_DIST,2025-09-29,80493.62,95.15,0.1182,False,0.0625,False,0.1426,0.3041,0.4445,-0.41,-0.22,1.06,1.56
2025-09-30,CARRY_SHORT,3,9,NORMAL_VAR_DN,OA,TREND_UP,2025-10-01,80350.31,-177.07,-0.2204,True,0.8515,False,-0.0095,0.237,0.8937,0.77,-2.98,0.83,3.13
2025-10-01,CARRY_LONG,3,15,TREND_UP,ORR_UP,NORMAL_VAR_UP,2025-10-03,81034.47,-350.33,-0.4323,False,0.2004,True,-0.2473,0.2684,0.475,-1.51,0.7,0.94,1.66
2025-10-03,CARRY_LONG,3,13,NORMAL_VAR_UP,OTD_UP,TREND_UP,2025-10-06,81196.9,77.89,0.0959,True,0.7236,True,0.1439,0.7999,0.0505,0.34,2.53,2.8,0.18
2025-10-06,CARRY_LONG,4,13,TREND_UP,OD_UP,NORMAL_VAR_UP,2025-10-07,81784.48,99.47,0.1216,True,0.2048,True,0.2631,0.642,-0.0037,0.43,0.72,2.25,-0.01
2025-10-07,CARRY_LONG,3,8,NORMAL_VAR_UP,ORR_DN,NORMAL_VAR_DN,2025-10-08,81951.98,-52.47,-0.064,False,-0.2169,False,0.1243,0.3731,0.3733,-0.22,-0.76,1.31,1.31
2025-10-08,CARRY_SHORT,4,13,NORMAL_VAR_DN,OD_DN,NORMAL_VAR_UP,2025-10-09,81774.23,125.77,0.1538,False,0.4211,False,0.0786,0.1303,0.579,-0.54,-1.47,0.46,2.03
2025-10-09,CARRY_LONG,4,12,NORMAL_VAR_UP,OTD_UP,NORMAL_VAR_UP,2025-10-10,82118.6,-43.15,-0.0525,False,0.429,True,0.2359,0.6521,0.0556,-0.18,1.5,2.28,0.19
2025-10-10,CARRY_LONG,3,9,NORMAL_VAR_UP,OA,NORMAL_VAR_UP,2025-10-13,82470.9,-421.74,-0.5114,False,-0.1544,False,-0.3451,-0.0393,0.5187,-1.79,-0.54,-0.14,1.82
2025-10-13,CARRY_LONG,3,9,NORMAL_VAR_UP,ORR_UP,NORMAL_VAR_DN,2025-10-14,82343.59,60.95,0.074,True,-0.4675,False,-0.0038,0.2791,0.6825,0.26,-1.64,0.98,2.39
2025-10-14,CARRY_SHORT,3,8,NORMAL_VAR_DN,ORR_DN,NORMAL_VAR_UP,2025-10-15,81958.63,238.62,0.2911,False,0.8131,False,0.3536,-0.1534,0.9375,-1.02,-2.85,-0.54,3.28
2025-10-15,CARRY_LONG,4,13,NORMAL_VAR_UP,OTD_UP,TREND_UP,2025-10-16,82625.05,169.74,0.2054,True,0.9202,True,0.365,1.1987,-0.2013,0.72,3.22,4.2,-0.7
2025-10-16,CARRY_LONG,5,16,TREND_UP,OD_UP,NORMAL_VAR_UP,2025-10-17,83385.4,-53.62,-0.0643,False,0.6702,True,0.1492,0.9436,0.215,-0.23,2.35,3.3,0.75
2025-10-17,CARRY_LONG,5,12,NORMAL_VAR_UP,OTD_UP,FAILED_AUCTION,2025-10-20,83944.29,325.01,0.3872,True,0.5163,True,0.6002,0.8485,-0.3008,1.36,1.81,2.97,-1.05
2025-10-20,CARRY_LONG,3,10,FAILED_AUCTION,ORR_DN,DOUBLE_DIST,2025-10-23,84377.72,776.43,0.9202,True,0.1172,True,0.8207,1.0813,-0.08,3.22,0.41,3.78,-0.28
2025-10-23,CARRY_LONG,3,12,DOUBLE_DIST,ORR_DN,NORMAL_VAR_DN,2025-10-24,84476.58,190.65,0.2257,True,-0.2847,False,0.0867,0.2733,0.6149,0.79,-1.0,0.96,2.15
2025-10-27,CARRY_LONG,4,13,NORMAL_VAR_UP,OTD_UP,NORMAL_VAR_DN,2025-10-28,84808.94,-183.23,-0.2161,False,-0.1143,False,-0.0932,0.2099,0.6952,-0.76,-0.4,0.73,2.43
2025-10-29,CARRY_LONG,4,10,NORMAL_VAR_UP,OTD_UP,NORMAL_VAR_DN,2025-10-30,85036.51,-285.61,-0.3359,False,-0.6681,False,-0.411,-0.1524,0.8512,-1.18,-2.34,-0.53,2.98
2025-10-30,CARRY_SHORT,4,10,NORMAL_VAR_DN,OD_DN,NORMAL_VAR_DN,2025-10-31,84468.4,-88.61,-0.1049,True,-0.6076,True,0.0207,0.6662,0.2893,0.37,2.13,2.33,1.01
2025-10-31,CARRY_SHORT,5,11,NORMAL_VAR_DN,OD_DN,NORMAL_VAR_UP,2025-11-03,83955.14,-120.04,-0.143,True,0.0619,False,-0.1753,0.4116,0.2047,0.5,-0.22,1.44,0.72
2025-11-03,CARRY_LONG,3,11,NORMAL_VAR_UP,ORR_UP,TREND_DN,2025-11-04,84007.07,-6.43,-0.0077,False,-0.661,False,-0.1155,0.0725,0.7074,-0.03,-2.31,0.25,2.48
2025-11-04,CARRY_SHORT,5,16,TREND_DN,OTD_DN,NORMAL_VAR_DN,2025-11-06,83451.75,64.94,0.0778,False,-0.0997,True,0.195,0.2566,0.4728,-0.27,0.35,0.9,1.65
2025-11-06,CARRY_SHORT,5,14,NORMAL_VAR_DN,OD_DN,NORMAL_VAR_UP,2025-11-07,83368.55,-218.4,-0.262,True,-0.1375,True,-0.5494,0.8368,0.0259,0.92,0.48,2.93,0.09
2025-11-07,CARRY_LONG,3,13,NORMAL_VAR_UP,ORR_UP,NORMAL_VAR_UP,2025-11-10,83253.92,-55.72,-0.0669,False,0.3137,True,0.1458,0.6013,0.0676,-0.23,1.1,2.1,0.24
2025-11-13,CARRY_LONG,3,8,NORMAL_VAR_UP,OA,DOUBLE_DIST,2025-11-14,84477.02,-416.88,-0.4935,False,0.2095,True,-0.2642,0.2614,0.53,-1.73,0.73,0.92,1.85
2025-11-17,CARRY_LONG,4,13,NORMAL_VAR_UP,OD_UP,FAILED_AUCTION,2025-11-18,84920.41,121.96,0.1436,True,-0.3467,False,-0.138,0.1437,0.4263,0.5,-1.21,0.5,1.49
2025-11-19,CARRY_LONG,4,12,TREND_UP,ORR_UP,TREND_UP,2025-11-20,85160.45,310.47,0.3646,True,0.5614,True,0.2062,0.753,-0.0479,1.28,1.96,2.64,-0.17
2025-11-20,CARRY_LONG,5,15,TREND_UP,OD_UP,NORMAL_VAR_DN,2025-11-21,85638.5,-291.1,-0.3399,False,-0.4937,False,-0.2209,-0.034,0.5262,-1.19,-1.73,-0.12,1.84
2025-11-21,CARRY_SHORT,4,13,NORMAL_VAR_DN,OD_DN,DOUBLE_DIST,2025-11-24,85215.74,104.3,0.1224,False,-0.5087,True,0.1342,0.5934,0.3024,-0.43,1.78,2.08,1.06
2025-11-25,CARRY_SHORT,5,12,NORMAL_VAR_DN,OD_DN,NORMAL_VAR_UP,2025-11-26,84542.46,-39.02,-0.0462,True,1.2483,False,0.39,0.0761,1.3032,0.16,-4.37,0.27,4.56
2025-11-26,CARRY_LONG,3,7,NORMAL_VAR_UP,ORR_UP,DOUBLE_DIST,2025-11-27,85597.84,147.21,0.172,True,0.2068,True,0.2785,0.5351,0.1449,0.6,0.72,1.87,0.51
2025-12-01,CARRY_SHORT,4,12,TREND_DN,ORR_DN,NORMAL_VAR_DN,2025-12-02,85636.29,-310.78,-0.3629,True,-0.4703,True,-0.2735,0.6811,-0.0967,1.27,1.65,2.38,-0.34
2025-12-05,CARRY_LONG,5,10,NORMAL_VAR_UP,OTD_UP,TREND_DN,2025-12-08,85698.74,-73.9,-0.0862,False,-0.8268,False,-0.1835,0.0283,0.9605,-0.3,-2.89,0.1,3.36
2025-12-08,CARRY_SHORT,4,12,TREND_DN,OTD_DN,FAILED_AUCTION,2025-12-09,84990.2,-247.33,-0.291,True,-0.3568,True,-0.4164,0.7145,-0.0498,1.02,1.25,2.5,-0.17
2025-12-11,CARRY_LONG,4,10,NORMAL_VAR_UP,OTD_UP,FAILED_AUCTION,2025-12-12,84791.9,259.13,0.3056,True,0.557,True,0.4309,0.6238,-0.1944,1.07,1.95,2.18,-0.68
2025-12-15,CARRY_LONG,3,8,NORMAL_VAR_UP,ORR_UP,NORMAL_VAR_DN,2025-12-16,85193.08,-167.47,-0.1966,False,-0.641,False,-0.3577,-0.1563,0.672,-0.69,-2.24,-0.55,2.35
2025-12-16,CARRY_SHORT,4,9,NORMAL_VAR_DN,OTD_DN,NORMAL_VAR_DN,2025-12-17,84647.03,209.23,0.2472,False,-0.0765,True,0.0977,0.273,0.2864,-0.87,0.27,0.96,1.0
2025-12-17,CARRY_SHORT,3,9,NORMAL_VAR_DN,ORR_DN,NORMAL_VAR_UP,2025-12-18,84582.28,-63.95,-0.0756,True,-0.1245,True,-0.2102,0.4065,0.234,0.26,0.44,1.42,0.82
2025-12-22,CARRY_LONG,5,11,NORMAL_VAR_UP,OD_UP,NORMAL,2025-12-23,85544.81,145.29,0.1698,True,-0.0528,False,-0.0244,0.1872,0.2359,0.59,-0.18,0.66,0.83
2025-12-26,CARRY_SHORT,3,12,NORMAL_VAR_DN,OD_DN,TREND_DN,2025-12-29,85081.12,-76.37,-0.0898,True,-0.4389,True,0.0369,0.521,0.1985,0.31,1.54,1.82,0.69
2025-12-29,CARRY_SHORT,5,12,TREND_DN,OTD_DN,NORMAL_VAR_UP,2025-12-30,84707.68,-106.69,-0.126,True,0.1127,False,-0.1388,0.2795,0.1147,0.44,-0.39,0.98,0.4
2026-01-01,CARRY_SHORT,4,12,NORMAL_VAR_DN,OTD_DN,NORMAL_VAR_UP,2026-01-02,85172.11,87.25,0.1024,False,0.7493,False,0.1938,0.1212,0.7493,-0.36,-2.62,0.42,2.62
2026-01-02,CARRY_LONG,3,9,NORMAL_VAR_UP,OTD_UP,DOUBLE_DIST,2026-01-05,85810.29,-170.24,-0.1984,False,-0.4378,False,-0.1765,0.0853,0.5768,-0.69,-1.53,0.3,2.02
2026-01-06,CARRY_SHORT,4,11,NORMAL_VAR_DN,OD_DN,FAILED_AUCTION,2026-01-07,85027.58,-407.18,-0.4789,True,-0.07,True,-0.2342,0.4823,0.0569,1.68,0.25,1.69,0.2
2026-01-08,CARRY_SHORT,5,14,TREND_DN,OTD_DN,TREND_DN,2026-01-09,84162.02,-139.93,-0.1663,True,-0.6218,True,0.0604,0.9027,0.2902,0.58,2.18,3.16,1.02
2026-01-09,CARRY_SHORT,5,18,TREND_DN,OD_DN,DOUBLE_DIST,2026-01-12,83638.66,-203.35,-0.2431,True,0.3858,False,-0.3685,0.9297,0.387,0.85,-1.35,3.25,1.35
2026-01-12,CARRY_SHORT,3,11,DOUBLE_DIST,ORR_UP,NORMAL_VAR_DN,2026-01-13,83961.3,118.02,0.1406,False,-0.4197,True,-0.0512,0.8319,0.3534,-0.49,1.47,2.91,1.24
2026-01-13,CARRY_SHORT,3,10,NORMAL_VAR_DN,ORR_DN,FAILED_AUCTION,2026-01-14,83608.88,-250.34,-0.2994,True,-0.2895,True,-0.1278,0.5067,0.2405,1.05,1.01,1.77,0.84
2026-01-20,CARRY_SHORT,5,13,TREND_DN,OTD_DN,DOUBLE_DIST,2026-01-21,82153.74,-359.09,-0.4371,True,-0.2857,True,-0.1412,1.2529,0.3083,1.53,1.0,4.39,1.08
2026-01-21,CARRY_SHORT,3,11,DOUBLE_DIST,ORR_UP,NORMAL_VAR_DN,2026-01-22,81919.06,540.6,0.6599,False,0.5499,False,0.8111,0.0545,1.0548,-2.31,-1.92,0.19,3.69
2026-01-23,CARRY_SHORT,4,15,TREND_DN,OTD_DN,NORMAL_VAR_UP,2026-01-27,81575.99,-139.2,-0.1706,True,0.5839,False,-0.134,0.5975,0.6239,0.6,-2.04,2.09,2.18
2026-01-29,CARRY_LONG,3,9,NORMAL_VAR_UP,OTD_UP,NORMAL_VAR_UP,2026-01-30,82532.41,-585.1,-0.7089,False,-0.3287,False,-0.5156,-0.1231,0.7165,-2.48,-1.15,-0.43,2.51
2026-02-05,CARRY_SHORT,3,8,NORMAL_VAR_DN,OTD_DN,DOUBLE_DIST,2026-02-06,83311.38,-62.06,-0.0745,True,0.2637,False,-0.2076,0.4634,0.361,0.26,-0.92,1.62,1.26
2026-02-10,CARRY_LONG,3,6,NORMAL_VAR_UP,ORR_DN,FAILED_AUCTION,2026-02-11,84225.38,113.77,0.1351,True,-0.0325,False,0.1086,0.311,0.1711,0.47,-0.11,1.09,0.6
2026-02-11,CARRY_SHORT,3,7,FAILED_AUCTION,OTD_DN,TREND_DN,2026-02-12,84197.97,-229.54,-0.2726,True,-0.6857,True,-0.3199,0.8092,-0.1619,0.95,2.4,2.83,-0.57
2026-02-12,CARRY_SHORT,5,14,TREND_DN,OD_DN,NORMAL_VAR_DN,2026-02-13,83620.64,-717.91,-0.8585,True,-1.231,True,-0.8192,1.2988,-0.6469,3.0,4.31,4.55,-2.26
2026-02-13,CARRY_SHORT,5,13,NORMAL_VAR_DN,OD_DN,NORMAL_VAR_UP,2026-02-16,82591.27,-110.87,-0.1342,True,0.8514,False,-0.0126,0.3806,0.8987,0.47,-2.98,1.33,3.15
2026-02-16,CARRY_LONG,3,10,NORMAL_VAR_UP,ORR_UP,NORMAL_VAR_UP,2026-02-17,83294.49,-96.82,-0.1162,False,0.1676,True,-0.1442,0.3644,0.3686,-0.41,0.59,1.28,1.29
2026-02-17,CARRY_LONG,3,12,NORMAL_VAR_UP,OD_UP,FAILED_AUCTION,2026-02-18,83434.1,119.49,0.1432,True,0.3079,True,-0.0492,0.4027,0.3242,0.5,1.08,1.41,1.13
2026-02-19,CARRY_SHORT,4,12,TREND_DN,ORR_DN,NORMAL_VAR_UP,2026-02-20,82348.18,-75.69,-0.0919,True,0.5424,False,0.1093,0.1724,0.9519,0.32,-1.9,0.6,3.33
2026-02-27,CARRY_SHORT,5,12,TREND_DN,OTD_DN,NORMAL,2026-03-02,81316.53,-2772.8,-3.4099,True,-1.3785,True,-2.1255,3.4099,-0.8411,11.93,4.82,11.93,-2.94
2026-03-04,CARRY_SHORT,3,13,NORMAL_VAR_UP,ORR_UP,DOUBLE_DIST,2026-03-05,79120.74,409.74,0.5179,False,1.0192,False,0.4121,-0.1023,1.4953,-1.81,-3.57,-0.36,5.23
2026-03-06,CARRY_SHORT,4,16,TREND_DN,OTD_DN,NORMAL_VAR_UP,2026-03-09,78988.3,-1931.55,-2.4454,True,-1.8716,True,-2.6701,3.2457,-1.6166,8.56,6.55,11.36,-5.66
2026-03-09,CARRY_LONG,3,11,NORMAL_VAR_UP,ORR_UP,NORMAL,2026-03-10,77509.95,865.78,1.117,True,1.0104,True,0.8075,1.3112,-0.3039,3.91,3.54,4.59,-1.06
2026-03-11,CARRY_SHORT,4,12,TREND_DN,OTD_DN,NORMAL_VAR_UP,2026-03-12,76797.55,-427.9,-0.5572,True,-0.939,True,-0.8817,1.2062,-0.1508,1.95,3.29,4.22,-0.53
2026-03-12,CARRY_SHORT,4,10,NORMAL_VAR_UP,OTHER,TREND_DN,2026-03-13,76076.41,-632.19,-0.831,True,-1.8794,True,-0.9811,2.1318,-0.6575,2.91,6.58,7.46,-2.3
2026-03-13,CARRY_SHORT,5,19,TREND_DN,OD_DN,DOUBLE_DIST,2026-03-16,74646.63,-230.84,-0.3092,True,0.8846,False,0.05,0.9336,1.5522,1.08,-3.1,3.27,5.43
2026-03-16,CARRY_SHORT,3,11,DOUBLE_DIST,ORR_UP,NORMAL_VAR_UP,2026-03-17,75306.97,519.71,0.6901,False,0.9287,False,0.3869,-0.0236,1.3243,-2.42,-3.25,-0.08,4.64
2026-03-17,CARRY_LONG,3,16,NORMAL_VAR_UP,OD_UP,NORMAL_VAR_UP,2026-03-18,76006.31,361.24,0.4753,True,0.8841,True,0.5162,1.3077,-0.2389,1.66,3.09,4.58,-0.84
2026-03-18,CARRY_LONG,3,7,NORMAL_VAR_UP,OTHER,NORMAL_VAR_DN,2026-03-19,76678.3,-1927.38,-2.5136,False,-2.8353,False,-2.1629,-1.7269,3.5569,-8.8,-9.92,-6.04,12.45
2026-03-23,CARRY_SHORT,4,12,NORMAL_VAR_DN,OD_DN,FAILED_AUCTION,2026-03-24,72619.69,1592.78,2.1933,False,2.2113,False,1.5392,-0.64,2.5746,-7.68,-7.74,-2.24,9.01
2026-03-25,CARRY_LONG,3,8,NORMAL_VAR_UP,ORR_DN,NORMAL_VAR_DN,2026-03-27,75285.16,-401.37,-0.5331,False,-2.1532,False,-0.9805,-0.5051,2.3255,-1.87,-7.54,-1.77,8.14
2026-03-27,CARRY_SHORT,4,13,NORMAL_VAR_DN,OD_DN,NORMAL_VAR_DN,2026-03-30,73664.15,-1098.93,-1.4918,True,-2.1231,True,-1.2021,2.5657,-0.6772,5.22,7.43,8.98,-2.37
2026-03-30,CARRY_SHORT,5,13,NORMAL_VAR_DN,OD_DN,TREND_DN,2026-04-01,72100.15,1662.28,2.3055,False,1.5886,False,2.296,-1.2088,2.5859,-8.07,-5.56,-4.23,9.05
2026-04-01,CARRY_SHORT,4,11,TREND_DN,ORR_DN,TREND_UP,2026-04-02,73245.56,-983.51,-1.3428,True,0.0953,False,-1.8317,2.3206,0.441,4.7,-0.33,8.12,1.54
