alloc,blended_return,entry_price,entry_time,exit_price,exit_reason,exit_time,expiry,ibr_target,module,month,opening_type,option_type,poc_reversion,series_id,signal_date,spot_at_signal
0.1,20.0,174.5,2025-12-01 15:30:00+05:30,209.4,gap_exit,2025-12-02 09:15:00+05:30,2025-12-04,,A_pe_carry,2025-12,,PE,,SENSEX|weekly|2025-12-04,2025-12-01,85636.29
0.1,0.0,43.2,2025-12-29 15:30:00+05:30,43.2,gap_exit,2025-12-30 09:15:00+05:30,2026-01-01,,A_pe_carry,2025-12,,PE,,SENSEX|weekly|2026-01-01,2025-12-29,84707.68
0.1,22.9361,557.2,2025-07-24 15:30:00+05:30,685.0,gap_exit,2025-07-25 09:15:00+05:30,2025-08-05,,A_pe_carry,2025-07,,PE,,SENSEX|weekly|2025-08-05,2025-07-24,82147.36
0.1,1.0477,1073.75,2025-07-11 15:30:00+05:30,1085.0,gap_exit,2025-07-14 09:15:00+05:30,2025-07-15,,A_pe_carry,2025-07,,PE,,SENSEX|weekly|2025-07-15,2025-07-11,82457.61
0.1,15.2074,1182.65,2026-01-09 15:30:00+05:30,1362.5,gap_exit,2026-01-12 09:15:00+05:30,2026-01-14,,A_pe_carry,2026-01,,PE,,SENSEX|weekly|2026-01-14,2026-01-09,83638.66
0.1,-9.4229,1314.35,2026-01-23 15:30:00+05:30,1190.5,gap_exit,2026-01-27 09:15:00+05:30,2026-02-05,,A_pe_carry,2026-01,,PE,,SENSEX|weekly|2026-02-05,2026-01-23,81575.99
0.1,-11.2007,2102.55,2025-09-26 15:30:00+05:30,1867.05,gap_exit,2025-09-29 09:20:00+05:30,2025-10-01,,A_pe_carry,2025-09,,PE,,SENSEX|weekly|2025-10-01,2025-09-26,80493.62
0.1,-11.2163,1013.7,2025-05-08 15:30:00+05:30,900.0,gap_exit,2025-05-09 09:15:00+05:30,2025-05-13,,A_pe_carry,2025-05,,PE,,SENSEX|weekly|2025-05-13,2025-05-08,80003.84
0.1,100.2469,344.3,2025-06-12 15:30:00+05:30,689.45,gap_exit,2025-06-13 09:15:00+05:30,2025-06-17,,A_pe_carry,2025-06,,PE,,SENSEX|weekly|2025-06-17,2025-06-12,81646.79
0.1,4.082,1537.25,2025-11-04 15:30:00+05:30,1600.0,gap_exit,2025-11-06 09:15:00+05:30,2025-11-06,,A_pe_carry,2025-11,,PE,,SENSEX|weekly|2025-11-06,2025-11-04,83451.75
0.1,24.3402,630.85,2025-12-08 15:30:00+05:30,784.4,gap_exit,2025-12-09 09:15:00+05:30,2025-12-11,,A_pe_carry,2025-12,,PE,,SENSEX|weekly|2025-12-11,2025-12-08,84990.2
0.1,26.9919,1220.55,2025-09-25 15:30:00+05:30,1550.0,gap_exit,2025-09-26 09:15:00+05:30,2025-10-01,,A_pe_carry,2025-09,,PE,,SENSEX|weekly|2025-10-01,2025-09-25,81194.99
0.1,-0.7634,2620.0,2026-01-20 15:30:00+05:30,2600.0,gap_exit,2026-01-21 09:25:00+05:30,2026-01-22,,A_pe_carry,2026-01,,PE,,SENSEX|weekly|2026-01-22,2026-01-20,82153.74
0.2,-99.3464,7.65,2025-04-08 09:40:00+05:30,,hold_to_end,2025-04-08 15:30:00+05:30,2025-04-08,156.1,B_intraday_expansion,2025-04,OD_UP,CE,False,SENSEX|weekly|2025-04-08,2025-04-08,74282.83
0.2,11.5169,276.55,2025-04-11 09:40:00+05:30,,hold_to_end,2025-04-11 15:30:00+05:30,2025-04-15,176.7,B_intraday_expansion,2025-04,OD_UP,CE,False,SENSEX|weekly|2025-04-15,2025-04-11,75226.24
0.35,6.0311,5140.0,2025-04-21 10:00:00+05:30,,hold_to_end,2025-04-21 15:30:00+05:30,2025-04-22,18.8,B_intraday_expansion,2025-04,OD_UP,CE,True,SENSEX|weekly|2025-04-22,2025-04-21,79116.94
0.35,68.6354,864.75,2025-04-25 09:40:00+05:30,,trail_stop,2025-04-25 13:00:00+05:30,2025-05-06,162.9,B_intraday_expansion,2025-04,OTD_DN,PE,True,SENSEX|weekly|2025-05-06,2025-04-25,79707.5
0.2,-48.8557,1317.35,2025-05-02 09:40:00+05:30,,hold_to_end,2025-05-02 15:30:00+05:30,2025-05-06,161.8,B_intraday_expansion,2025-05,OTD_UP,CE,False,SENSEX|weekly|2025-05-06,2025-05-02,80969.23
0.35,102.3735,874.25,2025-05-12 09:40:00+05:30,,hold_to_end,2025-05-12 15:30:00+05:30,2025-05-13,687.0,B_intraday_expansion,2025-05,OD_UP,CE,True,SENSEX|weekly|2025-05-13,2025-05-12,81398.19
0.2,-68.8771,386.05,2025-05-15 09:40:00+05:30,,hold_to_end,2025-05-15 15:30:00+05:30,2025-05-20,129.9,B_intraday_expansion,2025-05,OTD_DN,PE,False,SENSEX|weekly|2025-05-20,2025-05-15,80808.93
0.35,-6.4721,1428.45,2025-05-22 09:45:00+05:30,,hold_to_end,2025-05-22 15:30:00+05:30,2025-06-03,46.1,B_intraday_expansion,2025-05,OD_DN,PE,True,SENSEX|weekly|2025-06-03,2025-05-22,80801.37
0.35,29.1496,611.5,2025-05-23 09:40:00+05:30,,hold_to_end,2025-05-23 15:30:00+05:30,2025-06-03,122.2,B_intraday_expansion,2025-05,OTD_UP,CE,True,SENSEX|weekly|2025-06-03,2025-05-23,81418.13
0.2,-3.868,1144.0,2025-05-27 09:40:00+05:30,,hold_to_end,2025-05-27 15:30:00+05:30,2025-06-03,127.8,B_intraday_expansion,2025-05,OTD_DN,PE,False,SENSEX|weekly|2025-06-03,2025-05-27,81507.08
0.2,-28.603,1336.05,2025-06-02 09:40:00+05:30,,hold_to_end,2025-06-02 15:30:00+05:30,2025-06-03,136.5,B_intraday_expansion,2025-06,OD_DN,PE,False,SENSEX|weekly|2025-06-03,2025-06-02,80780.28
0.35,90.7713,118.3,2025-06-12 09:40:00+05:30,,trail_stop,2025-06-12 13:35:00+05:30,2025-06-17,97.5,B_intraday_expansion,2025-06,OTD_DN,PE,True,SENSEX|weekly|2025-06-17,2025-06-12,82374.73
0.35,78.6231,239.3,2025-06-16 09:40:00+05:30,,trail_stop,2025-06-16 10:50:00+05:30,2025-06-17,101.5,B_intraday_expansion,2025-06,OTD_UP,CE,True,SENSEX|weekly|2025-06-17,2025-06-16,81269.15
0.35,39.0726,628.0,2025-06-20 09:45:00+05:30,,trail_stop,2025-06-20 12:35:00+05:30,2025-07-01,44.1,B_intraday_expansion,2025-06,OTD_UP,CE,True,SENSEX|weekly|2025-07-01,2025-06-20,81667.61
0.35,-26.932,1009.95,2025-06-24 09:40:00+05:30,,hold_to_end,2025-06-24 15:30:00+05:30,2025-07-01,122.9,B_intraday_expansion,2025-06,OD_UP,CE,True,SENSEX|weekly|2025-07-01,2025-06-24,82545.23
0.35,35.0242,1334.65,2025-06-26 09:40:00+05:30,,hold_to_end,2025-06-26 15:30:00+05:30,2025-07-01,81.9,B_intraday_expansion,2025-06,OD_UP,CE,True,SENSEX|weekly|2025-07-01,2025-06-26,83125.59
0.2,21.2789,832.75,2025-07-08 09:40:00+05:30,,hold_to_end,2025-07-08 15:30:00+05:30,2025-07-08,54.1,B_intraday_expansion,2025-07,OTD_UP,CE,False,SENSEX|weekly|2025-07-08,2025-07-08,83509.23
0.35,22.7451,434.6,2025-07-10 09:40:00+05:30,,hold_to_end,2025-07-10 15:30:00+05:30,2025-07-15,107.2,B_intraday_expansion,2025-07,OTD_DN,PE,True,SENSEX|weekly|2025-07-15,2025-07-10,83439.58
0.35,-9.6321,1400.0,2025-07-14 09:40:00+05:30,,hold_to_end,2025-07-14 15:30:00+05:30,2025-07-15,65.7,B_intraday_expansion,2025-07,OTD_DN,PE,True,SENSEX|weekly|2025-07-15,2025-07-14,82250.39
0.35,20.6407,1350.0,2025-07-18 09:40:00+05:30,,hold_to_end,2025-07-18 15:30:00+05:30,2025-07-22,56.5,B_intraday_expansion,2025-07,OD_DN,PE,True,SENSEX|weekly|2025-07-22,2025-07-18,81973.52
0.35,43.8825,717.8,2025-07-25 09:40:00+05:30,,hold_to_end,2025-07-25 15:30:00+05:30,2025-08-05,42.9,B_intraday_expansion,2025-07,OTD_DN,PE,True,SENSEX|weekly|2025-08-05,2025-07-25,81783.35
0.2,-15.2005,1548.3,2025-08-04 09:50:00+05:30,,hold_to_end,2025-08-04 15:30:00+05:30,2025-08-05,15.0,B_intraday_expansion,2025-08,OTD_DN,PE,False,SENSEX|weekly|2025-08-05,2025-08-04,80605.79
0.35,-1.9562,1717.6,2025-08-05 09:55:00+05:30,,hold_to_end,2025-08-05 15:30:00+05:30,2025-08-05,26.9,B_intraday_expansion,2025-08,OTD_DN,PE,True,SENSEX|weekly|2025-08-05,2025-08-05,80656.69
0.2,-19.447,1542.4,2025-08-18 09:40:00+05:30,,hold_to_end,2025-08-18 15:30:00+05:30,2025-08-19,249.3,B_intraday_expansion,2025-08,OD_UP,CE,False,SENSEX|weekly|2025-08-19,2025-08-18,81725.99
0.35,19.941,762.75,2025-08-22 09:40:00+05:30,,hold_to_end,2025-08-22 15:30:00+05:30,2025-09-04,88.7,B_intraday_expansion,2025-08,OD_DN,PE,True,SENSEX|weekly|2025-09-04,2025-08-22,81674.76
0.2,12.2608,1126.35,2025-08-26 09:40:00+05:30,,hold_to_end,2025-08-26 15:30:00+05:30,2025-09-04,126.5,B_intraday_expansion,2025-08,OD_DN,PE,False,SENSEX|weekly|2025-09-04,2025-08-26,80968.7
0.35,-8.0123,1913.3,2025-08-28 09:45:00+05:30,,hold_to_end,2025-08-28 15:30:00+05:30,2025-09-04,21.5,B_intraday_expansion,2025-08,OD_DN,PE,True,SENSEX|weekly|2025-09-04,2025-08-28,80328.13
0.35,-62.7706,11.55,2025-09-02 09:40:00+05:30,,hold_to_end,2025-09-02 15:30:00+05:30,2025-09-04,98.2,B_intraday_expansion,2025-09,OD_UP,CE,True,SENSEX|weekly|2025-09-04,2025-09-02,80592.85
0.2,-15.2233,1785.75,2025-09-03 12:50:00+05:30,,hold_to_end,2025-09-03 15:30:00+05:30,2025-09-04,15.0,B_intraday_expansion,2025-09,OTD_DN,PE,False,SENSEX|weekly|2025-09-04,2025-09-03,80053.25
0.2,-1.164,1052.45,2025-09-10 09:40:00+05:30,,hold_to_end,2025-09-10 15:30:00+05:30,2025-09-11,69.7,B_intraday_expansion,2025-09,OD_UP,CE,False,SENSEX|weekly|2025-09-11,2025-09-10,81582.23
0.35,41.4344,1029.7,2025-09-16 09:45:00+05:30,,hold_to_end,2025-09-16 15:30:00+05:30,2025-09-18,73.3,B_intraday_expansion,2025-09,OTD_UP,CE,True,SENSEX|weekly|2025-09-18,2025-09-16,82030.4
0.35,3.4925,1636.35,2025-09-17 09:45:00+05:30,,hold_to_end,2025-09-17 15:30:00+05:30,2025-09-18,15.0,B_intraday_expansion,2025-09,OD_UP,CE,True,SENSEX|weekly|2025-09-18,2025-09-17,82644.43
0.35,-14.543,402.6,2025-09-19 09:40:00+05:30,,hold_to_end,2025-09-19 15:30:00+05:30,2025-10-01,89.0,B_intraday_expansion,2025-09,OTD_DN,PE,True,SENSEX|weekly|2025-10-01,2025-09-19,82668.94
0.2,24.3091,1573.55,2025-09-26 09:40:00+05:30,,hold_to_end,2025-09-26 15:30:00+05:30,2025-10-01,15.0,B_intraday_expansion,2025-09,OD_DN,PE,False,SENSEX|weekly|2025-10-01,2025-09-26,80758.54
0.35,99.1282,235.05,2025-10-06 09:40:00+05:30,,trail_stop,2025-10-06 13:50:00+05:30,2025-10-09,78.8,B_intraday_expansion,2025-10,OD_UP,CE,True,SENSEX|weekly|2025-10-09,2025-10-06,81403.67
0.2,11.3888,1682.8,2025-10-10 09:45:00+05:30,,hold_to_end,2025-10-10 15:30:00+05:30,2025-10-16,32.3,B_intraday_expansion,2025-10,OTD_UP,CE,False,SENSEX|weekly|2025-10-16,2025-10-10,82500.32
0.35,21.3603,2085.45,2025-10-16 09:40:00+05:30,,hold_to_end,2025-10-16 15:30:00+05:30,2025-10-16,19.7,B_intraday_expansion,2025-10,OD_UP,CE,True,SENSEX|weekly|2025-10-16,2025-10-16,82984.09
0.35,12.1987,1950.0,2025-10-17 10:05:00+05:30,,hold_to_end,2025-10-17 15:30:00+05:30,2025-10-23,15.0,B_intraday_expansion,2025-10,OTD_UP,CE,True,SENSEX|weekly|2025-10-23,2025-10-17,83562.39
0.2,-5.3957,2780.0,2025-10-20 09:50:00+05:30,,hold_to_end,2025-10-20 15:30:00+05:30,2025-10-23,15.0,B_intraday_expansion,2025-10,OD_UP,CE,False,SENSEX|weekly|2025-10-23,2025-10-20,84381.66
0.2,-20.029,3445.0,2025-10-23 10:00:00+05:30,,hold_to_end,2025-10-23 15:30:00+05:30,2025-10-23,15.0,B_intraday_expansion,2025-10,OD_UP,CE,False,SENSEX|weekly|2025-10-23,2025-10-23,85196.08
0.35,35.6078,731.15,2025-10-24 09:40:00+05:30,,trail_stop,2025-10-24 15:05:00+05:30,2025-11-06,38.2,B_intraday_expansion,2025-10,OD_DN,PE,True,SENSEX|weekly|2025-11-06,2025-10-24,84527.23
0.35,11.162,654.9,2025-10-27 09:40:00+05:30,,hold_to_end,2025-10-27 15:30:00+05:30,2025-11-06,124.1,B_intraday_expansion,2025-10,OTD_UP,CE,True,SENSEX|weekly|2025-11-06,2025-10-27,84693.47
0.2,-26.2372,780.0,2025-10-28 09:40:00+05:30,,hold_to_end,2025-10-28 15:30:00+05:30,2025-11-06,51.4,B_intraday_expansion,2025-10,OTD_UP,CE,False,SENSEX|weekly|2025-11-06,2025-10-28,84939.01
0.2,-22.484,2025.0,2025-11-07 09:40:00+05:30,,hold_to_end,2025-11-07 15:30:00+05:30,2025-11-13,27.1,B_intraday_expansion,2025-11,OD_DN,PE,False,SENSEX|weekly|2025-11-13,2025-11-07,82787.41
0.35,-43.2582,1476.6,2025-11-11 09:40:00+05:30,,hold_to_end,2025-11-11 15:30:00+05:30,2025-11-13,73.7,B_intraday_expansion,2025-11,OTD_DN,PE,True,SENSEX|weekly|2025-11-13,2025-11-11,83378.88
0.35,69.5125,75.9,2025-11-12 09:40:00+05:30,,trail_stop,2025-11-12 12:55:00+05:30,2025-11-13,105.3,B_intraday_expansion,2025-11,OD_UP,CE,True,SENSEX|weekly|2025-11-13,2025-11-12,84405.68
0.35,7.5182,1261.6,2025-11-17 09:40:00+05:30,,hold_to_end,2025-11-17 15:30:00+05:30,2025-11-20,21.0,B_intraday_expansion,2025-11,OD_UP,CE,True,SENSEX|weekly|2025-11-20,2025-11-17,84797.51
0.2,18.5368,680.0,2025-11-25 09:40:00+05:30,,hold_to_end,2025-11-25 15:30:00+05:30,2025-12-04,60.9,B_intraday_expansion,2025-11,OD_DN,PE,False,SENSEX|weekly|2025-12-04,2025-11-25,84926.52
0.35,-39.474,463.85,2025-12-03 09:40:00+05:30,,hold_to_end,2025-12-03 15:30:00+05:30,2025-12-04,204.1,B_intraday_expansion,2025-12,OTD_DN,PE,True,SENSEX|weekly|2025-12-04,2025-12-03,84895.34
0.2,100.9134,84.3,2025-12-04 09:40:00+05:30,,trail_stop,2025-12-04 10:30:00+05:30,2025-12-04,137.6,B_intraday_expansion,2025-12,OTD_UP,CE,False,SENSEX|weekly|2025-12-04,2025-12-04,85246.73
0.2,-17.964,1062.4,2025-12-09 09:40:00+05:30,,hold_to_end,2025-12-09 15:30:00+05:30,2025-12-11,100.0,B_intraday_expansion,2025-12,OD_DN,PE,False,SENSEX|weekly|2025-12-11,2025-12-09,84479.34
0.2,-44.375,1408.9,2025-12-11 09:45:00+05:30,,hold_to_end,2025-12-11 15:30:00+05:30,2025-12-11,46.8,B_intraday_expansion,2025-12,OTD_DN,PE,False,SENSEX|weekly|2025-12-11,2025-12-11,84159.21
0.2,-10.0901,643.7,2025-12-12 09:40:00+05:30,,hold_to_end,2025-12-12 15:30:00+05:30,2025-12-18,79.1,B_intraday_expansion,2025-12,OD_UP,CE,False,SENSEX|weekly|2025-12-18,2025-12-12,85212.04
0.35,14.1796,350.15,2025-12-16 09:40:00+05:30,,hold_to_end,2025-12-16 15:30:00+05:30,2025-12-18,109.3,B_intraday_expansion,2025-12,OTD_DN,PE,True,SENSEX|weekly|2025-12-18,2025-12-16,84867.94
0.2,-13.6523,599.9,2025-12-18 09:40:00+05:30,,hold_to_end,2025-12-18 15:30:00+05:30,2025-12-18,98.4,B_intraday_expansion,2025-12,OTD_DN,PE,False,SENSEX|weekly|2025-12-18,2025-12-18,84300.99
0.2,-6.3838,1420.0,2025-12-19 09:45:00+05:30,,hold_to_end,2025-12-19 15:30:00+05:30,2026-01-01,18.7,B_intraday_expansion,2025-12,OD_UP,CE,False,SENSEX|weekly|2026-01-01,2025-12-19,85009.05
0.2,2.8129,1710.0,2025-12-22 09:45:00+05:30,,hold_to_end,2025-12-22 15:30:00+05:30,2026-01-01,15.0,B_intraday_expansion,2025-12,OD_UP,CE,False,SENSEX|weekly|2026-01-01,2025-12-22,85419.97
0.35,-3.4483,31.9,2025-12-26 09:40:00+05:30,,hold_to_end,2025-12-26 15:30:00+05:30,2026-01-01,74.1,B_intraday_expansion,2025-12,OD_DN,PE,True,SENSEX|weekly|2026-01-01,2025-12-26,85206.55
0.35,56.3396,446.4,2026-01-02 09:40:00+05:30,,hold_to_end,2026-01-02 15:30:00+05:30,2026-01-08,125.7,B_intraday_expansion,2026-01,OTD_UP,CE,True,SENSEX|weekly|2026-01-08,2026-01-02,85524.55
0.35,12.995,277.8,2026-01-06 09:40:00+05:30,,hold_to_end,2026-01-06 15:30:00+05:30,2026-01-08,174.4,B_intraday_expansion,2026-01,OD_DN,PE,True,SENSEX|weekly|2026-01-08,2026-01-06,85191.8
0.35,42.2805,1809.5,2026-01-20 09:45:00+05:30,,hold_to_end,2026-01-20 15:30:00+05:30,2026-01-22,39.8,B_intraday_expansion,2026-01,OTD_DN,PE,True,SENSEX|weekly|2026-01-22,2026-01-20,82914.69
0.2,-98.5714,3.5,2026-01-22 09:40:00+05:30,,hold_to_end,2026-01-22 15:30:00+05:30,2026-01-22,147.5,B_intraday_expansion,2026-01,OD_UP,CE,False,SENSEX|weekly|2026-01-22,2026-01-22,82645.42
0.2,-11.9514,860.15,2026-01-28 09:40:00+05:30,,hold_to_end,2026-01-28 15:30:00+05:30,2026-02-05,42.5,B_intraday_expansion,2026-01,OD_UP,CE,False,SENSEX|weekly|2026-02-05,2026-01-28,82254.16
0.2,-39.2382,925.5,2026-01-29 09:40:00+05:30,,hold_to_end,2026-01-29 15:30:00+05:30,2026-02-05,102.9,B_intraday_expansion,2026-01,OTD_DN,PE,False,SENSEX|weekly|2026-02-05,2026-01-29,81869.34
0.35,-99.4444,9.0,2026-02-05 09:40:00+05:30,,hold_to_end,2026-02-05 15:30:00+05:30,2026-02-05,124.5,B_intraday_expansion,2026-02,OTD_DN,PE,True,SENSEX|weekly|2026-02-05,2026-02-05,83390.02
0.35,-4.8128,9.35,2026-02-11 09:40:00+05:30,,hold_to_end,2026-02-11 15:30:00+05:30,2026-02-12,41.2,B_intraday_expansion,2026-02,OTD_DN,PE,True,SENSEX|weekly|2026-02-12,2026-02-11,84205.92
0.35,-98.0769,2.6,2026-02-12 09:40:00+05:30,,hold_to_end,2026-02-12 15:30:00+05:30,2026-02-12,47.8,B_intraday_expansion,2026-02,OD_DN,PE,True,SENSEX|weekly|2026-02-12,2026-02-12,83891.79
