exp,opt_type,entry_date,month,entry_time,ep,spot_poc_rev,ibr,ibr_tgt_pct,ibr_sl_pct,rA,rB,rC,reason_B,reason_C,poc_alloc
2025-04-08,CE,2025-04-07,2025-04,2025-04-07 15:10:00+05:30,30.25,False,33.2,134.5,-80.0,-99.8347,-80.0,18.3223,hard_sl,trail_stop,0.1
2025-04-08,PE,2025-04-03,2025-04,2025-04-03 14:30:00+05:30,332.05,True,209.6,126.5,-62.9,30.0,126.52612558349642,56.4142,target_hit,trail_stop,0.35
2025-04-08,PE,2025-04-08,2025-04,2025-04-08 15:05:00+05:30,1892.9,True,582.8,50.1,-42.2,-0.8188,-0.8188,-0.8188,end,hold_to_end,0.35
2025-04-15,CE,2025-04-07,2025-04,2025-04-07 14:30:00+05:30,135.1,False,242.2,317.8,-80.0,30.0,317.7646188008882,133.433,target_hit,trail_stop,0.1
2025-04-15,CE,2025-04-08,2025-04,2025-04-08 11:10:00+05:30,196.8,True,128.8,107.3,-80.0,30.0,107.31707317073167,38.0635,target_hit,trail_stop,0.35
2025-04-15,CE,2025-04-09,2025-04,2025-04-09 15:10:00+05:30,130.7,False,205.4,285.9,-80.0,30.0,285.9219586840092,126.2135,target_hit,trail_stop,0.1
2025-04-15,CE,2025-04-11,2025-04,2025-04-11 14:55:00+05:30,273.55,False,160.4,83.7,-80.0,30.0,83.65929446170716,80.5701,target_hit,trail_stop,0.1
2025-04-15,PE,2025-04-03,2025-04,2025-04-03 14:30:00+05:30,470.3,True,124.6,56.3,-23.2,30.0,56.347012545183915,45.7848,target_hit,trail_stop,0.35
2025-04-15,PE,2025-04-09,2025-04,2025-04-09 09:15:00+05:30,2462.3,False,0.0,30.0,-50.0,-99.998,-99.998,-99.998,end,end,0.1
2025-04-22,CE,2025-04-09,2025-04,2025-04-09 12:15:00+05:30,1171.25,False,407.2,61.7,-42.6,30.0,61.74172892209179,46.2581,target_hit,trail_stop,0.1
2025-04-22,CE,2025-04-15,2025-04,2025-04-15 09:25:00+05:30,2955.45,True,0.0,30.0,-50.0,30.0,30.0,30.0,target_hit,target_hit,0.35
2025-04-22,PE,2025-04-09,2025-04,2025-04-09 13:50:00+05:30,1134.85,True,238.8,34.4,-28.7,-99.9956,-28.66458122218795,-28.6646,hard_sl,hard_sl_ibr,0.35
2025-05-06,CE,2025-04-23,2025-04,2025-04-23 09:15:00+05:30,909.05,False,0.0,30.0,-50.0,30.0,30.0,30.0,target_hit,target_hit,0.1
2025-05-06,CE,2025-05-02,2025-05,2025-05-02 13:45:00+05:30,918.5,False,684.5,134.6,-80.0,-30.0163,-30.0163,-30.0163,end,hold_to_end,0.1
2025-05-06,PE,2025-04-22,2025-04,2025-04-22 12:45:00+05:30,984.45,True,290.2,37.7,-50.8,30.0,37.68093859515466,2.0132,target_hit,trail_stop,0.35
2025-05-06,PE,2025-04-25,2025-04,2025-04-25 15:30:00+05:30,1286.0,False,784.1,74.0,-80.0,-99.9961,-80.0,-99.9961,hard_sl,hold_to_end,0.1
2025-05-13,CE,2025-04-29,2025-04,2025-04-29 13:10:00+05:30,893.3,False,21.1,15.0,-3.2,30.0,-3.173625881562748,-3.1736,hard_sl,hard_sl_ibr,0.1
2025-05-13,CE,2025-05-02,2025-05,2025-05-02 13:45:00+05:30,966.0,False,399.0,83.0,-40.9,30.0,-40.88509316770187,-40.8851,hard_sl,hard_sl_ibr,0.1
2025-05-13,PE,2025-04-29,2025-04,2025-04-29 12:25:00+05:30,1106.35,False,235.2,22.9,-40.9,30.0,-40.87314141094589,-2.4002,hard_sl,trail_stop,0.1
2025-05-13,PE,2025-05-13,2025-05,2025-05-13 10:40:00+05:30,71.05,False,89.8,170.0,-80.0,-99.9296,-80.0,-99.9296,hard_sl,hold_to_end,0.1
2025-05-20,CE,2025-05-06,2025-05,2025-05-06 13:40:00+05:30,1037.55,False,171.9,29.3,-20.4,30.0,-20.370102645655624,7.5434,hard_sl,trail_stop,0.1
2025-05-20,CE,2025-05-14,2025-05,2025-05-14 09:30:00+05:30,1286.1,False,0.0,30.0,-50.0,30.0,30.0,30.0,target_hit,target_hit,0.1
2025-05-20,CE,2025-05-16,2025-05,2025-05-16 12:55:00+05:30,1873.8,False,239.9,19.5,-18.9,-68.7987,-18.876080691642656,-18.8761,hard_sl,hard_sl_ibr,0.1
2025-05-20,PE,2025-05-06,2025-05,2025-05-06 15:25:00+05:30,908.55,True,75.2,15.0,-12.9,30.0,15.0,6.9164,target_hit,trail_stop,0.35
2025-05-20,PE,2025-05-13,2025-05,2025-05-13 13:30:00+05:30,524.95,False,211.7,27.3,-80.0,-99.981,-80.0,-8.3916,hard_sl,trail_stop,0.1
2025-06-03,CE,2025-05-21,2025-05,2025-05-21 09:45:00+05:30,939.7,False,0.0,30.0,-50.0,30.0,30.0,30.0,target_hit,target_hit,0.1
2025-06-03,CE,2025-05-26,2025-05,2025-05-26 15:20:00+05:30,1054.0,False,385.0,53.7,-55.9,-99.9953,-55.88235294117647,-55.8824,hard_sl,hard_sl_ibr,0.1
2025-06-03,PE,2025-05-21,2025-05,2025-05-21 12:05:00+05:30,1069.65,False,271.9,36.5,-39.7,30.0,36.51661758519143,11.2088,target_hit,trail_stop,0.1
2025-06-03,PE,2025-05-23,2025-05,2025-05-23 14:55:00+05:30,1000.0,False,410.5,81.2,-42.0,30.0,-41.98,34.1735,hard_sl,trail_stop,0.1
2025-06-03,PE,2025-05-27,2025-05,2025-05-27 12:45:00+05:30,1048.1,True,581.8,85.0,-80.0,30.0,20.5419,26.4396,end,trail_stop,0.35
2025-06-03,PE,2025-05-28,2025-05,2025-05-28 09:30:00+05:30,1287.45,False,0.0,30.0,-50.0,-1.868,-1.868,-1.868,end,end,0.1
2025-06-10,CE,2025-05-28,2025-05,2025-05-28 13:05:00+05:30,1033.4,False,219.5,31.5,-32.3,-42.6602,-32.26243468163345,-32.2624,hard_sl,hard_sl_ibr,0.1
2025-06-10,PE,2025-05-27,2025-05,2025-05-27 13:30:00+05:30,1275.0,False,13.9,15.0,4.5,-99.9961,4.486274509803907,4.4863,hard_sl,hard_sl_ibr,0.1
2025-06-17,CE,2025-06-04,2025-06,2025-06-04 14:00:00+05:30,818.0,False,75.0,15.0,-15.0,30.0,15.0,2.4114,target_hit,trail_stop,0.1
2025-06-17,CE,2025-06-06,2025-06,2025-06-06 10:35:00+05:30,1040.0,True,228.5,15.0,-51.1,30.0,15.0,-2.4327,target_hit,trail_stop,0.35
2025-06-17,CE,2025-06-11,2025-06,2025-06-11 11:10:00+05:30,1400.0,False,38.7,15.0,-14.6,-86.925,-14.646428571428585,-6.3332,hard_sl,trail_stop,0.1
2025-06-17,PE,2025-06-05,2025-06,2025-06-05 14:00:00+05:30,758.8,True,192.5,49.0,-27.1,30.0,-27.06246705324195,-27.0625,hard_sl,hard_sl_ibr,0.35
2025-06-17,PE,2025-06-13,2025-06,2025-06-13 14:55:00+05:30,709.75,False,465.8,128.4,-68.5,-99.9859,-68.48185980979218,-68.4819,hard_sl,hard_sl_ibr,0.1
2025-07-01,CE,2025-06-17,2025-06,2025-06-17 14:35:00+05:30,775.85,False,61.8,21.6,-2.3,30.0,-2.32003608945028,-2.32,hard_sl,hard_sl_ibr,0.1
2025-07-01,CE,2025-06-23,2025-06,2025-06-23 13:20:00+05:30,735.8,False,304.6,53.8,-70.4,30.0,53.764609948355556,10.5217,target_hit,trail_stop,0.1
2025-07-01,CE,2025-06-25,2025-06,2025-06-25 09:45:00+05:30,976.3,True,0.0,30.0,-50.0,30.0,30.0,30.0,target_hit,target_hit,0.35
2025-07-01,CE,2025-07-01,2025-07,2025-07-01 09:35:00+05:30,1822.55,False,0.0,30.0,-50.0,-1.2071,-1.2071,-1.2071,end,end,0.1
2025-07-01,PE,2025-06-17,2025-06,2025-06-17 12:55:00+05:30,1040.4,False,92.0,15.0,-19.5,-99.9952,-19.511726259131112,-7.5479,hard_sl,trail_stop,0.1
2025-07-08,CE,2025-06-25,2025-06,2025-06-25 09:55:00+05:30,798.35,True,0.0,30.0,-50.0,30.0,30.0,30.0,target_hit,target_hit,0.35
2025-07-08,CE,2025-06-26,2025-06,2025-06-26 13:50:00+05:30,1355.0,False,304.3,15.0,-58.4,-25.4649,-58.35055350553506,-6.555,hard_sl,trail_stop,0.1
2025-07-08,PE,2025-06-24,2025-06,2025-06-24 13:20:00+05:30,870.65,False,230.6,39.1,-40.3,-99.9943,-40.34342158157698,18.5324,hard_sl,trail_stop,0.1
2025-07-15,CE,2025-07-01,2025-07,2025-07-01 13:15:00+05:30,904.75,False,78.3,15.6,-10.3,-99.9945,-10.345399281569485,-10.3454,hard_sl,hard_sl_ibr,0.1
2025-07-15,PE,2025-07-01,2025-07,2025-07-01 13:10:00+05:30,669.25,True,0.0,30.0,-50.0,30.0,30.0,30.0,target_hit,target_hit,0.35
2025-07-15,PE,2025-07-03,2025-07,2025-07-03 12:25:00+05:30,627.9,False,202.1,54.2,-42.4,30.0,-42.3713967192228,22.621,hard_sl,trail_stop,0.1
2025-07-15,PE,2025-07-04,2025-07,2025-07-04 11:25:00+05:30,804.1,True,106.6,17.1,-22.6,30.0,-22.627782614102728,5.712,hard_sl,trail_stop,0.35
2025-07-15,PE,2025-07-11,2025-07,2025-07-11 15:20:00+05:30,1026.2,False,157.1,15.0,-54.8,30.0,15.0,-9.473,target_hit,trail_stop,0.1
2025-07-15,PE,2025-07-15,2025-07,2025-07-15 13:45:00+05:30,1024.95,True,231.8,54.5,-13.3,0.5659,0.5659,0.5659,end,hold_to_end,0.35
2025-07-22,CE,2025-07-08,2025-07,2025-07-08 12:35:00+05:30,802.25,False,79.2,15.0,-14.7,-99.9938,15.0,8.5151,target_hit,trail_stop,0.1
2025-07-22,PE,2025-07-09,2025-07,2025-07-09 14:25:00+05:30,508.2,True,88.3,31.9,-20.2,30.0,31.8772136953955,9.6578,target_hit,trail_stop,0.35
2025-07-22,PE,2025-07-10,2025-07,2025-07-10 13:45:00+05:30,702.7,False,176.4,22.0,-53.3,30.0,22.007969261420214,-7.5023,target_hit,trail_stop,0.1
2025-07-22,PE,2025-07-11,2025-07,2025-07-11 15:20:00+05:30,1061.15,False,128.9,15.0,-42.0,30.0,15.0,-5.6652,target_hit,trail_stop,0.1
2025-07-22,PE,2025-07-15,2025-07,2025-07-15 13:45:00+05:30,983.1,True,125.5,34.5,-3.8,30.0,-3.8297223069880966,-3.8297,hard_sl,hard_sl_ibr,0.35
2025-07-22,PE,2025-07-21,2025-07,2025-07-21 09:25:00+05:30,1920.0,False,0.0,30.0,-50.0,-31.6146,-31.6146,-31.6146,end,end,0.1
2025-08-05,CE,2025-07-28,2025-07,2025-07-28 10:25:00+05:30,272.7,False,87.9,25.0,-71.7,-99.9817,-71.72717271727173,-8.7418,hard_sl,trail_stop,0.1
2025-08-05,PE,2025-07-24,2025-07,2025-07-24 09:55:00+05:30,416.4,True,0.0,30.0,-50.0,30.0,30.0,30.0,target_hit,target_hit,0.35
2025-08-05,PE,2025-07-24,2025-07,2025-07-24 15:00:00+05:30,554.15,False,72.3,15.0,-48.1,30.0,15.0,-8.1145,target_hit,trail_stop,0.1
2025-08-05,PE,2025-07-28,2025-07,2025-07-28 10:55:00+05:30,1098.1,True,260.1,40.5,-30.5,30.0,40.51088243329391,12.7232,target_hit,trail_stop,0.35
2025-08-05,PE,2025-07-31,2025-07,2025-07-31 09:15:00+05:30,1432.8,True,0.0,30.0,-50.0,17.5321,17.5321,17.5321,end,end,0.35
2025-08-12,CE,2025-07-29,2025-07,2025-07-29 13:15:00+05:30,950.0,False,25.5,15.0,-7.8,30.0,15.0,-0.3163,target_hit,trail_stop,0.1
2025-08-12,CE,2025-07-31,2025-07,2025-07-31 11:30:00+05:30,984.1,False,133.9,15.0,-41.9,-99.9949,15.0,-2.4602,target_hit,trail_stop,0.1
2025-08-12,PE,2025-07-31,2025-07,2025-07-31 09:25:00+05:30,540.0,True,0.0,30.0,-50.0,30.0,30.0,30.0,target_hit,target_hit,0.35
2025-08-12,PE,2025-08-04,2025-08,2025-08-04 09:45:00+05:30,623.8,False,0.0,30.0,-50.0,30.0,30.0,30.0,target_hit,target_hit,0.1
2025-08-12,PE,2025-08-08,2025-08,2025-08-08 10:10:00+05:30,689.95,True,0.0,30.0,-50.0,30.0,30.0,30.0,target_hit,target_hit,0.35
2025-08-12,PE,2025-08-12,2025-08,2025-08-12 11:10:00+05:30,378.85,False,340.4,101.4,-80.0,30.0,48.8716,6.4578,end,trail_stop,0.1
2025-08-19,CE,2025-08-06,2025-08,2025-08-06 12:35:00+05:30,967.3,False,104.7,23.5,-9.0,30.0,-8.963093145869951,-8.9631,hard_sl,hard_sl_ibr,0.1
2025-08-19,CE,2025-08-18,2025-08,2025-08-18 13:20:00+05:30,1410.25,False,898.6,78.6,-80.0,2.6307,2.6307,2.6307,end,hold_to_end,0.1
2025-08-19,PE,2025-08-06,2025-08,2025-08-06 10:50:00+05:30,427.8,False,73.1,16.0,-35.3,30.0,15.965404394576893,-4.2066,target_hit,trail_stop,0.1
2025-08-19,PE,2025-08-08,2025-08,2025-08-08 10:10:00+05:30,497.8,True,0.0,30.0,-50.0,30.0,30.0,30.0,target_hit,target_hit,0.35
2025-08-19,PE,2025-08-12,2025-08,2025-08-12 11:10:00+05:30,305.0,False,149.6,51.3,-80.0,-99.9836,-80.0,-2.9869,hard_sl,trail_stop,0.1
2025-09-04,CE,2025-08-21,2025-08,2025-08-21 12:50:00+05:30,751.0,False,134.5,22.6,-31.1,-99.9933,-31.131824234354188,-31.1318,hard_sl,hard_sl_ibr,0.1
2025-09-04,PE,2025-08-21,2025-08,2025-08-21 13:40:00+05:30,565.75,False,115.2,33.5,-27.6,30.0,33.53954927087936,12.293,target_hit,trail_stop,0.1
2025-09-04,PE,2025-08-22,2025-08,2025-08-22 14:20:00+05:30,858.45,False,247.1,22.5,-63.9,30.0,22.459083231405433,-3.669,target_hit,trail_stop,0.1
2025-09-04,PE,2025-08-26,2025-08,2025-08-26 14:20:00+05:30,1130.0,False,436.3,38.3,-77.6,30.0,38.29203539823007,28.4412,target_hit,trail_stop,0.1
2025-09-04,PE,2025-08-28,2025-08,2025-08-28 12:30:00+05:30,1735.0,True,199.5,21.8,-12.7,-20.1758,21.77809798270893,10.568,target_hit,trail_stop,0.35
2025-09-11,CE,2025-08-29,2025-08,2025-08-29 11:10:00+05:30,636.75,False,159.2,37.2,-37.8,30.0,-37.84059678052611,9.5662,hard_sl,trail_stop,0.1
2025-09-11,CE,2025-09-04,2025-09,2025-09-04 13:05:00+05:30,830.0,False,294.8,65.9,-40.7,30.0,-40.69879518072288,-40.6988,hard_sl,hard_sl_ibr,0.1
2025-09-11,CE,2025-09-10,2025-09,2025-09-10 15:25:00+05:30,1023.9,True,285.6,35.9,-47.8,2.3928,2.3928,4.0688,end,hold_to_end,0.35
2025-09-11,PE,2025-08-28,2025-08,2025-08-28 12:40:00+05:30,657.15,True,201.6,49.9,-42.1,30.0,-42.121281290420754,12.4149,hard_sl,trail_stop,0.35
2025-09-11,PE,2025-09-02,2025-09,2025-09-02 13:25:00+05:30,379.75,False,134.4,58.7,-47.4,30.0,58.696510862409504,32.5997,target_hit,trail_stop,0.1
2025-09-11,PE,2025-09-04,2025-09,2025-09-04 12:25:00+05:30,269.25,False,89.4,16.7,-80.0,30.0,16.694521819870026,-9.4698,target_hit,trail_stop,0.1
2025-09-11,PE,2025-09-08,2025-09,2025-09-08 15:00:00+05:30,137.95,False,77.9,96.9,-72.6,-99.9638,-72.59876766944544,-72.5988,hard_sl,hard_sl_ibr,0.1
2025-09-18,CE,2025-09-04,2025-09,2025-09-04 13:30:00+05:30,688.5,False,91.8,19.2,-20.8,30.0,-20.806100217864923,-20.8061,hard_sl,hard_sl_ibr,0.1
2025-09-18,CE,2025-09-10,2025-09,2025-09-10 15:25:00+05:30,764.7,True,205.5,36.7,-43.9,30.0,36.71374395187655,7.9137,target_hit,trail_stop,0.35
2025-09-18,CE,2025-09-12,2025-09,2025-09-12 15:15:00+05:30,1007.05,False,93.4,15.0,-29.6,30.0,15.0,-7.5529,target_hit,trail_stop,0.1
2025-09-18,CE,2025-09-17,2025-09,2025-09-17 15:15:00+05:30,1672.75,False,138.4,15.0,-18.6,14.8229,15.0,4.936,target_hit,trail_stop,0.1
2025-09-18,PE,2025-09-04,2025-09,2025-09-04 13:50:00+05:30,631.6,False,115.5,22.0,-32.8,30.0,22.023432552248263,5.3024,target_hit,trail_stop,0.1
2025-09-18,PE,2025-09-08,2025-09,2025-09-08 15:00:00+05:30,522.7,False,97.8,30.5,-25.6,-99.9904,-25.597857279510244,-25.5979,hard_sl,hard_sl_ibr,0.1
2025-10-01,CE,2025-09-17,2025-09,2025-09-17 15:05:00+05:30,813.9,False,98.0,15.0,-23.7,-99.9939,15.0,7.3637,target_hit,trail_stop,0.1
2025-10-01,PE,2025-09-17,2025-09,2025-09-17 12:35:00+05:30,443.4,True,62.3,23.4,-18.8,30.0,-18.78664862426703,2.3144,hard_sl,trail_stop,0.35
2025-10-01,PE,2025-09-24,2025-09,2025-09-24 09:15:00+05:30,710.0,True,0.0,30.0,-50.0,30.0,30.0,30.0,target_hit,target_hit,0.35
2025-10-01,PE,2025-09-29,2025-09,2025-09-29 11:45:00+05:30,2000.0,False,188.9,15.0,-22.5,-18.8175,-22.46250000000001,-0.4882,hard_sl,trail_stop,0.1
2025-10-09,CE,2025-09-29,2025-09,2025-09-29 09:45:00+05:30,353.95,False,0.0,30.0,-50.0,30.0,30.0,30.0,target_hit,target_hit,0.1
2025-10-09,CE,2025-10-07,2025-10,2025-10-07 12:10:00+05:30,747.45,False,324.8,55.3,-75.1,-10.0943,-10.0943,5.6838,end,trail_stop,0.1
2025-10-09,PE,2025-09-25,2025-09,2025-09-25 14:05:00+05:30,455.05,False,63.9,15.0,-36.7,30.0,15.0,3.7621,target_hit,trail_stop,0.1
2025-10-09,PE,2025-09-29,2025-09,2025-09-29 11:40:00+05:30,1002.25,False,229.8,25.7,-43.1,-99.985,-43.10800698428535,6.537,hard_sl,trail_stop,0.1
2025-10-16,CE,2025-10-03,2025-10,2025-10-03 14:40:00+05:30,806.5,False,133.8,15.0,-37.9,30.0,15.0,-1.3639,target_hit,trail_stop,0.1
2025-10-16,CE,2025-10-08,2025-10,2025-10-08 11:10:00+05:30,1474.15,True,157.6,15.0,-21.4,30.0,-21.381813248312604,-7.0,hard_sl,trail_stop,0.35
2025-10-16,PE,2025-10-07,2025-10,2025-10-07 11:50:00+05:30,125.3,False,47.7,54.2,-60.1,-99.9601,-60.0558659217877,11.6233,hard_sl,trail_stop,0.1
2025-10-23,CE,2025-10-09,2025-10,2025-10-09 15:10:00+05:30,890.0,False,164.8,15.0,-45.4,30.0,15.0,1.441,target_hit,trail_stop,0.1
2025-10-23,CE,2025-10-13,2025-10,2025-10-13 14:25:00+05:30,955.0,False,82.4,15.0,-14.6,30.0,15.0,9.699,target_hit,trail_stop,0.1
2025-10-23,CE,2025-10-15,2025-10,2025-10-15 15:30:00+05:30,1177.5,False,189.9,15.0,-45.6,30.0,15.0,4.093,target_hit,trail_stop,0.1
2025-10-23,CE,2025-10-20,2025-10,2025-10-20 09:25:00+05:30,2850.0,False,0.0,30.0,-50.0,-3.3333,-3.3333,-3.3333,end,end,0.1
2025-10-23,PE,2025-10-13,2025-10,2025-10-13 09:20:00+05:30,305.0,True,0.0,30.0,-50.0,30.0,30.0,30.0,target_hit,target_hit,0.35
2025-10-23,PE,2025-10-17,2025-10,2025-10-17 12:55:00+05:30,56.4,False,28.0,73.8,-75.1,-99.9113,-75.08865248226951,17.8227,hard_sl,trail_stop,0.1
2025-11-06,CE,2025-10-23,2025-10,2025-10-23 12:00:00+05:30,1015.1,False,246.2,27.0,-45.8,-99.9951,-45.759038518372584,-3.9407,hard_sl,trail_stop,0.1
2025-11-06,PE,2025-10-23,2025-10,2025-10-23 13:35:00+05:30,557.1,False,204.5,63.2,-47.0,30.0,63.166397415185784,20.9034,target_hit,trail_stop,0.1
2025-11-06,PE,2025-10-24,2025-10,2025-10-24 12:50:00+05:30,855.1,True,135.6,15.0,-32.8,30.0,15.0,12.4575,target_hit,trail_stop,0.35
2025-11-06,PE,2025-10-27,2025-10,2025-10-27 13:30:00+05:30,662.8,False,196.0,46.4,-42.3,30.0,46.43180446590224,10.6788,target_hit,trail_stop,0.1
2025-11-06,PE,2025-10-28,2025-10,2025-10-28 14:10:00+05:30,815.4,False,271.4,33.2,-66.7,30.0,33.15550649987736,-0.0697,target_hit,trail_stop,0.1
2025-11-06,PE,2025-11-03,2025-11,2025-11-03 11:45:00+05:30,1086.25,False,323.3,48.0,-41.3,30.0,47.99539700805523,30.7404,target_hit,trail_stop,0.1
2025-11-06,PE,2025-11-06,2025-11,2025-11-06 09:45:00+05:30,1410.0,True,0.0,30.0,-50.0,19.6454,19.6454,19.6454,end,end,0.35
2025-11-13,CE,2025-10-31,2025-10,2025-10-31 09:40:00+05:30,769.35,False,0.0,30.0,-50.0,-99.9935,-99.9935,-99.9935,end,end,0.1
2025-11-13,PE,2025-10-30,2025-10,2025-10-30 12:20:00+05:30,731.4,False,128.6,18.8,-34.0,30.0,18.758545255674054,-2.7233,target_hit,trail_stop,0.1
2025-11-13,PE,2025-11-03,2025-11,2025-11-03 11:55:00+05:30,1032.95,True,189.8,30.2,-24.9,30.0,30.190231860206197,16.4439,target_hit,trail_stop,0.35
2025-11-13,PE,2025-11-06,2025-11,2025-11-06 14:05:00+05:30,1380.1,False,265.2,15.0,-43.9,30.0,15.0,12.2396,target_hit,trail_stop,0.1
2025-11-13,PE,2025-11-10,2025-11,2025-11-10 13:55:00+05:30,1150.0,True,143.2,32.3,-5.1,30.0,-5.060869565217396,-5.0609,hard_sl,hard_sl_ibr,0.35
2025-11-13,PE,2025-11-12,2025-11,2025-11-12 15:25:00+05:30,366.0,False,220.0,137.7,-42.6,30.0,-42.62295081967213,-42.623,hard_sl,hard_sl_ibr,0.1
2025-11-13,PE,2025-11-13,2025-11,2025-11-13 14:10:00+05:30,314.8,True,277.2,162.1,-80.0,1.8742,1.8742,1.8742,end,hold_to_end,0.35
2025-11-20,CE,2025-11-06,2025-11,2025-11-06 13:05:00+05:30,807.0,False,214.7,39.7,-40.2,30.0,-40.1548946716233,-40.1549,hard_sl,hard_sl_ibr,0.1
2025-11-20,CE,2025-11-13,2025-11,2025-11-13 10:40:00+05:30,1232.6,False,167.4,15.0,-34.3,30.0,15.0,-0.2818,target_hit,trail_stop,0.1
2025-11-20,PE,2025-11-06,2025-11,2025-11-06 14:00:00+05:30,740.0,False,0.0,30.0,-50.0,30.0,30.0,30.0,target_hit,target_hit,0.1
2025-11-20,PE,2025-11-10,2025-11,2025-11-10 15:05:00+05:30,533.8,False,137.0,60.2,-16.8,30.0,-16.766579243162237,31.091,hard_sl,trail_stop,0.1
2025-11-20,PE,2025-11-13,2025-11,2025-11-13 09:15:00+05:30,224.55,False,0.0,30.0,-50.0,30.0,30.0,30.0,target_hit,target_hit,0.1
2025-11-20,PE,2025-11-14,2025-11,2025-11-14 13:45:00+05:30,286.2,False,124.5,57.8,-72.7,-99.9825,-72.74633123689728,-72.7463,hard_sl,hard_sl_ibr,0.1
2025-12-04,CE,2025-11-21,2025-11,2025-11-21 12:25:00+05:30,983.0,False,171.7,21.9,-30.5,-99.9949,-30.488301119023404,-30.4883,hard_sl,hard_sl_ibr,0.1
2025-12-04,PE,2025-11-21,2025-11,2025-11-21 09:20:00+05:30,547.55,True,0.0,30.0,-50.0,30.0,30.0,30.0,target_hit,target_hit,0.35
2025-12-04,PE,2025-11-25,2025-11,2025-11-25 10:45:00+05:30,646.05,True,376.2,74.4,-80.0,30.0,-80.0,11.9939,hard_sl,trail_stop,0.35
2025-12-04,PE,2025-11-27,2025-11,2025-11-27 12:35:00+05:30,260.15,True,115.8,71.7,-61.9,30.0,-61.8873726696137,23.394,hard_sl,trail_stop,0.35
2025-12-04,PE,2025-11-28,2025-11,2025-11-28 12:55:00+05:30,200.4,True,102.9,87.8,-66.2,30.0,87.79940119760477,31.3907,target_hit,trail_stop,0.35
2025-12-04,PE,2025-12-03,2025-12,2025-12-03 09:30:00+05:30,388.05,True,0.0,30.0,-50.0,30.0,30.0,30.0,target_hit,target_hit,0.35
2025-12-04,PE,2025-12-03,2025-12,2025-12-03 12:55:00+05:30,450.7,True,282.5,79.3,-80.0,-92.4229,-80.0,-92.4229,hard_sl,hold_to_end,0.35
2025-12-11,CE,2025-11-28,2025-11,2025-11-28 09:30:00+05:30,927.3,False,0.0,30.0,-50.0,-99.9946,-99.9946,-99.9946,end,end,0.1
2025-12-11,PE,2025-11-27,2025-11,2025-11-27 11:55:00+05:30,503.65,True,78.4,16.4,-30.3,30.0,16.40027797081307,-4.804,target_hit,trail_stop,0.35
2025-12-11,PE,2025-12-03,2025-12,2025-12-03 09:20:00+05:30,646.2,True,0.0,30.0,-50.0,30.0,30.0,30.0,target_hit,target_hit,0.35
2025-12-11,PE,2025-12-03,2025-12,2025-12-03 13:00:00+05:30,815.0,True,235.5,36.2,-50.5,30.0,-50.48466257668712,-50.4847,hard_sl,hard_sl_ibr,0.35
2025-12-11,PE,2025-12-09,2025-12,2025-12-09 14:25:00+05:30,915.0,True,418.5,71.4,-65.8,30.0,-14.3497,19.6929,end,trail_stop,0.35
2025-12-18,CE,2025-12-04,2025-12,2025-12-04 15:00:00+05:30,973.7,False,187.2,19.6,-38.1,30.0,19.585087809386877,4.1527,target_hit,trail_stop,0.1
2025-12-18,CE,2025-12-05,2025-12,2025-12-05 15:20:00+05:30,1213.4,False,223.5,15.0,-45.3,-99.9918,-45.277731992747654,-6.8996,hard_sl,trail_stop,0.1
2025-12-18,PE,2025-12-04,2025-12,2025-12-04 12:25:00+05:30,447.05,True,132.3,52.7,-36.1,30.0,-36.148081870036904,-36.1481,hard_sl,hard_sl_ibr,0.35
2025-12-18,PE,2025-12-09,2025-12,2025-12-09 14:25:00+05:30,588.6,True,271.2,75.9,-62.3,30.0,-62.30886850152905,26.1184,hard_sl,trail_stop,0.35
2025-12-18,PE,2025-12-15,2025-12,2025-12-15 09:15:00+05:30,318.0,False,0.0,30.0,-50.0,30.0,30.0,30.0,target_hit,target_hit,0.1
2025-12-18,PE,2025-12-16,2025-12,2025-12-16 09:15:00+05:30,324.4,True,0.0,30.0,-50.0,30.0,30.0,30.0,target_hit,target_hit,0.35
2025-12-18,PE,2025-12-16,2025-12,2025-12-16 14:30:00+05:30,393.3,False,160.7,51.7,-70.9,30.0,51.70353419781336,5.9888,target_hit,trail_stop,0.1
2025-12-18,PE,2025-12-18,2025-12,2025-12-18 09:20:00+05:30,589.85,False,0.0,30.0,-50.0,-12.1811,-12.1811,-12.1811,end,end,0.1
2026-01-01,CE,2025-12-19,2025-12,2025-12-19 09:25:00+05:30,1348.6,False,0.0,30.0,-50.0,30.0,30.0,30.0,target_hit,target_hit,0.1
2026-01-01,CE,2025-12-23,2025-12,2025-12-23 10:10:00+05:30,1742.65,False,0.0,30.0,-50.0,-31.828,-31.828,-31.828,end,end,0.1
2026-01-01,PE,2025-12-18,2025-12,2025-12-18 14:15:00+05:30,297.25,False,76.1,56.8,-20.0,-99.9832,-20.00672834314551,-20.0067,hard_sl,hard_sl_ibr,0.1
2026-01-08,CE,2025-12-29,2025-12,2025-12-29 09:15:00+05:30,516.9,False,0.0,30.0,-50.0,30.0,30.0,30.0,target_hit,target_hit,0.1
2026-01-08,CE,2026-01-05,2026-01,2026-01-05 10:20:00+05:30,685.5,False,346.1,68.0,-80.0,-99.9708,-80.0,-83.4646,hard_sl,hard_sl_ibr,0.1
2026-01-08,PE,2025-12-29,2025-12,2025-12-29 10:20:00+05:30,511.55,True,126.5,30.1,-44.2,30.0,30.065487244648597,14.6472,target_hit,trail_stop,0.35
2026-01-08,PE,2025-12-30,2025-12,2025-12-30 09:20:00+05:30,745.05,False,0.0,30.0,-50.0,30.0,30.0,30.0,target_hit,target_hit,0.1
2026-01-14,CE,2026-01-02,2026-01,2026-01-02 09:30:00+05:30,950.45,True,0.0,30.0,-50.0,-99.9947,-99.9947,-99.9947,end,end,0.35
2026-01-14,PE,2026-01-01,2026-01,2026-01-01 12:15:00+05:30,302.8,False,36.8,15.0,-21.9,30.0,-21.928665785997367,-4.183,hard_sl,trail_stop,0.1
2026-01-14,PE,2026-01-08,2026-01,2026-01-08 14:55:00+05:30,623.5,True,68.2,15.0,-61.2,30.0,15.0,-26.4507,target_hit,trail_stop,0.35
2026-01-14,PE,2026-01-13,2026-01,2026-01-13 10:00:00+05:30,1258.85,False,0.0,30.0,-50.0,20.6061,20.6061,20.6061,end,end,0.1
2026-01-22,CE,2026-01-09,2026-01,2026-01-09 15:30:00+05:30,270.25,False,125.6,129.4,-10.0,30.0,-9.953746530989836,-9.9537,hard_sl,hard_sl_ibr,0.1
2026-01-22,CE,2026-01-13,2026-01,2026-01-13 11:40:00+05:30,292.4,False,129.9,69.3,-64.1,-99.9829,-64.05608755129958,-64.0561,hard_sl,hard_sl_ibr,0.1
2026-01-22,PE,2026-01-13,2026-01,2026-01-13 10:00:00+05:30,1240.05,False,0.0,30.0,-50.0,30.0,30.0,30.0,target_hit,target_hit,0.1
2026-01-22,PE,2026-01-20,2026-01,2026-01-20 09:20:00+05:30,1661.45,True,0.0,30.0,-50.0,30.0,30.0,30.0,target_hit,target_hit,0.35
2026-01-22,PE,2026-01-21,2026-01,2026-01-21 14:40:00+05:30,2800.0,True,449.1,23.1,-25.0,-11.475,-24.966071428571436,-24.9661,hard_sl,hard_sl_ibr,0.35
2026-02-05,CE,2026-01-22,2026-01,2026-01-22 14:40:00+05:30,1017.35,False,267.0,54.0,-24.7,30.0,-24.706344915712393,-24.7063,hard_sl,hard_sl_ibr,0.1
2026-02-05,CE,2026-02-04,2026-02,2026-02-04 13:25:00+05:30,1280.0,False,412.2,41.8,-54.8,-36.3008,-36.3008,7.7371,end,trail_stop,0.1
2026-02-05,PE,2026-01-23,2026-01,2026-01-23 10:20:00+05:30,967.8,False,156.5,15.4,-33.2,30.0,15.369911138665012,-7.2418,target_hit,trail_stop,0.1
2026-02-05,PE,2026-01-27,2026-01,2026-01-27 10:50:00+05:30,1450.0,False,481.7,47.0,-52.7,30.0,-52.66551724137931,-52.6655,hard_sl,hard_sl_ibr,0.1
2026-02-05,PE,2026-02-04,2026-02,2026-02-04 15:25:00+05:30,36.3,True,81.2,434.6,-80.0,-99.8623,-80.0,-99.8623,hard_sl,hold_to_end,0.35
2026-02-12,CE,2026-01-30,2026-01,2026-01-30 13:00:00+05:30,1102.85,False,143.6,18.1,-21.0,30.0,18.075894273926636,5.5236,target_hit,trail_stop,0.1
2026-02-12,CE,2026-02-06,2026-02,2026-02-06 11:35:00+05:30,1322.2,False,297.3,27.1,-40.4,30.0,27.091211617001953,2.4702,target_hit,trail_stop,0.1
2026-02-12,CE,2026-02-09,2026-02,2026-02-09 13:25:00+05:30,2025.0,True,141.3,15.0,-12.8,-26.6667,15.0,6.5049,target_hit,trail_stop,0.35
2026-02-12,PE,2026-01-30,2026-01,2026-01-30 09:20:00+05:30,808.25,False,0.0,30.0,-50.0,30.0,30.0,30.0,target_hit,target_hit,0.1
2026-02-12,PE,2026-02-05,2026-02,2026-02-05 09:45:00+05:30,142.1,True,0.0,30.0,-50.0,-99.9648,-99.9648,-99.9648,end,end,0.35
2026-02-19,CE,2026-02-06,2026-02,2026-02-06 11:50:00+05:30,608.35,False,153.5,24.7,-51.0,30.0,24.689734527821145,22.0944,target_hit,trail_stop,0.1
2026-02-19,CE,2026-02-09,2026-02,2026-02-09 13:15:00+05:30,890.0,False,124.9,22.8,-19.2,-99.9944,22.848314606741564,11.2624,target_hit,trail_stop,0.1
2026-02-19,PE,2026-02-06,2026-02,2026-02-06 13:05:00+05:30,880.15,True,146.0,27.6,-22.1,30.0,-22.115548486053513,-22.1155,hard_sl,hard_sl_ibr,0.35
2026-02-19,PE,2026-02-17,2026-02,2026-02-17 14:15:00+05:30,536.1,False,262.4,99.1,-47.7,30.0,-47.71497854877823,-47.715,hard_sl,hard_sl_ibr,0.1
