series_id,date,option_type,poc,vah,val,ibh,ibl,ibr,ib_open,ib_ext_up,ib_ext_dn,ext_up_pct,ext_dn_pct,session_high,session_low,day_range,fa_up,fa_dn,ibr_target_pct
SENSEX|weekly|2025-04-08,2025-04-03,PE,320.0,420.0,290.0,542.54,332.9,209.64,449.95,False,True,0.0,13.19,542.54,289.0,253.53999999999996,False,True,67.17
SENSEX|weekly|2025-04-08,2025-04-04,PE,710.0,880.0,610.0,800.8,398.95,401.84999999999997,398.95,True,False,17.68,0.0,942.35,398.95,543.4000000000001,False,False,201.45
SENSEX|weekly|2025-04-08,2025-04-07,PE,3360.0,4010.0,3040.0,4000.0,1950.0,2050.0,2000.0,True,False,2.44,0.0,4097.6,1950.0,2147.6000000000004,True,False,202.5
SENSEX|weekly|2025-04-08,2025-04-08,PE,1740.0,2170.0,1360.0,2258.75,1675.95,582.8,1675.95,True,True,17.7,27.62,2658.65,1213.0,1445.65,True,True,69.55
SENSEX|weekly|2025-04-15,2025-04-03,PE,460.0,540.0,430.0,610.65,486.0,124.64999999999998,592.7,False,True,0.0,11.95,610.65,427.9,182.75,False,True,24.06
SENSEX|weekly|2025-04-15,2025-04-04,PE,860.0,970.0,750.0,905.0,651.25,253.75,662.4,True,False,12.6,0.0,1019.05,651.25,367.79999999999995,True,False,74.93
SENSEX|weekly|2025-04-15,2025-04-07,PE,3180.0,3780.0,2790.0,3283.65,2200.0,1083.65,2200.0,True,False,15.09,0.0,3779.3,2200.0,1579.3000000000002,False,False,98.51
SENSEX|weekly|2025-04-15,2025-04-08,PE,2360.0,2380.0,2000.0,2373.8,2280.5,93.30000000000018,2300.0,False,True,0.0,19.88,2373.8,1827.25,546.5500000000002,False,False,7.27
SENSEX|weekly|2025-04-15,2025-04-09,PE,2280.0,2530.0,2260.0,2779.3,2260.25,519.0500000000002,2779.3,False,False,0.0,0.0,2779.3,2260.25,519.0500000000002,False,False,18.68
SENSEX|weekly|2025-04-15,2025-04-11,PE,1100.0,1250.0,950.0,1213.9,971.05,242.85000000000014,1172.65,True,True,17.34,13.39,1424.4,841.0,583.4000000000001,True,True,24.23
SENSEX|weekly|2025-04-15,2025-04-15,PE,0.0,230.0,0.0,403.75,18.45,385.3,403.75,False,True,0.0,99.73,403.75,0.05,403.7,False,False,95.43
SENSEX|weekly|2025-04-22,2025-04-09,PE,1110.0,1190.0,1100.0,1287.05,1048.3,238.75,1100.0,False,False,0.0,0.0,1287.05,1048.3,238.75,False,False,38.71
SENSEX|weekly|2025-04-22,2025-04-11,PE,530.0,620.0,450.0,687.7,300.0,387.70000000000005,500.05,False,False,0.0,0.0,687.7,300.0,387.70000000000005,False,False,115.06
SENSEX|weekly|2025-04-22,2025-04-15,PE,90.0,150.0,70.0,249.95,90.0,159.95,219.65,False,True,0.0,18.89,249.95,73.0,176.95,False,False,86.62
SENSEX|weekly|2025-04-22,2025-04-16,PE,40.0,60.0,40.0,87.2,39.3,47.900000000000006,87.2,False,True,0.0,7.38,87.2,36.4,50.800000000000004,False,True,54.93
SENSEX|weekly|2025-04-22,2025-04-17,PE,20.0,40.0,20.0,45.4,20.3,25.099999999999998,43.9,False,True,0.0,13.55,45.4,17.55,27.849999999999998,False,False,60.59
SENSEX|weekly|2025-04-22,2025-04-21,PE,0.0,10.0,0.0,9.95,2.5,7.449999999999999,9.85,False,True,0.0,12.0,9.95,2.2,7.749999999999999,False,True,76.65
SENSEX|weekly|2025-04-22,2025-04-22,PE,0.0,10.0,0.0,2.7,0.8,1.9000000000000001,2.1,True,True,5.56,93.75,2.85,0.05,2.8000000000000003,True,False,119.05
SENSEX|weekly|2025-05-06,2025-04-22,PE,950.0,1020.0,920.0,1065.2,775.0,290.20000000000005,1001.65,True,False,1.07,0.0,1076.6,775.0,301.5999999999999,True,False,35.32
SENSEX|weekly|2025-05-06,2025-04-23,PE,740.0,900.0,720.0,930.05,655.0,275.04999999999995,764.25,True,False,13.38,0.0,1054.5,655.0,399.5,True,False,57.68
SENSEX|weekly|2025-05-06,2025-04-24,PE,810.0,860.0,760.0,838.65,670.05,168.60000000000002,829.75,True,False,9.12,0.0,915.1,670.05,245.05000000000007,False,False,21.39
SENSEX|weekly|2025-05-06,2025-04-25,PE,1130.0,1510.0,1080.0,1453.5,669.4,784.1,851.0,True,False,10.08,0.0,1600.0,669.4,930.6,True,False,162.94
SENSEX|weekly|2025-05-06,2025-04-28,PE,620.0,860.0,580.0,1200.0,677.2,522.8,1200.0,False,True,0.0,14.9,1200.0,576.3,623.7,False,False,43.57
SENSEX|weekly|2025-05-06,2025-04-29,PE,520.0,610.0,500.0,646.2,429.3,216.90000000000003,568.8,False,False,0.0,0.0,646.2,429.3,216.90000000000003,False,False,51.74
SENSEX|weekly|2025-05-06,2025-04-30,PE,490.0,560.0,460.0,635.7,454.0,181.70000000000005,600.0,True,True,5.13,0.79,668.3,450.4,217.89999999999998,True,True,36.23
SENSEX|weekly|2025-05-06,2025-05-02,PE,260.0,410.0,230.0,550.0,177.0,373.0,550.0,False,True,0.0,7.15,550.0,164.35,385.65,False,True,67.82
SENSEX|weekly|2025-05-06,2025-05-05,PE,70.0,140.0,50.0,253.3,77.0,176.3,253.3,False,True,0.0,39.87,253.3,46.3,207.0,False,False,69.6
SENSEX|weekly|2025-05-06,2025-05-06,PE,0.0,20.0,0.0,38.0,11.7,26.3,31.65,False,True,0.0,99.57,38.0,0.05,37.95,False,False,103.16
SENSEX|weekly|2025-05-13,2025-04-29,PE,1050.0,1110.0,1030.0,1124.55,889.35,235.19999999999993,966.55,False,False,0.0,0.0,1124.55,889.35,235.19999999999993,False,False,40.68
SENSEX|weekly|2025-05-13,2025-05-02,PE,860.0,1040.0,790.0,866.75,625.0,241.75,817.2,True,False,28.92,0.0,1117.45,625.0,492.45000000000005,False,False,35.65
SENSEX|weekly|2025-05-13,2025-05-05,PE,600.0,700.0,570.0,918.4,600.0,318.4,918.4,False,True,0.0,6.99,918.4,558.05,360.35,False,False,34.67
SENSEX|weekly|2025-05-13,2025-05-06,PE,600.0,640.0,580.0,644.4,557.55,86.85000000000002,569.4,True,False,11.73,0.0,720.0,557.55,162.45000000000005,False,False,28.42
SENSEX|weekly|2025-05-13,2025-05-07,PE,630.0,720.0,590.0,979.8,566.7,413.0999999999999,979.75,False,True,0.0,1.16,979.8,560.15,419.65,False,True,42.17
SENSEX|weekly|2025-05-13,2025-05-08,PE,400.0,820.0,390.0,593.6,443.25,150.35000000000002,592.65,True,True,75.19,13.87,1039.95,381.75,658.2,False,True,25.53
SENSEX|weekly|2025-05-13,2025-05-09,PE,1280.0,1460.0,1150.0,1756.3,900.0,856.3,900.0,False,False,0.0,0.0,1756.3,900.0,856.3,False,False,190.29
SENSEX|weekly|2025-05-13,2025-05-12,PE,100.0,450.0,90.0,519.45,91.3,428.15000000000003,519.45,False,True,0.0,50.6,519.45,45.1,474.35,False,False,82.42
SENSEX|weekly|2025-05-13,2025-05-13,PE,40.0,70.0,0.0,102.0,12.2,89.8,47.0,True,True,17.65,99.59,120.0,0.05,119.95,True,False,308.09
SENSEX|weekly|2025-05-20,2025-05-06,PE,700.0,890.0,700.0,941.9,866.7,75.19999999999993,941.9,True,True,1.28,18.71,954.0,704.55,249.45000000000005,False,True,7.98
SENSEX|weekly|2025-05-20,2025-05-07,PE,910.0,990.0,870.0,1055.85,869.9,185.94999999999993,977.85,False,True,0.0,4.24,1055.85,833.05,222.79999999999995,False,True,26.99
SENSEX|weekly|2025-05-20,2025-05-08,PE,760.0,1150.0,750.0,843.8,760.1,83.69999999999993,843.8,True,True,58.3,0.12,1335.75,759.2,576.55,False,True,9.92
SENSEX|weekly|2025-05-20,2025-05-09,PE,1590.0,1740.0,1520.0,1671.65,1357.5,314.1500000000001,1533.5,True,False,3.94,0.0,1737.45,1357.5,379.95000000000005,True,False,29.49
SENSEX|weekly|2025-05-20,2025-05-13,PE,430.0,530.0,380.0,456.5,244.8,211.7,323.0,True,False,20.48,0.0,550.0,244.8,305.2,False,False,106.87
SENSEX|weekly|2025-05-20,2025-05-14,PE,330.0,430.0,290.0,544.25,268.3,275.95,475.3,False,True,0.0,0.58,544.25,266.75,277.5,False,True,72.56
SENSEX|weekly|2025-05-20,2025-05-15,PE,350.0,450.0,270.0,480.6,273.75,206.85000000000002,299.0,False,True,0.0,57.52,480.6,116.3,364.3,False,False,129.92
SENSEX|weekly|2025-05-20,2025-05-16,PE,80.0,110.0,60.0,120.0,80.0,40.0,119.95,False,True,0.0,28.06,120.0,57.55,62.45,False,False,33.39
SENSEX|weekly|2025-05-20,2025-05-19,PE,30.0,50.0,20.0,66.4,31.6,34.800000000000004,64.95,False,True,0.0,23.42,66.4,24.2,42.2,False,False,55.81
SENSEX|weekly|2025-05-20,2025-05-20,PE,0.0,20.0,0.0,19.1,3.2,15.900000000000002,15.0,False,True,0.0,98.44,19.1,0.05,19.05,False,False,133.33
SENSEX|weekly|2025-06-03,2025-05-20,PE,940.0,1120.0,840.0,960.0,844.55,115.45000000000005,850.0,True,True,29.32,2.91,1241.5,820.0,421.5,False,True,26.52
SENSEX|weekly|2025-06-03,2025-05-21,PE,1070.0,1190.0,980.0,1188.4,916.55,271.85000000000014,1188.4,True,True,9.14,7.59,1297.0,847.0,450.0,True,True,22.88
SENSEX|weekly|2025-06-03,2025-05-22,PE,1390.0,1600.0,1390.0,1560.05,1255.8,304.25,1275.65,True,False,7.22,0.0,1672.65,1255.8,416.85000000000014,True,False,46.15
SENSEX|weekly|2025-06-03,2025-05-23,PE,950.0,1090.0,890.0,1401.2,990.7,410.5,1360.35,False,True,0.0,14.2,1401.2,850.0,551.2,False,False,33.18
SENSEX|weekly|2025-06-03,2025-05-26,PE,780.0,870.0,750.0,800.0,612.05,187.95000000000005,800.0,True,False,14.71,0.0,917.65,612.05,305.6,True,False,23.49
SENSEX|weekly|2025-06-03,2025-05-27,PE,1120.0,1360.0,1010.0,1357.35,775.5,581.8499999999999,851.15,True,True,4.34,3.12,1416.25,751.3,664.95,True,True,127.83
SENSEX|weekly|2025-06-03,2025-05-28,PE,1090.0,1200.0,1030.0,1328.1,1037.25,290.8499999999999,1037.25,False,True,0.0,4.13,1328.1,994.45,333.64999999999986,False,True,56.08
SENSEX|weekly|2025-06-03,2025-05-29,PE,930.0,1000.0,810.0,945.25,733.8,211.45000000000005,885.0,True,True,21.04,6.73,1144.15,684.45,459.70000000000005,True,False,30.7
SENSEX|weekly|2025-06-03,2025-05-30,PE,760.0,870.0,750.0,814.45,676.25,138.20000000000005,750.0,True,False,15.42,0.0,940.0,676.25,263.75,False,False,27.02
SENSEX|weekly|2025-06-03,2025-06-02,PE,940.0,1270.0,910.0,1531.05,910.0,621.05,910.0,False,True,0.0,5.89,1531.05,856.4,674.65,False,True,136.49
SENSEX|weekly|2025-06-03,2025-06-03,PE,1180.0,1310.0,920.0,1279.95,534.1,745.85,980.55,True,False,18.57,0.0,1517.65,534.1,983.5500000000001,True,False,106.6
SENSEX|weekly|2025-06-10,2025-05-27,PE,980.0,1280.0,960.0,1359.9,1346.05,13.850000000000136,1346.05,True,True,6.8,33.34,1452.4,897.25,555.1500000000001,True,False,2.06
SENSEX|weekly|2025-06-10,2025-05-28,PE,1250.0,1370.0,1250.0,1403.85,1193.4,210.44999999999982,1351.65,False,False,0.0,0.0,1403.85,1193.4,210.44999999999982,False,False,19.43
SENSEX|weekly|2025-06-10,2025-05-29,PE,1130.0,1210.0,1030.0,1107.7,975.2,132.5,1020.95,True,True,13.36,4.79,1255.65,928.45,327.20000000000005,True,False,21.48
SENSEX|weekly|2025-06-10,2025-05-30,PE,1040.0,1070.0,970.0,1033.55,917.05,116.5,983.9,True,False,7.41,0.0,1110.1,917.05,193.04999999999995,False,False,16.89
SENSEX|weekly|2025-06-10,2025-06-02,PE,1400.0,1560.0,1170.0,1557.5,1364.55,192.95000000000005,1462.85,False,True,0.0,21.19,1557.5,1075.4,482.0999999999999,False,False,19.66
SENSEX|weekly|2025-06-10,2025-06-03,PE,1270.0,1420.0,1140.0,1374.95,1122.5,252.45000000000005,1203.65,True,True,16.43,10.5,1600.8,1004.65,596.15,True,True,35.21
SENSEX|weekly|2025-06-10,2025-06-04,PE,1080.0,1290.0,1040.0,1300.0,1134.15,165.8499999999999,1289.35,False,True,0.0,13.25,1300.0,983.85,316.15,False,False,13.69
SENSEX|weekly|2025-06-10,2025-06-05,PE,690.0,810.0,610.0,1015.8,679.85,335.94999999999993,946.6,False,True,0.0,27.03,1015.8,496.1,519.6999999999999,False,False,42.8
SENSEX|weekly|2025-06-10,2025-06-06,PE,300.0,720.0,230.0,881.0,530.6,350.4,678.8,False,True,0.0,57.15,881.0,227.35,653.65,False,False,81.41
SENSEX|weekly|2025-06-10,2025-06-09,PE,80.0,120.0,70.0,156.25,100.2,56.05,136.8,False,True,0.0,33.03,156.25,67.1,89.15,False,False,55.19
SENSEX|weekly|2025-06-10,2025-06-10,PE,0.0,60.0,0.0,121.95,21.05,100.9,45.55,False,True,0.0,99.76,121.95,0.05,121.9,False,False,389.24
SENSEX|weekly|2025-06-17,2025-06-03,PE,1230.0,1450.0,1170.0,1255.35,1010.7,244.64999999999986,1148.7,True,False,16.78,0.0,1466.0,1010.7,455.29999999999995,True,False,30.58
SENSEX|weekly|2025-06-17,2025-06-04,PE,990.0,1010.0,990.0,1010.0,990.0,20.0,1010.0,False,False,0.0,0.0,1010.0,990.0,20.0,False,False,1.98
SENSEX|weekly|2025-06-17,2025-06-05,PE,740.0,820.0,680.0,938.45,745.95,192.5,938.45,False,True,0.0,17.01,938.45,619.1,319.35,False,False,20.51
SENSEX|weekly|2025-06-17,2025-06-06,PE,450.0,750.0,390.0,874.5,619.6,254.89999999999998,731.95,False,True,0.0,35.89,874.5,397.2,477.3,False,False,54.3
SENSEX|weekly|2025-06-17,2025-06-09,PE,250.0,290.0,250.0,324.3,280.05,44.25,300.0,False,True,0.0,11.34,324.3,248.3,76.0,False,False,22.85
SENSEX|weekly|2025-06-17,2025-06-10,PE,160.0,220.0,150.0,291.5,191.15,100.35,221.45,False,True,0.0,20.85,291.5,151.3,140.2,False,False,76.95
SENSEX|weekly|2025-06-17,2025-06-11,PE,110.0,140.0,100.0,201.95,110.7,91.24999999999999,158.0,False,True,0.0,16.53,201.95,92.4,109.54999999999998,False,True,85.57
SENSEX|weekly|2025-06-17,2025-06-12,PE,150.0,300.0,80.0,169.0,83.3,85.7,128.95,True,False,138.99,0.0,403.9,83.3,320.59999999999997,False,False,97.52
SENSEX|weekly|2025-06-17,2025-06-13,PE,730.0,840.0,590.0,1155.2,689.45,465.75,689.45,False,True,0.0,23.42,1155.2,528.0,627.2,False,False,135.11
SENSEX|weekly|2025-06-17,2025-06-16,PE,150.0,420.0,130.0,610.65,327.6,283.04999999999995,594.35,False,True,0.0,62.59,610.65,122.55,488.09999999999997,False,False,50.37
SENSEX|weekly|2025-06-17,2025-06-17,PE,20.0,110.0,0.0,199.0,77.6,121.4,98.0,False,True,0.0,99.94,199.0,0.05,198.95,False,False,226.94
SENSEX|weekly|2025-07-01,2025-06-17,PE,950.0,1010.0,940.0,1021.4,929.4,92.0,929.5,True,False,1.86,0.0,1040.4,929.4,111.00000000000011,True,False,19.78
SENSEX|weekly|2025-07-01,2025-06-18,PE,1010.0,1080.0,900.0,1001.95,809.0,192.95000000000005,1001.95,True,False,7.69,0.0,1079.0,809.0,270.0,False,False,19.26
SENSEX|weekly|2025-07-01,2025-06-19,PE,920.0,990.0,910.0,971.0,893.25,77.75,971.0,True,False,7.74,0.0,1046.2,893.25,152.95000000000005,False,False,8.01
SENSEX|weekly|2025-07-01,2025-06-20,PE,590.0,780.0,520.0,870.0,692.1,177.89999999999998,850.0,False,True,0.0,28.89,870.0,492.15,377.85,False,False,23.28
SENSEX|weekly|2025-07-01,2025-06-23,PE,720.0,880.0,620.0,889.25,519.05,370.20000000000005,578.7,False,False,0.0,0.0,889.25,519.05,370.20000000000005,False,False,117.63
SENSEX|weekly|2025-07-01,2025-06-24,PE,270.0,460.0,260.0,433.15,268.2,164.95,380.0,True,True,33.01,10.31,576.15,240.55,335.59999999999997,True,True,57.39
SENSEX|weekly|2025-07-01,2025-06-25,PE,240.0,280.0,200.0,400.0,246.0,154.0,398.55,False,True,0.0,18.7,400.0,200.0,200.0,False,False,39.0
SENSEX|weekly|2025-07-01,2025-06-26,PE,130.0,190.0,110.0,222.95,128.05,94.89999999999998,222.95,False,True,0.0,42.99,222.95,73.0,149.95,False,False,42.57
SENSEX|weekly|2025-07-01,2025-06-27,PE,20.0,50.0,20.0,67.95,35.9,32.050000000000004,67.95,False,True,0.0,38.72,67.95,22.0,45.95,False,False,47.17
SENSEX|weekly|2025-07-01,2025-06-30,PE,10.0,20.0,0.0,17.15,9.5,7.649999999999999,12.7,False,True,0.0,39.47,17.15,5.75,11.399999999999999,False,False,95.28
SENSEX|weekly|2025-07-01,2025-07-01,PE,0.0,10.0,0.0,4.9,2.45,2.45,3.5,False,True,0.0,97.96,4.9,0.05,4.8500000000000005,False,False,110.0
SENSEX|weekly|2025-07-08,2025-06-24,PE,750.0,990.0,720.0,980.6,750.0,230.60000000000002,980.6,True,True,14.66,6.67,1124.35,700.0,424.3499999999999,True,True,23.52
SENSEX|weekly|2025-07-08,2025-06-25,PE,780.0,930.0,720.0,926.1,785.25,140.85000000000002,926.1,False,True,0.0,13.41,926.1,679.95,246.14999999999998,False,False,15.21
SENSEX|weekly|2025-07-08,2025-06-26,PE,590.0,640.0,500.0,675.05,529.1,145.94999999999993,675.0,False,True,0.0,26.53,675.05,388.75,286.29999999999995,False,False,21.63
SENSEX|weekly|2025-07-08,2025-06-27,PE,230.0,310.0,210.0,367.5,295.8,71.69999999999999,311.0,False,True,0.0,29.61,367.5,208.2,159.3,False,False,41.22
SENSEX|weekly|2025-07-08,2025-06-30,PE,210.0,270.0,190.0,229.6,194.0,35.599999999999994,211.1,True,False,28.35,0.0,294.7,194.0,100.69999999999999,False,False,25.63
SENSEX|weekly|2025-07-08,2025-07-01,PE,180.0,210.0,160.0,261.65,186.7,74.94999999999999,261.65,False,True,0.0,20.09,261.65,149.2,112.44999999999999,False,False,28.65
SENSEX|weekly|2025-07-08,2025-07-02,PE,160.0,250.0,140.0,157.95,107.3,50.64999999999999,143.4,True,False,79.11,0.0,282.9,107.3,175.59999999999997,False,False,45.47
SENSEX|weekly|2025-07-08,2025-07-03,PE,100.0,160.0,90.0,194.5,95.9,98.6,176.5,True,True,14.29,14.65,222.3,81.85,140.45000000000002,True,True,66.06
SENSEX|weekly|2025-07-08,2025-07-04,PE,130.0,180.0,120.0,190.0,117.75,72.25,155.05,True,True,13.47,28.83,215.6,83.8,131.8,True,False,69.14
SENSEX|weekly|2025-07-08,2025-07-07,PE,40.0,70.0,40.0,105.6,48.7,56.89999999999999,90.8,False,True,0.0,16.22,105.6,40.8,64.8,False,False,78.96
SENSEX|weekly|2025-07-08,2025-07-08,PE,0.0,20.0,0.0,47.7,7.85,39.85,44.0,False,True,0.0,99.36,47.7,0.05,47.650000000000006,False,False,98.98
SENSEX|weekly|2025-07-15,2025-07-02,PE,690.0,870.0,670.0,644.45,578.95,65.5,580.1,True,False,37.15,0.0,883.85,578.95,304.9,False,False,22.38
SENSEX|weekly|2025-07-15,2025-07-03,PE,580.0,720.0,560.0,766.15,564.0,202.14999999999998,675.65,True,True,8.9,5.77,834.35,531.45,302.9,False,True,43.31
SENSEX|weekly|2025-07-15,2025-07-04,PE,780.0,880.0,740.0,835.35,728.75,106.60000000000002,776.85,True,True,10.59,11.03,923.8,648.35,275.44999999999993,True,False,21.25
SENSEX|weekly|2025-07-15,2025-07-07,PE,630.0,670.0,610.0,741.25,606.25,135.0,738.5,False,False,0.0,0.0,741.25,606.25,135.0,False,False,18.65
SENSEX|weekly|2025-07-15,2025-07-08,PE,530.0,590.0,470.0,656.9,524.75,132.14999999999998,624.3,False,True,0.0,29.04,656.9,372.35,284.54999999999995,False,False,26.39
SENSEX|weekly|2025-07-15,2025-07-09,PE,320.0,390.0,300.0,428.9,333.75,95.14999999999998,423.05,True,True,4.97,10.05,450.2,300.2,150.0,True,True,23.87
SENSEX|weekly|2025-07-15,2025-07-10,PE,500.0,590.0,470.0,550.0,333.35,216.64999999999998,370.0,True,False,10.91,0.0,610.0,333.35,276.65,True,False,107.2
SENSEX|weekly|2025-07-15,2025-07-11,PE,1000.0,1100.0,830.0,778.6,621.45,157.14999999999998,745.0,True,False,40.99,0.0,1097.75,621.45,476.29999999999995,False,False,25.6
SENSEX|weekly|2025-07-15,2025-07-14,PE,1430.0,1480.0,1260.0,1441.45,1085.0,356.45000000000005,1085.0,True,False,6.1,0.0,1529.4,1085.0,444.4000000000001,True,False,65.71
SENSEX|weekly|2025-07-15,2025-07-15,PE,1000.0,1160.0,910.0,1351.8,1120.0,231.79999999999995,1161.8,False,True,0.0,24.11,1351.8,850.0,501.79999999999995,False,False,36.31
SENSEX|weekly|2025-07-22,2025-07-08,PE,680.0,720.0,610.0,759.55,657.05,102.5,757.9,False,True,0.0,26.13,759.55,485.35,274.19999999999993,False,False,13.74
SENSEX|weekly|2025-07-22,2025-07-09,PE,480.0,550.0,470.0,581.9,493.6,88.29999999999995,550.0,True,True,2.69,5.79,597.55,465.0,132.54999999999995,True,True,21.85
SENSEX|weekly|2025-07-22,2025-07-10,PE,670.0,720.0,620.0,680.9,504.45,176.45,522.35,True,False,7.92,0.0,734.8,504.45,230.34999999999997,False,False,64.13
SENSEX|weekly|2025-07-22,2025-07-11,PE,1030.0,1110.0,890.0,873.5,744.6,128.89999999999998,800.0,True,False,25.98,0.0,1100.45,744.6,355.85,False,False,25.3
SENSEX|weekly|2025-07-22,2025-07-14,PE,1350.0,1410.0,1240.0,1352.65,1170.0,182.6500000000001,1320.0,True,True,5.37,1.71,1425.35,1150.05,275.29999999999995,True,True,16.31
SENSEX|weekly|2025-07-22,2025-07-15,PE,960.0,1060.0,860.0,1196.55,1071.0,125.54999999999995,1150.0,False,True,0.0,18.98,1196.55,867.7,328.8499999999999,False,False,14.97
SENSEX|weekly|2025-07-22,2025-07-16,PE,1100.0,1160.0,930.0,1152.0,981.0,171.0,999.65,True,True,2.11,15.9,1176.25,825.0,351.25,True,False,32.35
SENSEX|weekly|2025-07-22,2025-07-17,PE,990.0,1100.0,940.0,1068.4,866.6,201.80000000000007,885.15,True,False,11.85,0.0,1195.0,866.6,328.4,False,False,43.5
SENSEX|weekly|2025-07-22,2025-07-18,PE,1700.0,1800.0,1550.0,1530.0,1192.95,337.04999999999995,1192.95,True,False,17.47,0.0,1797.25,1192.95,604.3,False,False,56.51
SENSEX|weekly|2025-07-22,2025-07-21,PE,1400.0,1590.0,1330.0,1974.45,1324.5,649.95,1894.45,False,True,0.0,4.11,1974.45,1270.0,704.45,False,False,38.53
SENSEX|weekly|2025-07-22,2025-07-22,PE,1200.0,1330.0,1170.0,1240.45,1037.95,202.5,1139.25,True,False,10.1,0.0,1365.7,1037.95,327.75,False,False,26.66
SENSEX|weekly|2025-08-05,2025-07-22,PE,580.0,640.0,580.0,650.0,580.9,69.10000000000002,580.9,False,False,0.0,0.0,650.0,580.9,69.10000000000002,False,False,23.79
SENSEX|weekly|2025-08-05,2025-07-23,PE,490.0,570.0,420.0,560.1,490.4,69.70000000000005,491.75,True,True,0.14,26.61,560.9,359.9,201.0,True,False,28.07
SENSEX|weekly|2025-08-05,2025-07-24,PE,550.0,660.0,480.0,432.35,360.05,72.30000000000001,360.25,True,False,57.33,0.0,680.2,360.05,320.15000000000003,False,False,40.08
SENSEX|weekly|2025-08-05,2025-07-25,PE,1010.0,1050.0,800.0,832.0,685.0,147.0,685.0,True,False,25.67,0.0,1045.6,685.0,360.5999999999999,False,False,42.92
SENSEX|weekly|2025-08-05,2025-07-28,PE,1110.0,1210.0,950.0,1282.9,1022.85,260.05000000000007,1202.8,True,True,12.64,6.43,1445.0,957.1,487.9,False,True,28.28
SENSEX|weekly|2025-08-05,2025-07-29,PE,1510.0,1650.0,1260.0,1644.9,1439.25,205.6500000000001,1551.4,False,True,0.0,27.51,1644.9,1043.25,601.6500000000001,False,False,19.28
SENSEX|weekly|2025-08-05,2025-07-30,PE,920.0,1060.0,870.0,1133.85,971.0,162.8499999999999,1021.0,True,True,3.71,11.0,1175.9,864.2,311.70000000000005,True,False,27.0
SENSEX|weekly|2025-08-05,2025-07-31,PE,1500.0,1650.0,950.0,1641.4,1416.3,225.10000000000014,1449.0,False,True,0.0,50.71,1641.4,698.05,943.3500000000001,False,False,28.81
SENSEX|weekly|2025-08-05,2025-08-01,PE,1490.0,1600.0,1270.0,1500.0,1257.75,242.25,1350.0,True,True,23.46,6.14,1851.9,1180.5,671.4000000000001,False,True,29.06
SENSEX|weekly|2025-08-05,2025-08-04,PE,1540.0,1610.0,1360.0,1600.0,1548.3,51.700000000000045,1600.0,False,True,0.0,16.61,1600.0,1291.15,308.8499999999999,False,False,3.23
SENSEX|weekly|2025-08-05,2025-08-05,PE,1730.0,1800.0,1650.0,1741.65,1535.0,206.6500000000001,1535.0,True,False,5.06,0.0,1829.7,1535.0,294.70000000000005,True,False,26.93
SENSEX|weekly|2025-08-12,2025-07-29,PE,560.0,690.0,490.0,621.6,520.0,101.60000000000002,620.0,True,True,9.4,32.17,680.0,352.7,327.3,True,False,16.65
SENSEX|weekly|2025-08-12,2025-07-30,PE,300.0,360.0,280.0,368.65,324.85,43.799999999999955,357.8,True,True,3.97,14.62,383.3,277.35,105.94999999999999,True,False,15.27
SENSEX|weekly|2025-08-12,2025-07-31,PE,530.0,590.0,340.0,584.25,491.4,92.85000000000002,492.75,False,True,0.0,47.9,584.25,256.0,328.25,False,False,37.41
SENSEX|weekly|2025-08-12,2025-08-01,PE,490.0,590.0,450.0,524.1,426.95,97.15000000000003,480.4,True,True,39.34,10.41,730.3,382.5,347.79999999999995,False,True,29.32
SENSEX|weekly|2025-08-12,2025-08-04,PE,500.0,610.0,430.0,696.4,491.0,205.39999999999998,630.3,False,True,0.0,22.74,696.4,379.35,317.04999999999995,False,False,43.07
SENSEX|weekly|2025-08-12,2025-08-05,PE,510.0,570.0,480.0,573.25,370.95,202.3,449.85,True,False,0.66,0.0,577.05,370.95,206.09999999999997,True,False,72.4
SENSEX|weekly|2025-08-12,2025-08-06,PE,460.0,530.0,430.0,552.0,429.15,122.85000000000002,488.0,True,True,8.38,4.03,598.25,411.85,186.39999999999998,False,True,38.29
SENSEX|weekly|2025-08-12,2025-08-07,PE,800.0,1000.0,630.0,712.8,555.35,157.44999999999993,650.0,True,True,44.08,44.54,1027.0,308.0,719.0,True,False,33.88
SENSEX|weekly|2025-08-12,2025-08-08,PE,750.0,830.0,630.0,756.85,379.9,376.95000000000005,379.95,True,False,28.45,0.0,972.2,379.9,592.3000000000001,False,False,198.41
SENSEX|weekly|2025-08-12,2025-08-11,PE,680.0,950.0,600.0,975.05,749.05,226.0,931.75,False,True,0.0,57.9,975.05,315.35,659.6999999999999,False,False,28.9
SENSEX|weekly|2025-08-12,2025-08-12,PE,200.0,400.0,160.0,422.45,82.0,340.45,390.0,True,False,50.83,0.0,637.2,82.0,555.2,False,False,95.62
SENSEX|weekly|2025-08-19,2025-08-05,PE,420.0,440.0,390.0,431.35,399.25,32.10000000000002,420.0,False,True,0.0,7.25,431.35,370.3,61.05000000000001,False,False,10.35
SENSEX|weekly|2025-08-19,2025-08-06,PE,350.0,420.0,350.0,422.95,349.8,73.14999999999998,354.95,True,True,5.67,0.1,446.95,349.45,97.5,True,True,39.77
SENSEX|weekly|2025-08-19,2025-08-07,PE,540.0,680.0,450.0,513.45,415.0,98.45000000000005,435.05,True,True,36.85,35.12,702.65,269.25,433.4,True,False,40.65
SENSEX|weekly|2025-08-19,2025-08-08,PE,510.0,560.0,450.0,524.2,314.75,209.45000000000005,361.0,True,False,27.07,0.0,666.1,314.75,351.35,False,False,103.23
SENSEX|weekly|2025-08-19,2025-08-11,PE,470.0,620.0,420.0,632.5,501.7,130.8,620.95,False,True,0.0,43.58,632.5,283.05,349.45,False,False,22.92
SENSEX|weekly|2025-08-19,2025-08-12,PE,210.0,300.0,200.0,311.85,162.25,149.60000000000002,302.05,True,False,15.92,0.0,361.5,162.25,199.25,False,False,52.77
SENSEX|weekly|2025-08-19,2025-08-13,PE,220.0,270.0,190.0,336.0,208.0,128.0,336.0,False,True,0.0,19.23,336.0,168.0,168.0,False,False,38.1
SENSEX|weekly|2025-08-19,2025-08-14,PE,160.0,190.0,140.0,212.35,151.2,61.150000000000006,200.05,False,True,0.0,9.99,212.35,136.1,76.25,False,True,36.72
SENSEX|weekly|2025-08-19,2025-08-18,PE,10.0,40.0,10.0,101.0,13.8,87.2,101.0,False,True,0.0,18.48,101.0,11.25,89.75,False,False,86.34
SENSEX|weekly|2025-08-19,2025-08-19,PE,0.0,10.0,0.0,10.0,3.1,6.9,10.0,False,True,0.0,98.39,10.0,0.05,9.95,False,False,69.0
SENSEX|weekly|2025-09-04,2025-08-21,PE,520.0,570.0,510.0,640.25,525.0,115.25,614.15,False,True,0.0,6.85,640.25,489.05,151.2,False,True,23.02
SENSEX|weekly|2025-09-04,2025-08-22,PE,820.0,920.0,760.0,804.2,557.15,247.05000000000007,557.15,True,False,14.72,0.0,922.55,557.15,365.4,False,False,88.68
SENSEX|weekly|2025-09-04,2025-08-25,PE,640.0,760.0,610.0,815.0,690.0,125.0,796.8,False,True,0.0,12.9,815.0,601.0,214.0,False,False,17.97
SENSEX|weekly|2025-09-04,2025-08-26,PE,1070.0,1180.0,960.0,1126.35,690.0,436.3499999999999,690.0,True,False,12.5,0.0,1267.1,690.0,577.0999999999999,False,False,126.48
SENSEX|weekly|2025-09-04,2025-08-28,PE,1760.0,1920.0,1630.0,1913.3,1713.75,199.54999999999995,1738.9,False,True,0.0,15.41,1913.3,1449.65,463.64999999999986,False,True,21.5
SENSEX|weekly|2025-09-04,2025-08-29,PE,1740.0,2030.0,1740.0,1780.6,1705.1,75.5,1753.05,True,False,19.7,0.0,2131.45,1705.1,426.3499999999999,False,False,5.88
SENSEX|weekly|2025-09-04,2025-09-01,PE,1810.0,1900.0,1770.0,1891.1,1790.0,101.09999999999991,1801.0,False,True,0.0,5.68,1891.1,1688.35,202.75,False,False,10.62
SENSEX|weekly|2025-09-04,2025-09-02,PE,1330.0,1700.0,1310.0,1445.1,1313.05,132.04999999999995,1445.1,True,False,31.79,0.0,1904.5,1313.05,591.45,False,False,9.14
SENSEX|weekly|2025-09-04,2025-09-03,PE,1780.0,1840.0,1630.0,1785.75,1761.25,24.5,1782.8,True,True,2.57,14.04,1831.6,1513.9,317.6999999999998,True,False,1.54
SENSEX|weekly|2025-09-04,2025-09-04,PE,1090.0,1210.0,880.0,1130.0,773.0,357.0,1050.15,True,False,25.89,0.0,1422.6,773.0,649.5999999999999,False,False,41.6
SENSEX|weekly|2025-09-11,2025-08-28,PE,700.0,760.0,620.0,783.65,582.0,201.64999999999998,582.0,False,True,0.0,7.34,783.65,539.3,244.35000000000002,False,True,69.3
SENSEX|weekly|2025-09-11,2025-08-29,PE,660.0,750.0,610.0,785.2,661.0,124.20000000000005,748.95,True,True,12.6,10.92,884.15,588.8,295.35,False,True,21.42
SENSEX|weekly|2025-09-11,2025-09-01,PE,620.0,660.0,520.0,682.95,575.45,107.5,681.4,False,True,0.0,18.32,682.95,470.05,212.90000000000003,False,False,16.0
SENSEX|weekly|2025-09-11,2025-09-02,PE,330.0,560.0,310.0,468.3,333.95,134.35000000000002,451.05,True,True,42.45,7.85,667.1,307.75,359.35,False,True,33.61
SENSEX|weekly|2025-09-11,2025-09-03,PE,550.0,630.0,470.0,666.5,523.35,143.14999999999998,557.1,False,True,0.0,33.12,666.5,350.0,316.5,False,False,45.33
SENSEX|weekly|2025-09-11,2025-09-04,PE,200.0,280.0,190.0,224.8,135.4,89.4,159.05,True,False,37.92,0.0,310.05,135.4,174.65,False,False,97.55
SENSEX|weekly|2025-09-11,2025-09-05,PE,360.0,450.0,230.0,412.0,147.1,264.9,223.65,True,False,18.41,0.0,487.85,147.1,340.75,True,False,202.66
SENSEX|weekly|2025-09-11,2025-09-08,PE,130.0,170.0,100.0,193.7,115.75,77.94999999999999,189.75,False,True,0.0,30.41,193.7,80.55,113.14999999999999,False,True,43.16
SENSEX|weekly|2025-09-11,2025-09-09,PE,90.0,120.0,80.0,118.6,74.45,44.14999999999999,118.6,True,True,5.4,26.73,125.0,54.55,70.45,True,False,37.23
SENSEX|weekly|2025-09-11,2025-09-10,PE,10.0,30.0,10.0,47.0,18.2,28.8,47.0,False,True,0.0,43.41,47.0,10.3,36.7,False,False,61.28
SENSEX|weekly|2025-09-11,2025-09-11,PE,0.0,10.0,0.0,11.9,3.05,8.850000000000001,3.05,False,True,0.0,98.36,11.9,0.05,11.85,False,False,580.33
SENSEX|weekly|2025-09-18,2025-09-04,PE,580.0,630.0,540.0,655.25,539.8,115.45000000000005,577.5,True,True,9.12,0.19,715.0,538.8,176.20000000000005,False,True,33.45
SENSEX|weekly|2025-09-18,2025-09-05,PE,770.0,910.0,640.0,838.35,511.4,326.95000000000005,572.25,True,False,9.08,0.0,914.5,511.4,403.1,True,False,103.63
SENSEX|weekly|2025-09-18,2025-09-08,PE,530.0,570.0,460.0,584.5,486.7,97.80000000000001,537.25,False,True,0.0,16.46,584.5,406.6,177.89999999999998,False,True,27.0
SENSEX|weekly|2025-09-18,2025-09-09,PE,450.0,490.0,430.0,494.6,423.6,71.0,442.9,True,True,3.32,3.8,511.0,407.5,103.5,True,False,27.7
SENSEX|weekly|2025-09-18,2025-09-10,PE,260.0,280.0,240.0,327.6,259.45,68.15000000000003,290.8,False,True,0.0,11.35,327.6,230.0,97.60000000000002,False,False,36.09
SENSEX|weekly|2025-09-18,2025-09-11,PE,210.0,240.0,180.0,260.05,205.55,54.5,260.05,False,True,0.0,20.99,260.05,162.4,97.65,False,False,20.96
SENSEX|weekly|2025-09-18,2025-09-12,PE,80.0,120.0,80.0,159.0,104.7,54.3,149.8,False,True,0.0,26.55,159.0,76.9,82.1,False,False,42.39
SENSEX|weekly|2025-09-18,2025-09-15,PE,60.0,80.0,50.0,90.0,65.35,24.650000000000006,81.25,False,True,0.0,18.06,90.0,53.55,36.45,False,True,41.11
SENSEX|weekly|2025-09-18,2025-09-16,PE,30.0,50.0,20.0,61.95,37.55,24.400000000000006,58.0,False,True,0.0,60.59,61.95,14.8,47.150000000000006,False,False,48.88
SENSEX|weekly|2025-09-18,2025-09-17,PE,0.0,10.0,0.0,13.05,7.2,5.8500000000000005,13.05,False,True,0.0,9.72,13.05,6.5,6.550000000000001,False,True,44.83
SENSEX|weekly|2025-09-18,2025-09-18,PE,0.0,10.0,0.0,7.5,2.55,4.95,7.5,False,True,0.0,98.04,7.5,0.05,7.45,False,False,66.0
SENSEX|weekly|2025-10-01,2025-09-17,PE,440.0,450.0,400.0,484.7,422.4,62.30000000000001,475.0,False,True,0.0,5.23,484.7,400.3,84.39999999999998,False,False,15.16
SENSEX|weekly|2025-10-01,2025-09-18,PE,270.0,320.0,270.0,347.05,270.9,76.15000000000003,347.05,False,True,0.0,4.34,347.05,259.15,87.90000000000003,False,False,21.94
SENSEX|weekly|2025-10-01,2025-09-19,PE,390.0,430.0,350.0,438.7,302.1,136.59999999999997,304.4,True,False,1.87,0.0,446.9,302.1,144.79999999999995,True,False,88.99
SENSEX|weekly|2025-10-01,2025-09-22,PE,400.0,490.0,380.0,527.25,386.85,140.39999999999998,446.05,True,True,14.89,0.41,605.75,385.25,220.5,True,True,49.68
SENSEX|weekly|2025-10-01,2025-09-23,PE,510.0,700.0,450.0,736.6,485.0,251.60000000000002,543.05,True,True,7.43,9.99,791.35,436.55,354.8,True,True,81.97
SENSEX|weekly|2025-10-01,2025-09-24,PE,740.0,820.0,690.0,832.1,675.0,157.10000000000002,675.05,True,True,7.66,5.04,895.8,641.0,254.79999999999995,True,True,46.54
SENSEX|weekly|2025-10-01,2025-09-25,PE,890.0,1080.0,850.0,907.0,775.0,132.0,890.6,True,False,37.82,0.0,1250.0,775.0,475.0,False,False,16.66
SENSEX|weekly|2025-10-01,2025-09-26,PE,1640.0,2110.0,1640.0,1595.55,1512.25,83.29999999999995,1550.0,True,False,33.5,0.0,2130.0,1512.25,617.75,False,False,8.31
SENSEX|weekly|2025-10-01,2025-09-29,PE,2110.0,2150.0,1830.0,1928.45,1739.6,188.85000000000014,1867.05,True,False,11.26,0.0,2145.55,1739.6,405.9500000000003,False,False,13.4
SENSEX|weekly|2025-10-01,2025-09-30,PE,2200.0,2240.0,2060.0,2117.15,1931.1,186.05000000000018,1946.95,True,False,5.42,0.0,2231.9,1931.1,300.8000000000002,False,False,18.3
SENSEX|weekly|2025-10-01,2025-10-01,PE,1780.0,2140.0,1690.0,2188.95,2157.35,31.59999999999991,2188.95,False,True,0.0,29.13,2188.95,1529.0,659.9499999999998,False,False,1.44
SENSEX|weekly|2025-10-09,2025-09-25,PE,440.0,500.0,400.0,415.85,352.0,63.85000000000002,352.0,True,False,38.9,0.0,577.6,352.0,225.60000000000002,False,False,36.28
SENSEX|weekly|2025-10-09,2025-09-26,PE,790.0,1080.0,740.0,832.55,693.45,139.0999999999999,693.45,True,False,42.93,0.0,1190.0,693.45,496.54999999999995,False,False,40.12
SENSEX|weekly|2025-10-09,2025-09-29,PE,990.0,1090.0,890.0,1029.8,800.0,229.79999999999995,907.0,True,True,12.64,6.5,1160.0,748.0,412.0,True,True,38.88
SENSEX|weekly|2025-10-09,2025-09-30,PE,1100.0,1160.0,1030.0,1123.0,895.85,227.14999999999998,956.1,True,False,9.56,0.0,1230.35,895.85,334.4999999999999,True,False,41.21
SENSEX|weekly|2025-10-09,2025-10-01,PE,690.0,980.0,550.0,1159.75,965.1,194.64999999999998,1140.05,False,True,0.0,42.56,1159.75,554.4,605.35,False,False,18.8
SENSEX|weekly|2025-10-09,2025-10-03,PE,560.0,680.0,540.0,753.8,558.4,195.39999999999998,651.35,False,True,0.0,28.7,753.8,398.15,355.65,False,False,45.73
SENSEX|weekly|2025-10-09,2025-10-06,PE,230.0,530.0,200.0,577.9,266.9,311.0,577.85,False,True,0.0,54.55,577.9,121.3,456.59999999999997,False,False,53.83
SENSEX|weekly|2025-10-09,2025-10-07,PE,70.0,110.0,50.0,143.0,70.0,73.0,122.85,False,True,0.0,48.36,143.0,36.15,106.85,False,False,75.82
SENSEX|weekly|2025-10-09,2025-10-08,PE,40.0,90.0,30.0,79.0,30.35,48.65,69.95,True,False,77.03,0.0,139.85,30.35,109.5,True,False,82.49
SENSEX|weekly|2025-10-09,2025-10-09,PE,0.0,50.0,0.0,80.0,24.2,55.8,35.0,False,True,0.0,99.79,80.0,0.05,79.95,False,False,288.0
SENSEX|weekly|2025-10-16,2025-10-03,PE,390.0,470.0,380.0,507.1,387.95,119.15000000000003,479.15,False,True,0.0,25.24,507.1,290.05,217.05,False,False,30.7
SENSEX|weekly|2025-10-16,2025-10-06,PE,200.0,240.0,130.0,322.9,225.75,97.14999999999998,272.45,False,True,0.0,40.53,322.9,134.25,188.64999999999998,False,False,54.18
SENSEX|weekly|2025-10-16,2025-10-07,PE,90.0,130.0,80.0,145.45,97.75,47.69999999999999,125.6,False,True,0.0,26.65,145.45,71.7,73.74999999999999,False,False,53.78
SENSEX|weekly|2025-10-16,2025-10-08,PE,100.0,130.0,80.0,104.9,68.2,36.7,101.15,True,False,42.99,0.0,150.0,68.2,81.8,False,False,39.99
SENSEX|weekly|2025-10-16,2025-10-09,PE,60.0,110.0,60.0,126.9,83.85,43.05000000000001,97.75,False,True,0.0,45.56,126.9,45.65,81.25,False,False,73.86
SENSEX|weekly|2025-10-16,2025-10-10,PE,30.0,40.0,30.0,57.5,32.95,24.549999999999997,56.7,False,True,0.0,14.87,57.5,28.05,29.45,False,False,44.71
SENSEX|weekly|2025-10-16,2025-10-13,PE,40.0,60.0,30.0,66.85,36.15,30.699999999999996,50.0,False,True,0.0,19.78,66.85,29.0,37.849999999999994,False,False,95.1
SENSEX|weekly|2025-10-16,2025-10-14,PE,30.0,60.0,20.0,44.6,17.9,26.700000000000003,25.65,True,False,81.05,0.0,80.75,17.9,62.85,True,False,177.97
SENSEX|weekly|2025-10-16,2025-10-15,PE,0.0,10.0,0.0,25.35,7.85,17.5,24.0,False,True,0.0,20.38,25.35,6.25,19.1,False,False,78.54
SENSEX|weekly|2025-10-16,2025-10-16,PE,0.0,10.0,0.0,4.8,2.7,2.0999999999999996,2.7,True,True,1.04,98.15,4.85,0.05,4.8,True,False,155.56
SENSEX|weekly|2025-10-23,2025-10-09,PE,350.0,450.0,320.0,489.85,381.3,108.55000000000001,440.2,False,True,0.0,23.49,489.85,291.75,198.10000000000002,False,False,35.94
SENSEX|weekly|2025-10-23,2025-10-10,PE,180.0,220.0,170.0,291.0,209.1,81.9,288.0,False,True,0.0,18.03,291.0,171.4,119.6,False,False,29.48
SENSEX|weekly|2025-10-23,2025-10-13,PE,300.0,340.0,270.0,355.0,261.5,93.5,261.5,False,True,0.0,11.3,355.0,231.95,123.05000000000001,False,False,71.51
SENSEX|weekly|2025-10-23,2025-10-14,PE,330.0,430.0,270.0,299.05,182.45,116.60000000000002,203.6,True,False,56.98,0.0,469.45,182.45,287.0,False,False,104.15
SENSEX|weekly|2025-10-23,2025-10-15,PE,140.0,220.0,130.0,301.05,177.05,124.0,291.45,False,True,0.0,28.86,301.05,125.95,175.10000000000002,False,False,45.84
SENSEX|weekly|2025-10-23,2025-10-16,PE,70.0,90.0,60.0,127.0,83.35,43.650000000000006,127.0,False,True,0.0,36.53,127.0,52.9,74.1,False,False,34.37
SENSEX|weekly|2025-10-23,2025-10-17,PE,40.0,60.0,40.0,70.05,42.05,28.0,57.0,True,True,0.71,8.8,70.55,38.35,32.199999999999996,True,True,72.02
SENSEX|weekly|2025-10-23,2025-10-20,PE,10.0,20.0,0.0,25.8,15.0,10.8,21.95,False,True,0.0,54.67,25.8,6.8,19.0,False,False,66.74
SENSEX|weekly|2025-10-23,2025-10-21,PE,0.0,10.0,0.0,8.0,3.6,4.4,7.5,False,False,0.0,0.0,8.0,3.6,4.4,False,False,65.33
SENSEX|weekly|2025-10-23,2025-10-23,PE,0.0,10.0,0.0,4.0,2.1,1.9,2.65,False,True,0.0,97.62,4.0,0.05,3.95,False,False,122.64
SENSEX|weekly|2025-11-06,2025-10-23,PE,500.0,640.0,490.0,704.5,500.0,204.5,600.0,True,True,7.35,5.18,756.3,474.1,282.19999999999993,False,True,51.5
SENSEX|weekly|2025-11-06,2025-10-24,PE,880.0,1010.0,740.0,845.95,710.4,135.55000000000007,710.4,True,False,35.29,0.0,1144.5,710.4,434.1,False,False,38.16
SENSEX|weekly|2025-11-06,2025-10-27,PE,620.0,660.0,570.0,774.55,578.55,196.0,763.85,False,True,0.0,4.72,774.55,551.25,223.29999999999995,False,False,27.06
SENSEX|weekly|2025-11-06,2025-10-28,PE,790.0,880.0,690.0,814.3,542.85,271.44999999999993,574.75,True,False,12.27,0.0,914.25,542.85,371.4,True,False,88.91
SENSEX|weekly|2025-11-06,2025-10-29,PE,470.0,540.0,410.0,639.55,511.85,127.69999999999993,585.05,False,True,0.0,23.05,639.55,393.85,245.69999999999993,False,False,31.14
SENSEX|weekly|2025-11-06,2025-10-30,PE,670.0,740.0,610.0,757.35,465.05,292.3,535.0,True,False,0.3,0.0,759.6,465.05,294.55,True,False,96.2
SENSEX|weekly|2025-11-06,2025-10-31,PE,910.0,990.0,760.0,846.45,513.35,333.1,640.0,True,False,16.34,0.0,984.8,513.35,471.44999999999993,False,False,84.3
SENSEX|weekly|2025-11-06,2025-11-03,PE,990.0,1130.0,950.0,1284.3,961.0,323.29999999999995,999.95,False,True,0.0,9.32,1284.3,871.4,412.9,False,False,60.77
SENSEX|weekly|2025-11-06,2025-11-04,PE,1240.0,1400.0,1120.0,1250.0,940.0,310.0,1065.9,True,False,23.13,0.0,1539.1,940.0,599.0999999999999,False,False,46.36
SENSEX|weekly|2025-11-06,2025-11-06,PE,1570.0,1640.0,1410.0,1600.0,1180.0,420.0,1600.0,True,False,8.18,0.0,1730.9,1180.0,550.9000000000001,False,False,26.25
SENSEX|weekly|2025-11-13,2025-10-30,PE,700.0,750.0,660.0,740.0,611.4,128.60000000000002,611.4,True,False,5.08,0.0,777.6,611.4,166.20000000000005,True,False,42.07
SENSEX|weekly|2025-11-13,2025-10-31,PE,920.0,940.0,750.0,813.35,611.15,202.20000000000005,776.8,True,False,16.46,0.0,947.25,611.15,336.1,False,False,30.74
SENSEX|weekly|2025-11-13,2025-11-03,PE,960.0,1090.0,930.0,1155.0,965.2,189.79999999999995,1014.0,False,True,0.0,8.19,1155.0,886.15,268.85,False,False,32.62
SENSEX|weekly|2025-11-13,2025-11-04,PE,1130.0,1200.0,1070.0,1130.0,961.4,168.60000000000002,961.4,True,False,16.46,0.0,1315.95,961.4,354.55000000000007,False,False,35.07
SENSEX|weekly|2025-11-13,2025-11-06,PE,1360.0,1390.0,1190.0,1305.2,1040.0,265.20000000000005,1100.05,True,False,11.63,0.0,1457.05,1040.0,417.04999999999995,False,False,42.76
SENSEX|weekly|2025-11-13,2025-11-07,PE,1800.0,2030.0,1560.0,2025.0,1783.05,241.95000000000005,1783.05,False,True,0.0,21.84,2025.0,1393.65,631.3499999999999,False,False,27.14
SENSEX|weekly|2025-11-13,2025-11-10,PE,1090.0,1230.0,1050.0,1378.2,1235.0,143.20000000000005,1363.0,False,True,0.0,15.71,1378.2,1041.0,337.20000000000005,False,False,11.62
SENSEX|weekly|2025-11-13,2025-11-11,PE,1350.0,1590.0,1060.0,1484.9,1085.05,399.85000000000014,1085.05,True,True,7.01,23.97,1589.0,825.0,764.0,True,False,73.7
SENSEX|weekly|2025-11-13,2025-11-12,PE,330.0,480.0,290.0,650.0,430.0,220.0,650.0,False,True,0.0,32.29,650.0,291.15,358.85,False,False,33.85
SENSEX|weekly|2025-11-13,2025-11-13,PE,150.0,360.0,90.0,547.9,270.65,277.25,342.95,False,True,0.0,86.27,547.9,37.15,510.75,False,True,140.6
SENSEX|weekly|2025-11-20,2025-11-07,PE,1050.0,1120.0,770.0,1118.95,1015.1,103.85000000000002,1015.1,False,True,0.0,32.85,1118.95,681.6,437.35,False,False,20.46
SENSEX|weekly|2025-11-20,2025-11-10,PE,530.0,610.0,490.0,718.3,581.3,137.0,595.4,False,True,0.0,15.02,718.3,494.0,224.29999999999995,False,False,43.65
SENSEX|weekly|2025-11-20,2025-11-11,PE,700.0,780.0,520.0,745.2,497.5,247.70000000000005,497.5,True,True,8.04,25.23,805.1,372.0,433.1,True,False,99.58
SENSEX|weekly|2025-11-20,2025-11-12,PE,190.0,250.0,180.0,309.0,226.0,83.0,309.0,False,True,0.0,21.57,309.0,177.25,131.75,False,False,26.86
SENSEX|weekly|2025-11-20,2025-11-13,PE,140.0,220.0,140.0,245.25,173.45,71.80000000000001,215.5,True,True,0.35,22.66,246.1,134.15,111.94999999999999,True,True,47.12
SENSEX|weekly|2025-11-20,2025-11-14,PE,230.0,270.0,180.0,327.0,202.5,124.5,323.0,True,True,1.07,34.64,330.5,132.35,198.15,True,False,39.78
SENSEX|weekly|2025-11-20,2025-11-17,PE,60.0,90.0,50.0,125.3,66.5,58.8,107.25,False,True,0.0,28.95,125.3,47.25,78.05,False,False,71.66
SENSEX|weekly|2025-11-20,2025-11-18,PE,50.0,80.0,30.0,97.65,41.3,56.35000000000001,54.25,False,True,0.0,34.87,97.65,26.9,70.75,False,False,183.87
SENSEX|weekly|2025-11-20,2025-11-19,PE,10.0,20.0,10.0,34.7,14.4,20.300000000000004,29.9,False,True,0.0,35.76,34.7,9.25,25.450000000000003,False,False,83.95
SENSEX|weekly|2025-11-20,2025-11-20,PE,0.0,10.0,0.0,6.55,2.85,3.6999999999999997,6.4,False,True,0.0,98.25,6.55,0.05,6.5,False,False,60.16
SENSEX|weekly|2025-12-04,2025-11-20,PE,550.0,660.0,500.0,661.3,590.15,71.14999999999998,595.9,False,True,0.0,23.16,661.3,453.45,207.84999999999997,False,False,22.91
SENSEX|weekly|2025-12-04,2025-11-21,PE,570.0,610.0,510.0,604.2,511.0,93.20000000000005,545.3,True,True,7.21,7.12,647.75,474.6,173.14999999999998,False,True,27.89
SENSEX|weekly|2025-12-04,2025-11-24,PE,500.0,590.0,480.0,611.05,483.7,127.34999999999997,611.05,True,True,18.75,6.97,725.65,450.0,275.65,False,True,20.84
SENSEX|weekly|2025-12-04,2025-11-25,PE,640.0,760.0,610.0,750.35,374.2,376.15000000000003,700.0,True,False,15.91,0.0,869.75,374.2,495.55,False,False,60.93
SENSEX|weekly|2025-12-04,2025-11-26,PE,410.0,600.0,360.0,824.9,468.35,356.54999999999995,775.0,False,True,0.0,26.02,824.9,346.5,478.4,False,False,52.45
SENSEX|weekly|2025-12-04,2025-11-27,PE,240.0,300.0,220.0,330.75,214.95,115.80000000000001,330.7,True,True,8.24,6.35,358.0,201.3,156.7,True,True,35.03
SENSEX|weekly|2025-12-04,2025-11-28,PE,190.0,210.0,170.0,273.45,170.55,102.89999999999998,220.05,False,True,0.0,3.64,273.45,164.35,109.1,False,True,71.03
SENSEX|weekly|2025-12-04,2025-12-01,PE,180.0,230.0,140.0,118.0,92.1,25.900000000000006,92.75,True,False,97.63,0.0,233.2,92.1,141.1,False,False,55.15
SENSEX|weekly|2025-12-04,2025-12-02,PE,280.0,320.0,250.0,309.9,186.55,123.34999999999997,209.4,True,False,10.75,0.0,343.2,186.55,156.64999999999998,True,False,106.9
SENSEX|weekly|2025-12-04,2025-12-03,PE,400.0,500.0,370.0,525.55,243.05,282.49999999999994,265.7,True,False,0.85,0.0,530.0,243.05,286.95,True,False,204.12
SENSEX|weekly|2025-12-04,2025-12-04,PE,140.0,280.0,110.0,399.0,121.0,278.0,350.0,False,True,0.0,98.35,399.0,2.0,397.0,False,False,93.43
SENSEX|weekly|2025-12-11,2025-11-27,PE,500.0,570.0,460.0,507.85,429.45,78.40000000000003,493.85,True,False,22.08,0.0,620.0,429.45,190.55,True,False,18.71
SENSEX|weekly|2025-12-11,2025-11-28,PE,430.0,470.0,420.0,538.95,405.4,133.55000000000007,521.1,False,True,0.0,2.57,538.95,395.0,143.95000000000005,False,True,29.05
SENSEX|weekly|2025-12-11,2025-12-01,PE,440.0,510.0,380.0,350.0,315.0,35.0,336.3,True,False,45.47,0.0,509.15,315.0,194.14999999999998,False,False,14.48
SENSEX|weekly|2025-12-11,2025-12-02,PE,600.0,650.0,570.0,626.55,451.1,175.44999999999993,501.55,True,False,7.37,0.0,672.7,451.1,221.60000000000002,True,False,59.9
SENSEX|weekly|2025-12-11,2025-12-03,PE,780.0,860.0,740.0,874.45,639.0,235.45000000000005,639.0,True,False,0.06,0.0,875.0,639.0,236.0,True,False,73.69
SENSEX|weekly|2025-12-11,2025-12-04,PE,590.0,670.0,520.0,779.95,550.0,229.95000000000005,750.55,False,True,0.0,16.47,779.95,459.4,320.55000000000007,False,False,34.55
SENSEX|weekly|2025-12-11,2025-12-05,PE,280.0,490.0,250.0,579.55,368.9,210.64999999999998,545.95,False,True,0.0,32.69,579.55,248.3,331.24999999999994,False,False,44.74
SENSEX|weekly|2025-12-11,2025-12-08,PE,390.0,640.0,300.0,409.9,250.7,159.2,272.1,True,False,88.28,0.0,771.75,250.7,521.05,False,False,109.15
SENSEX|weekly|2025-12-11,2025-12-09,PE,760.0,960.0,730.0,1150.0,731.55,418.45000000000005,784.4,False,True,0.0,7.12,1150.0,679.45,470.54999999999995,False,True,99.96
SENSEX|weekly|2025-12-11,2025-12-10,PE,940.0,1220.0,820.0,941.1,660.0,281.1,926.0,True,True,33.16,8.05,1253.15,606.85,646.3000000000001,False,True,31.99
SENSEX|weekly|2025-12-11,2025-12-11,PE,1060.0,1270.0,830.0,1424.35,999.0,425.3499999999999,1260.05,False,True,0.0,30.45,1424.35,694.8,729.55,False,False,46.8
SENSEX|weekly|2025-12-18,2025-12-04,PE,420.0,470.0,380.0,550.15,417.8,132.34999999999997,535.8,False,True,0.0,16.74,550.15,347.85,202.29999999999995,False,False,27.38
SENSEX|weekly|2025-12-18,2025-12-05,PE,240.0,370.0,220.0,443.3,293.0,150.3,390.5,False,True,0.0,26.81,443.3,214.45,228.85000000000002,False,False,52.01
SENSEX|weekly|2025-12-18,2025-12-08,PE,290.0,460.0,240.0,301.75,225.35,76.4,228.95,True,False,78.24,0.0,537.85,225.35,312.5,False,False,65.17
SENSEX|weekly|2025-12-18,2025-12-09,PE,510.0,640.0,490.0,764.25,493.05,271.2,521.6,False,True,0.0,8.68,764.25,450.25,314.0,False,True,98.51
SENSEX|weekly|2025-12-18,2025-12-10,PE,580.0,770.0,540.0,625.0,431.15,193.85000000000002,624.25,True,True,26.69,7.13,791.8,400.4,391.4,False,True,31.17
SENSEX|weekly|2025-12-18,2025-12-11,PE,630.0,860.0,510.0,905.0,606.45,298.54999999999995,775.0,False,True,0.0,31.31,905.0,416.55,488.45,False,False,55.3
SENSEX|weekly|2025-12-18,2025-12-12,PE,260.0,330.0,220.0,438.45,233.0,205.45,438.4,False,True,0.0,11.09,438.45,207.15,231.29999999999998,False,False,46.88
SENSEX|weekly|2025-12-18,2025-12-15,PE,220.0,330.0,210.0,418.0,248.95,169.05,251.5,False,True,0.0,19.02,418.0,201.6,216.4,False,False,133.42
SENSEX|weekly|2025-12-18,2025-12-16,PE,370.0,410.0,340.0,435.95,275.25,160.7,285.05,False,False,0.0,0.0,435.95,275.25,160.7,False,False,109.31
SENSEX|weekly|2025-12-18,2025-12-17,PE,480.0,550.0,410.0,478.75,269.0,209.75,350.0,True,False,20.07,0.0,574.85,269.0,305.85,True,False,96.71
SENSEX|weekly|2025-12-18,2025-12-18,PE,550.0,630.0,360.0,730.9,470.05,260.84999999999997,500.0,False,True,0.0,44.59,730.9,260.45,470.45,False,True,98.35
SENSEX|weekly|2026-01-01,2025-12-18,PE,270.0,330.0,250.0,390.0,313.89,76.11000000000001,339.5,False,True,0.0,23.64,390.0,239.7,150.3,False,False,37.29
SENSEX|weekly|2026-01-01,2025-12-19,PE,180.0,200.0,170.0,224.75,181.95,42.80000000000001,224.75,False,True,0.0,7.64,224.75,168.05,56.69999999999999,False,False,19.04
SENSEX|weekly|2026-01-01,2025-12-22,PE,90.0,100.0,80.0,115.3,90.8,24.5,110.15,False,True,0.0,10.35,115.3,81.4,33.89999999999999,False,False,26.92
SENSEX|weekly|2026-01-01,2025-12-23,PE,50.0,70.0,40.0,86.3,60.7,25.599999999999994,69.8,False,True,0.0,34.68,86.3,39.65,46.65,False,False,60.32
SENSEX|weekly|2026-01-01,2025-12-24,PE,30.0,40.0,20.0,51.75,31.0,20.75,46.55,False,True,0.0,15.48,51.75,26.2,25.55,False,False,55.75
SENSEX|weekly|2026-01-01,2025-12-26,PE,20.0,40.0,20.0,39.6,28.7,10.900000000000002,29.0,True,True,3.16,7.49,40.85,26.55,14.3,True,True,74.14
SENSEX|weekly|2026-01-01,2025-12-29,PE,30.0,50.0,20.0,32.1,17.0,15.100000000000001,31.0,True,False,77.41,0.0,56.95,17.0,39.95,False,False,52.26
SENSEX|weekly|2026-01-01,2025-12-30,PE,40.0,50.0,20.0,65.3,38.2,27.099999999999994,43.2,False,True,0.0,58.51,65.3,15.85,49.449999999999996,False,False,113.89
SENSEX|weekly|2026-01-01,2025-12-31,PE,0.0,10.0,0.0,15.9,8.19,7.710000000000001,15.9,False,True,0.0,50.06,15.9,4.09,11.81,False,False,48.49
SENSEX|weekly|2026-01-01,2026-01-01,PE,0.0,10.0,0.0,3.8,1.6,2.1999999999999997,2.95,False,True,0.0,96.88,3.8,0.05,3.75,False,False,103.39
SENSEX|weekly|2026-01-08,2025-12-26,PE,450.0,510.0,430.0,475.0,401.9,73.10000000000002,451.85,True,False,10.75,0.0,526.05,401.9,124.14999999999998,False,False,21.3
SENSEX|weekly|2026-01-08,2025-12-29,PE,610.0,710.0,530.0,538.8,412.25,126.54999999999995,538.8,True,False,29.92,0.0,700.0,412.25,287.75,False,False,23.49
SENSEX|weekly|2026-01-08,2025-12-30,PE,670.0,730.0,620.0,783.5,627.45,156.04999999999995,627.45,False,True,0.0,5.27,783.5,594.4,189.10000000000002,False,False,49.74
SENSEX|weekly|2026-01-08,2025-12-31,PE,340.0,530.0,310.0,595.95,508.6,87.35000000000002,530.0,False,True,0.0,37.67,595.95,317.0,278.95000000000005,False,False,28.92
SENSEX|weekly|2026-01-08,2026-01-01,PE,290.0,320.0,270.0,326.7,257.15,69.55000000000001,293.9,True,False,9.63,0.0,358.15,257.15,101.0,True,False,34.82
SENSEX|weekly|2026-01-08,2026-01-02,PE,150.0,210.0,130.0,295.7,174.7,121.0,295.7,False,True,0.0,34.17,295.7,115.0,180.7,False,False,40.92
SENSEX|weekly|2026-01-08,2026-01-05,PE,120.0,200.0,90.0,177.7,92.8,84.89999999999999,115.3,True,False,60.13,0.0,284.55,92.8,191.75,False,False,127.75
SENSEX|weekly|2026-01-08,2026-01-06,PE,320.0,380.0,260.0,361.95,175.2,186.75,200.0,True,False,13.43,0.0,410.55,175.2,235.35000000000002,True,False,174.35
SENSEX|weekly|2026-01-08,2026-01-07,PE,420.0,500.0,360.0,495.0,339.4,155.60000000000002,418.65,True,True,9.7,10.55,543.0,303.6,239.39999999999998,True,True,55.4
SENSEX|weekly|2026-01-08,2026-01-08,PE,930.0,1170.0,670.0,570.65,408.85,161.79999999999995,463.0,True,False,103.88,0.0,1163.45,408.85,754.6,False,False,58.2
SENSEX|weekly|2026-01-14,2025-12-31,PE,330.0,430.0,310.0,525.0,405.35,119.64999999999998,525.0,False,True,0.0,22.57,525.0,313.85,211.14999999999998,False,False,22.79
SENSEX|weekly|2026-01-14,2026-01-01,PE,280.0,300.0,270.0,310.0,273.2,36.80000000000001,297.7,True,True,0.61,4.83,311.9,260.0,51.89999999999998,True,True,16.49
SENSEX|weekly|2026-01-14,2026-01-02,PE,180.0,210.0,170.0,257.45,196.0,61.44999999999999,250.45,False,True,0.0,16.66,257.45,163.35,94.1,False,False,27.33
SENSEX|weekly|2026-01-14,2026-01-05,PE,170.0,230.0,160.0,215.0,160.15,54.849999999999994,173.5,True,True,29.14,4.5,277.65,152.95,124.69999999999999,False,True,55.53
SENSEX|weekly|2026-01-14,2026-01-06,PE,280.0,320.0,250.0,321.95,210.0,111.94999999999999,227.65,True,False,4.75,0.0,337.25,210.0,127.25,True,False,90.6
SENSEX|weekly|2026-01-14,2026-01-07,PE,320.0,360.0,290.0,370.0,285.0,85.0,328.05,False,True,0.0,7.93,370.0,262.4,107.60000000000002,False,True,38.7
SENSEX|weekly|2026-01-14,2026-01-08,PE,630.0,780.0,490.0,378.25,310.0,68.25,353.95,True,False,104.34,0.0,772.9,310.0,462.9,False,False,26.15
SENSEX|weekly|2026-01-14,2026-01-09,PE,1230.0,1420.0,820.0,833.65,606.6,227.04999999999995,733.8,True,False,69.66,0.0,1414.4,606.6,807.8000000000001,False,False,44.55
SENSEX|weekly|2026-01-14,2026-01-12,PE,1600.0,1850.0,1190.0,1710.6,1361.8,348.79999999999995,1362.5,True,True,13.95,32.21,1949.25,923.15,1026.1,True,False,51.15
SENSEX|weekly|2026-01-14,2026-01-13,PE,1060.0,1410.0,930.0,1315.15,739.25,575.9000000000001,978.85,True,False,23.39,0.0,1622.8,739.25,883.55,True,False,93.19
SENSEX|weekly|2026-01-14,2026-01-14,PE,1340.0,1530.0,1230.0,1512.25,1205.45,306.79999999999995,1507.55,True,True,7.46,10.2,1625.1,1082.55,542.55,False,True,20.66
SENSEX|weekly|2026-01-22,2026-01-08,PE,660.0,760.0,560.0,502.4,437.1,65.29999999999995,448.9,True,False,50.22,0.0,754.7,437.1,317.6,False,False,26.46
SENSEX|weekly|2026-01-22,2026-01-09,PE,700.0,1160.0,700.0,771.15,658.15,113.0,658.15,True,False,58.21,0.0,1220.05,658.15,561.9,False,False,34.34
SENSEX|weekly|2026-01-22,2026-01-12,PE,1480.0,1790.0,1190.0,1488.55,1282.55,206.0,1282.55,True,True,19.92,26.24,1785.0,945.95,839.05,True,False,32.12
SENSEX|weekly|2026-01-22,2026-01-13,PE,1210.0,1360.0,1010.0,1240.05,810.05,430.0,950.0,True,False,18.27,0.0,1466.55,810.05,656.5,True,False,75.79
SENSEX|weekly|2026-01-22,2026-01-14,PE,1300.0,1380.0,1150.0,1350.4,1120.0,230.4000000000001,1350.4,True,True,6.98,6.25,1444.65,1050.05,394.60000000000014,False,True,17.06
SENSEX|weekly|2026-01-22,2026-01-16,PE,1140.0,1250.0,910.0,1193.9,940.55,253.35000000000014,1125.1,True,True,7.71,21.05,1285.95,742.6,543.35,True,True,28.63
SENSEX|weekly|2026-01-22,2026-01-19,PE,1720.0,1790.0,1560.0,1789.1,1541.75,247.3499999999999,1575.6,True,True,3.04,8.11,1843.4,1416.75,426.6500000000001,True,True,29.25
SENSEX|weekly|2026-01-22,2026-01-20,PE,1860.0,2470.0,1800.0,1899.85,1584.7,315.14999999999986,1584.75,True,False,41.32,0.0,2684.9,1584.7,1100.2,False,False,39.77
SENSEX|weekly|2026-01-22,2026-01-21,PE,2800.0,3220.0,2550.0,2999.05,2550.0,449.0500000000002,2600.0,True,True,11.75,8.41,3351.45,2335.55,1015.8999999999996,True,True,32.62
SENSEX|weekly|2026-01-22,2026-01-22,PE,2460.0,2790.0,2310.0,2355.0,2086.6,268.4000000000001,2355.0,True,False,18.05,0.0,2780.0,2086.6,693.4000000000001,False,False,11.4
SENSEX|weekly|2026-02-05,2026-01-22,PE,980.0,1130.0,840.0,875.5,700.0,175.5,849.65,True,False,29.64,0.0,1135.0,700.0,435.0,True,False,23.7
SENSEX|weekly|2026-02-05,2026-01-23,PE,920.0,1220.0,820.0,960.0,803.45,156.54999999999995,820.65,True,False,41.15,0.0,1355.0,803.45,551.55,False,False,36.06
SENSEX|weekly|2026-02-05,2026-01-27,PE,1270.0,1490.0,1190.0,1649.75,1168.05,481.70000000000005,1190.5,False,True,0.0,21.18,1649.75,920.7,729.05,False,False,79.04
SENSEX|weekly|2026-02-05,2026-01-28,PE,840.0,980.0,780.0,1193.5,790.45,403.04999999999995,1193.45,False,True,0.0,9.36,1193.5,716.45,477.04999999999995,False,False,33.78
SENSEX|weekly|2026-02-05,2026-01-29,PE,850.0,1140.0,740.0,1136.0,750.0,386.0,750.1,False,True,0.0,28.67,1136.0,535.0,601.0,False,False,102.91
SENSEX|weekly|2026-02-05,2026-01-30,PE,830.0,950.0,770.0,935.0,750.1,184.89999999999998,750.1,True,True,12.26,36.01,1049.65,480.0,569.6500000000001,True,False,49.3
SENSEX|weekly|2026-02-05,2026-02-01,PE,710.0,1650.0,570.0,844.8,653.4,191.39999999999998,711.75,True,True,221.82,12.82,2718.75,569.65,2149.1,False,True,45.58
SENSEX|weekly|2026-02-05,2026-02-02,PE,1610.0,1850.0,1300.0,2049.45,1462.2,587.2499999999998,1791.95,True,True,3.95,32.97,2130.4,980.1,1150.3000000000002,True,False,47.14
SENSEX|weekly|2026-02-05,2026-02-03,PE,100.0,260.0,70.0,497.75,170.0,327.75,497.75,False,True,0.0,56.24,497.75,74.4,423.35,False,False,65.85
SENSEX|weekly|2026-02-05,2026-02-04,PE,30.0,50.0,20.0,112.8,31.55,81.25,102.0,False,True,0.0,41.84,112.8,18.35,94.44999999999999,False,True,90.25
SENSEX|weekly|2026-02-05,2026-02-05,PE,0.0,20.0,0.0,24.9,7.25,17.65,18.95,False,True,0.0,99.31,24.9,0.05,24.849999999999998,False,False,124.54
SENSEX|weekly|2026-02-12,2026-01-29,PE,900.0,1010.0,700.0,947.1,904.65,42.450000000000045,947.1,True,True,5.71,38.43,1001.2,557.0,444.20000000000005,True,False,4.48
SENSEX|weekly|2026-02-12,2026-01-30,PE,760.0,870.0,730.0,839.0,675.0,164.0,675.0,True,True,13.7,5.14,953.95,640.3,313.6500000000001,True,True,48.59
SENSEX|weekly|2026-02-12,2026-02-01,PE,710.0,1430.0,580.0,797.95,703.9,94.05000000000007,733.7,True,True,143.65,18.31,1944.2,575.05,1369.15,False,True,21.58
SENSEX|weekly|2026-02-12,2026-02-02,PE,1510.0,1780.0,1340.0,1630.0,1400.0,230.0,1610.0,True,True,10.42,33.86,1799.85,926.0,873.8499999999999,True,False,15.53
SENSEX|weekly|2026-02-12,2026-02-04,PE,180.0,190.0,110.0,300.0,160.45,139.55,300.0,False,True,0.0,32.69,300.0,108.0,192.0,False,False,46.52
SENSEX|weekly|2026-02-12,2026-02-05,PE,120.0,140.0,110.0,155.95,111.0,44.94999999999999,134.45,False,True,0.0,1.85,155.95,108.95,46.999999999999986,False,True,49.42
SENSEX|weekly|2026-02-12,2026-02-06,PE,120.0,170.0,100.0,177.55,139.7,37.85000000000002,157.2,False,True,0.0,35.54,177.55,90.05,87.50000000000001,False,False,37.02
SENSEX|weekly|2026-02-12,2026-02-09,PE,30.0,50.0,30.0,90.0,35.35,54.65,90.0,False,False,0.0,0.0,90.0,35.35,54.65,False,False,60.72
SENSEX|weekly|2026-02-12,2026-02-10,PE,20.0,30.0,10.0,38.9,25.05,13.849999999999998,38.8,False,True,0.0,41.52,38.9,14.65,24.25,False,False,35.95
SENSEX|weekly|2026-02-12,2026-02-11,PE,10.0,20.0,0.0,13.0,7.65,5.35,13.0,False,False,0.0,0.0,13.0,7.65,5.35,False,False,41.15
SENSEX|weekly|2026-02-12,2026-02-12,PE,0.0,10.0,0.0,4.5,2.35,2.15,4.5,False,True,0.0,97.87,4.5,0.05,4.45,False,False,47.78
SENSEX|weekly|2026-02-19,2026-02-05,PE,820.0,840.0,760.0,834.2,739.85,94.35000000000002,833.35,False,False,0.0,0.0,834.2,739.85,94.35000000000002,False,False,11.42
SENSEX|weekly|2026-02-19,2026-02-06,PE,840.0,990.0,760.0,977.5,831.5,146.0,877.4,True,True,2.83,21.03,1005.2,656.65,348.55000000000007,True,False,28.05
SENSEX|weekly|2026-02-19,2026-02-09,PE,410.0,440.0,390.0,468.8,416.85,51.94999999999999,455.9,False,True,0.0,7.65,468.8,384.95,83.85000000000002,False,True,14.22
SENSEX|weekly|2026-02-19,2026-02-10,PE,280.0,310.0,270.0,338.35,290.0,48.35000000000002,311.0,False,True,0.0,11.6,338.35,256.35,82.0,False,False,24.34
SENSEX|weekly|2026-02-19,2026-02-11,PE,220.0,250.0,210.0,268.6,203.85,64.75000000000003,255.0,False,False,0.0,0.0,268.6,203.85,64.75000000000003,False,False,30.73
SENSEX|weekly|2026-02-19,2026-02-12,PE,320.0,360.0,280.0,344.35,261.1,83.25,285.05,True,False,34.98,0.0,464.8,261.1,203.7,False,False,50.01
SENSEX|weekly|2026-02-19,2026-02-13,PE,880.0,1040.0,810.0,962.95,620.9,342.05000000000007,650.0,True,False,31.77,0.0,1268.9,620.9,648.0000000000001,False,False,100.77
SENSEX|weekly|2026-02-19,2026-02-16,PE,1010.0,1180.0,810.0,1328.1,900.0,428.0999999999999,1328.1,False,True,0.0,36.85,1328.1,568.35,759.7499999999999,False,False,32.23
SENSEX|weekly|2026-02-19,2026-02-17,PE,450.0,580.0,390.0,805.0,542.65,262.35,738.05,False,True,0.0,30.89,805.0,375.0,430.0,False,False,44.62
SENSEX|weekly|2026-02-19,2026-02-18,PE,350.0,510.0,320.0,563.1,323.5,239.60000000000002,398.0,True,True,1.94,48.44,574.0,166.8,407.2,True,False,101.68
SENSEX|weekly|2026-02-19,2026-02-19,PE,740.0,1250.0,450.0,260.0,64.65,195.35,127.65,True,False,377.08,0.0,1240.4,64.65,1175.75,False,False,256.72
