entry_time,entry_price,return_pct,exit_reason,max_possible,option_type,exp
2025-04-07 15:10:00+05:30,30.25,-50.0,sl,25.62,CE,2025-04-08
2025-04-08 12:45:00+05:30,8.6,-50.0,sl,32.56,CE,2025-04-08
2025-04-07 14:30:00+05:30,135.1,50.0,target,467.02,CE,2025-04-15
2025-04-08 11:10:00+05:30,196.8,50.0,target,289.25,CE,2025-04-15
2025-04-09 15:10:00+05:30,130.7,50.0,target,486.11,CE,2025-04-15
2025-04-11 14:55:00+05:30,273.55,50.0,target,180.04,CE,2025-04-15
2025-04-09 12:15:00+05:30,1171.25,50.0,target,392.47,CE,2025-04-22
2025-04-15 09:25:00+05:30,2955.45,50.0,target,95.17,CE,2025-04-22
2025-04-23 09:15:00+05:30,909.05,-50.0,sl,61.71,CE,2025-05-06
2025-04-25 13:10:00+05:30,528.3,50.0,target,178.25,CE,2025-05-06
2025-04-28 15:25:00+05:30,910.95,50.0,target,61.37,CE,2025-05-06
2025-05-02 13:45:00+05:30,918.5,-30.0163,end,21.28,CE,2025-05-06
2025-04-29 13:10:00+05:30,893.3,50.0,target,143.46,CE,2025-05-13
2025-05-02 13:45:00+05:30,966.0,-50.0,sl,125.13,CE,2025-05-13
2025-05-07 09:20:00+05:30,717.65,-50.0,sl,203.04,CE,2025-05-13
2025-05-12 09:15:00+05:30,575.1,50.0,target,278.16,CE,2025-05-13
2025-05-06 13:40:00+05:30,1037.55,-50.0,sl,119.97,CE,2025-05-20
2025-05-12 09:20:00+05:30,1121.15,50.0,target,103.57,CE,2025-05-20
2025-05-14 09:30:00+05:30,1286.1,50.0,target,70.67,CE,2025-05-20
2025-05-16 12:55:00+05:30,1873.8,-50.0,sl,2.63,CE,2025-05-20
2025-05-21 09:45:00+05:30,939.7,-50.0,sl,31.42,CE,2025-06-03
2025-05-22 15:00:00+05:30,493.15,50.0,target,150.43,CE,2025-06-03
2025-05-26 09:15:00+05:30,1032.75,-50.0,sl,19.58,CE,2025-06-03
2025-05-29 15:10:00+05:30,366.1,-50.0,sl,22.37,CE,2025-06-03
2025-06-02 11:20:00+05:30,232.6,50.0,target,53.57,CE,2025-06-03
2025-06-02 15:05:00+05:30,297.0,-50.0,sl,17.85,CE,2025-06-03
2025-05-28 13:05:00+05:30,1033.4,-50.0,sl,0.0,CE,2025-06-10
2025-06-02 11:20:00+05:30,658.65,-50.0,sl,39.67,CE,2025-06-10
2025-06-04 14:10:00+05:30,316.25,50.0,target,189.85,CE,2025-06-10
2025-06-06 10:35:00+05:30,425.15,50.0,target,115.61,CE,2025-06-10
2025-06-06 14:25:00+05:30,709.75,-16.5129,end,29.15,CE,2025-06-10
2025-06-04 14:00:00+05:30,818.0,50.0,target,87.37,CE,2025-06-17
2025-06-11 11:10:00+05:30,1400.0,-50.0,sl,9.47,CE,2025-06-17
2025-06-13 13:50:00+05:30,309.85,50.0,target,101.69,CE,2025-06-17
2025-06-17 14:25:00+05:30,193.45,-5.3761,end,6.46,CE,2025-06-17
2025-06-17 14:35:00+05:30,775.85,50.0,target,181.47,CE,2025-07-01
2025-06-25 09:45:00+05:30,976.3,50.0,target,123.68,CE,2025-07-01
2025-07-01 09:35:00+05:30,1822.55,-1.2071,end,2.73,CE,2025-07-01
2025-06-25 09:55:00+05:30,798.35,50.0,target,79.63,CE,2025-07-08
2025-07-01 14:25:00+05:30,1235.65,-50.0,sl,0.0,CE,2025-07-08
2025-07-04 14:25:00+05:30,611.9,50.0,target,68.56,CE,2025-07-08
2025-07-01 13:15:00+05:30,904.75,-50.0,sl,0.0,CE,2025-07-15
2025-07-04 14:25:00+05:30,443.2,-50.0,sl,38.76,CE,2025-07-15
2025-07-08 12:35:00+05:30,802.25,-50.0,sl,16.66,CE,2025-07-22
2025-07-14 15:00:00+05:30,157.05,-50.0,sl,36.52,CE,2025-07-22
2025-07-16 12:15:00+05:30,94.5,-50.0,sl,35.61,CE,2025-07-22
2025-07-24 09:55:00+05:30,416.4,50.0,target,344.74,PE,2025-08-05
2025-07-24 15:00:00+05:30,554.15,50.0,target,234.19,PE,2025-08-05
2025-07-28 10:55:00+05:30,1098.1,50.0,target,68.65,PE,2025-08-05
2025-08-05 09:35:00+05:30,1535.0,9.7068,end,19.2,PE,2025-08-05
2025-07-31 09:25:00+05:30,540.0,-50.0,sl,90.19,PE,2025-08-12
2025-07-31 15:05:00+05:30,339.95,50.0,target,202.1,PE,2025-08-12
2025-08-04 09:45:00+05:30,623.8,50.0,target,64.64,PE,2025-08-12
2025-08-08 10:10:00+05:30,689.95,-50.0,sl,41.32,PE,2025-08-12
2025-08-12 11:10:00+05:30,378.85,-50.0,sl,68.19,PE,2025-08-12
2025-08-12 13:40:00+05:30,294.85,50.0,target,116.11,PE,2025-08-12
2025-08-06 10:50:00+05:30,427.8,50.0,target,64.25,PE,2025-08-19
2025-08-08 10:10:00+05:30,497.8,-50.0,sl,33.81,PE,2025-08-19
2025-08-12 11:10:00+05:30,305.0,-50.0,sl,18.52,PE,2025-08-19
2025-08-14 11:50:00+05:30,200.25,-50.0,sl,2.57,PE,2025-08-19
2025-08-21 12:50:00+05:30,751.0,-50.0,sl,4.05,CE,2025-09-04
2025-08-25 09:40:00+05:30,412.0,-50.0,sl,5.72,CE,2025-09-04
2025-09-01 15:00:00+05:30,13.5,-50.0,sl,281.85,CE,2025-09-04
2025-09-04 09:15:00+05:30,27.25,-50.0,sl,89.17,CE,2025-09-04
2025-09-04 12:00:00+05:30,7.5,-50.0,sl,28.0,CE,2025-09-04
2025-08-28 12:40:00+05:30,657.15,-50.0,sl,34.54,PE,2025-09-11
2025-09-02 13:25:00+05:30,379.75,50.0,target,75.67,PE,2025-09-11
2025-09-04 12:25:00+05:30,269.25,50.0,target,81.19,PE,2025-09-11
2025-09-08 15:00:00+05:30,137.95,-50.0,sl,26.86,PE,2025-09-11
2025-09-04 13:50:00+05:30,631.6,-50.0,sl,44.79,PE,2025-09-18
2025-09-10 13:35:00+05:30,272.65,-50.0,sl,1.63,PE,2025-09-18
2025-09-12 15:30:00+05:30,87.15,-50.0,sl,4.25,PE,2025-09-18
2025-09-17 14:15:00+05:30,7.7,-50.0,sl,20.13,PE,2025-09-18
2025-09-17 15:05:00+05:30,813.9,-50.0,sl,21.64,CE,2025-10-01
2025-09-23 12:35:00+05:30,412.0,-50.0,sl,15.13,CE,2025-10-01
2025-09-24 13:10:00+05:30,210.0,-50.0,sl,7.6,CE,2025-10-01
2025-09-26 15:25:00+05:30,29.45,-50.0,sl,9.68,CE,2025-10-01
2025-09-25 14:05:00+05:30,455.05,50.0,target,170.38,PE,2025-10-09
2025-09-29 11:40:00+05:30,1002.25,-50.0,sl,22.76,PE,2025-10-09
2025-10-07 15:10:00+05:30,72.8,-50.0,sl,92.1,PE,2025-10-09
2025-10-08 11:00:00+05:30,69.1,50.0,target,102.39,PE,2025-10-09
2025-10-08 14:50:00+05:30,78.65,-50.0,sl,3.24,PE,2025-10-09
2025-10-07 11:50:00+05:30,125.3,-50.0,sl,19.71,PE,2025-10-16
2025-10-13 09:15:00+05:30,41.85,50.0,target,92.95,PE,2025-10-16
2025-10-14 11:10:00+05:30,40.9,50.0,target,97.43,PE,2025-10-16
2025-10-16 13:05:00+05:30,4.35,-50.0,sl,8.05,PE,2025-10-16
2025-10-09 15:10:00+05:30,890.0,50.0,target,292.44,CE,2025-10-23
2025-10-20 09:25:00+05:30,2850.0,-3.3333,end,22.55,CE,2025-10-23
2025-10-23 12:00:00+05:30,1015.1,-50.0,sl,3.2,CE,2025-11-06
2025-10-27 09:15:00+05:30,500.05,50.0,target,64.97,CE,2025-11-06
2025-10-27 15:30:00+05:30,728.0,-50.0,sl,12.27,CE,2025-11-06
2025-11-03 14:25:00+05:30,98.8,-50.0,sl,9.72,CE,2025-11-06
2025-10-31 09:40:00+05:30,769.35,-50.0,sl,4.11,CE,2025-11-13
2025-11-03 14:05:00+05:30,403.3,-50.0,sl,9.4,CE,2025-11-13
2025-11-07 12:45:00+05:30,38.05,50.0,target,373.06,CE,2025-11-13
2025-11-10 10:20:00+05:30,49.45,-50.0,sl,264.0,CE,2025-11-13
2025-11-11 12:40:00+05:30,23.65,50.0,target,661.1,CE,2025-11-13
2025-11-13 11:05:00+05:30,142.25,-50.0,sl,26.54,CE,2025-11-13
2025-11-13 13:40:00+05:30,133.5,-50.0,sl,34.83,CE,2025-11-13
2025-11-06 14:00:00+05:30,740.0,50.0,target,51.21,PE,2025-11-20
2025-11-10 15:05:00+05:30,533.8,50.0,target,50.82,PE,2025-11-20
2025-11-13 09:15:00+05:30,224.55,-50.0,sl,47.18,PE,2025-11-20
2025-11-18 09:15:00+05:30,67.8,-50.0,sl,44.03,PE,2025-11-20
2025-11-20 12:50:00+05:30,4.55,-50.0,sl,28.57,PE,2025-11-20
2025-11-21 12:25:00+05:30,983.0,-50.0,sl,5.74,CE,2025-12-04
2025-11-25 13:30:00+05:30,550.0,50.0,target,88.98,CE,2025-12-04
2025-11-28 09:20:00+05:30,843.95,-50.0,sl,16.94,CE,2025-12-04
2025-12-03 15:00:00+05:30,109.55,-50.0,sl,127.2,CE,2025-12-04
2025-11-28 09:30:00+05:30,927.3,-50.0,sl,9.64,CE,2025-12-11
2025-12-03 14:50:00+05:30,292.35,50.0,target,106.28,CE,2025-12-11
2025-12-04 15:00:00+05:30,359.15,50.0,target,67.91,CE,2025-12-11
2025-12-04 15:00:00+05:30,973.7,-50.0,sl,34.21,CE,2025-12-18
2025-12-09 12:20:00+05:30,585.0,-50.0,sl,14.53,CE,2025-12-18
2025-12-11 10:30:00+05:30,349.65,50.0,target,91.62,CE,2025-12-18
2025-12-12 11:10:00+05:30,549.35,-50.0,sl,15.06,CE,2025-12-18
2025-12-16 13:55:00+05:30,237.9,-50.0,sl,5.49,CE,2025-12-18
2025-12-18 14:15:00+05:30,297.25,-50.0,sl,9.5,PE,2026-01-01
2025-12-24 14:30:00+05:30,30.95,50.0,target,110.99,PE,2026-01-01
2025-12-30 11:40:00+05:30,47.7,-50.0,sl,4.4,PE,2026-01-01
2025-12-29 09:15:00+05:30,516.9,-50.0,sl,55.82,CE,2026-01-08
2025-12-30 10:30:00+05:30,328.9,50.0,target,144.89,CE,2026-01-08
2026-01-02 09:30:00+05:30,424.4,50.0,target,89.79,CE,2026-01-08
2026-01-02 15:10:00+05:30,643.95,-50.0,sl,25.08,CE,2026-01-08
2026-01-07 15:25:00+05:30,45.95,-50.0,sl,4.24,CE,2026-01-08
2026-01-01 12:15:00+05:30,302.8,50.0,target,543.74,PE,2026-01-14
2026-01-08 14:55:00+05:30,623.5,50.0,target,212.63,PE,2026-01-14
2026-01-13 10:00:00+05:30,1258.85,20.6061,end,29.09,PE,2026-01-14
2026-01-13 10:00:00+05:30,1240.05,50.0,target,170.27,PE,2026-01-22
2026-01-21 14:40:00+05:30,2800.0,-11.475,end,4.29,PE,2026-01-22
2026-01-23 10:20:00+05:30,967.8,50.0,target,180.92,PE,2026-02-05
2026-01-27 10:50:00+05:30,1450.0,-50.0,sl,87.5,PE,2026-02-05
2026-01-29 09:45:00+05:30,995.7,-50.0,sl,173.05,PE,2026-02-05
2026-02-01 12:00:00+05:30,803.45,50.0,target,238.38,PE,2026-02-05
2026-02-04 15:25:00+05:30,36.3,-50.0,sl,18.46,PE,2026-02-05
2026-01-30 09:20:00+05:30,808.25,50.0,target,140.54,PE,2026-02-12
2026-02-05 09:45:00+05:30,142.1,-50.0,sl,24.95,PE,2026-02-12
2026-02-09 15:05:00+05:30,40.9,50.0,target,56.48,PE,2026-02-12
2026-02-06 11:50:00+05:30,608.35,50.0,target,83.46,CE,2026-02-19
2026-02-09 13:15:00+05:30,890.0,-50.0,sl,25.4,CE,2026-02-19
2026-02-16 12:30:00+05:30,148.35,50.0,target,105.49,CE,2026-02-19
2026-02-17 10:20:00+05:30,228.9,-50.0,sl,33.18,CE,2026-02-19
2026-02-18 12:45:00+05:30,115.2,50.0,target,158.25,CE,2026-02-19
