timeframe,trade_index,timestamp,equity,return_pct,series_id,option_type
1m,0,2025-04-15T11:12:00+05:30,100.0,0.0,,
1m,1,2025-04-15T15:29:00+05:30,0.2079,-99.7921,SENSEX|weekly|2025-04-15,PE
1m,2,2025-04-15T15:29:00+05:30,0.2121,2.0245,SENSEX|weekly|2025-04-15,CE
1m,3,2025-04-17T10:20:00+05:30,0.2333,10.0,NIFTY|weekly|2025-04-17,PE
1m,4,2025-04-17T10:33:00+05:30,0.2567,10.0,NIFTY|weekly|2025-04-17,CE
1m,5,2025-04-17T11:14:00+05:30,0.2823,10.0,NIFTY|weekly|2025-04-17,CE
1m,6,2025-04-17T15:29:00+05:30,0.0015,-99.4703,NIFTY|weekly|2025-04-17,PE
1m,7,2025-04-17T15:29:00+05:30,0.0015,0.0923,NIFTY|weekly|2025-04-17,CE
1m,8,2025-04-22T15:29:00+05:30,0.0015,-1.0468,SENSEX|weekly|2025-04-22,CE
1m,9,2025-04-22T15:29:00+05:30,0.0001,-95.6522,SENSEX|weekly|2025-04-22,PE
1m,10,2025-04-24T10:44:00+05:30,0.0001,10.0,NIFTY|weekly|2025-04-24,PE
1m,11,2025-04-24T15:29:00+05:30,0.0001,-0.5103,NIFTY|weekly|2025-04-24,CE
1m,12,2025-04-24T15:29:00+05:30,0.0,-60.0,NIFTY|weekly|2025-04-24,PE
1m,13,2025-04-25T14:52:00+05:30,0.0001,85.7401,NIFTY|monthly|2025-05-29,CE
1m,14,2025-05-06T13:59:00+05:30,0.0001,10.0,SENSEX|weekly|2025-05-06,CE
1m,15,2025-05-06T14:26:00+05:30,0.0001,10.0,SENSEX|weekly|2025-05-06,PE
1m,16,2025-05-06T15:29:00+05:30,0.0001,-4.1312,SENSEX|weekly|2025-05-06,CE
1m,17,2025-05-08T14:51:00+05:30,0.0001,10.0,NIFTY|weekly|2025-05-08,PE
1m,18,2025-05-13T15:11:00+05:30,0.0001,12.233,NIFTY|monthly|2025-05-29,CE
1m,19,2025-05-15T10:31:00+05:30,0.0001,20.0,NIFTY|weekly|2025-05-15,CE
1m,20,2025-05-15T11:36:00+05:30,0.0001,20.0,NIFTY|weekly|2025-05-15,PE
1m,21,2025-05-20T12:48:00+05:30,0.0001,20.0,SENSEX|weekly|2025-05-20,PE
1m,22,2025-05-22T11:27:00+05:30,0.0002,20.0,NIFTY|weekly|2025-05-22,PE
1m,23,2025-05-22T12:24:00+05:30,0.0002,20.0,NIFTY|weekly|2025-05-22,PE
1m,24,2025-05-22T12:49:00+05:30,0.0002,20.0,NIFTY|weekly|2025-05-22,PE
1m,25,2025-05-22T14:19:00+05:30,0.0003,20.0,NIFTY|weekly|2025-05-22,PE
1m,26,2025-05-22T15:29:00+05:30,0.0003,-5.003,NIFTY|weekly|2025-05-22,CE
1m,27,2025-05-29T15:29:00+05:30,0.0,-99.9751,NIFTY|monthly|2025-05-29,PE
1m,28,2025-05-29T15:29:00+05:30,0.0,0.758,NIFTY|monthly|2025-05-29,CE
1m,29,2025-06-03T10:20:00+05:30,0.0,20.0,SENSEX|weekly|2025-06-03,CE
1m,30,2025-06-03T12:51:00+05:30,0.0,20.0,SENSEX|weekly|2025-06-03,PE
1m,31,2025-06-03T15:29:00+05:30,0.0,-99.9635,SENSEX|weekly|2025-06-03,CE
1m,32,2025-06-05T11:59:00+05:30,0.0,20.0,NIFTY|weekly|2025-06-05,CE
1m,33,2025-06-05T13:31:00+05:30,0.0,20.0,NIFTY|weekly|2025-06-05,PE
1m,34,2025-06-05T14:42:00+05:30,0.0,20.0,NIFTY|weekly|2025-06-05,CE
1m,35,2025-06-10T10:54:00+05:30,0.0,20.0,SENSEX|weekly|2025-06-10,PE
1m,36,2025-06-10T15:29:00+05:30,0.0,-99.5074,SENSEX|weekly|2025-06-10,PE
1m,37,2025-06-10T15:29:00+05:30,0.0,-9.2712,SENSEX|weekly|2025-06-10,CE
1m,38,2025-06-12T10:44:00+05:30,0.0,20.0,NIFTY|weekly|2025-06-12,PE
1m,39,2025-06-12T12:04:00+05:30,0.0,20.0,NIFTY|weekly|2025-06-12,PE
1m,40,2025-06-12T13:27:00+05:30,0.0,20.0,NIFTY|weekly|2025-06-12,PE
1m,41,2025-06-12T15:29:00+05:30,0.0,-99.9703,NIFTY|weekly|2025-06-12,CE
1m,42,2025-06-24T15:29:00+05:30,0.0,-78.0275,SENSEX|monthly|2025-06-24,CE
1m,43,2025-06-24T15:29:00+05:30,0.0,-99.9982,SENSEX|monthly|2025-06-24,PE
1m,44,2025-06-26T14:01:00+05:30,0.0,20.0,NIFTY|monthly|2025-06-26,CE
1m,45,2025-06-26T15:29:00+05:30,0.0,-97.0588,NIFTY|monthly|2025-06-26,PE
1m,46,2025-06-26T15:29:00+05:30,0.0,0.4739,NIFTY|monthly|2025-06-26,CE
1m,47,2025-07-08T15:01:00+05:30,0.0,20.0,SENSEX|weekly|2025-07-08,CE
1m,48,2025-07-08T15:29:00+05:30,0.0,-98.0392,SENSEX|weekly|2025-07-08,PE
1m,49,2025-07-15T11:03:00+05:30,0.0,20.0,SENSEX|weekly|2025-07-15,CE
1m,50,2025-07-15T15:29:00+05:30,0.0,-98.5507,SENSEX|weekly|2025-07-15,CE
1m,51,2025-07-15T15:29:00+05:30,0.0,-0.55,SENSEX|weekly|2025-07-15,PE
1m,52,2025-08-05T11:54:00+05:30,0.0,20.0,SENSEX|weekly|2025-08-05,CE
1m,53,2025-08-05T15:29:00+05:30,0.0,-4.6271,SENSEX|weekly|2025-08-05,PE
1m,54,2025-08-12T10:28:00+05:30,0.0,20.0,SENSEX|weekly|2025-08-12,PE
1m,55,2025-08-12T12:19:00+05:30,0.0,20.0,SENSEX|weekly|2025-08-12,CE
1m,56,2025-08-12T13:15:00+05:30,0.0,20.0,SENSEX|weekly|2025-08-12,PE
1m,57,2025-08-12T14:12:00+05:30,0.0,20.0,SENSEX|weekly|2025-08-12,PE
1m,58,2025-08-12T15:29:00+05:30,0.0,-99.9133,SENSEX|weekly|2025-08-12,CE
1m,59,2025-08-14T11:42:00+05:30,0.0,20.0,NIFTY|weekly|2025-08-14,PE
1m,60,2025-08-14T13:29:00+05:30,0.0,20.0,NIFTY|weekly|2025-08-14,PE
1m,61,2025-08-14T14:17:00+05:30,0.0,20.0,NIFTY|weekly|2025-08-14,PE
1m,62,2025-08-14T15:29:00+05:30,0.0,-99.8586,NIFTY|weekly|2025-08-14,CE
1m,63,2025-08-19T12:18:00+05:30,0.0,20.0,SENSEX|weekly|2025-08-19,CE
1m,64,2025-08-19T13:39:00+05:30,0.0,20.0,SENSEX|weekly|2025-08-19,PE
1m,65,2025-08-19T15:29:00+05:30,0.0,5.6846,SENSEX|weekly|2025-08-19,CE
1m,66,2025-08-21T15:29:00+05:30,0.0,-0.6379,NIFTY|weekly|2025-08-21,CE
1m,67,2025-08-21T15:29:00+05:30,0.0,-96.0,NIFTY|weekly|2025-08-21,PE
1m,68,2025-09-04T14:28:00+05:30,0.0,20.0,SENSEX|weekly|2025-09-04,PE
1m,69,2025-09-04T15:29:00+05:30,0.0,-1.3393,SENSEX|weekly|2025-09-04,PE
1m,70,2025-09-11T15:29:00+05:30,0.0,6.3502,SENSEX|weekly|2025-09-11,CE
1m,71,2025-09-18T15:29:00+05:30,0.0,-1.7293,SENSEX|weekly|2025-09-18,CE
1m,72,2025-09-18T15:29:00+05:30,0.0,-97.1429,SENSEX|weekly|2025-09-18,PE
1m,73,2025-10-01T15:29:00+05:30,0.0,-10.2708,SENSEX|weekly|2025-10-01,PE
1m,74,2025-10-01T15:29:00+05:30,0.0,-94.1176,SENSEX|weekly|2025-10-01,CE
1m,75,2025-10-09T10:36:00+05:30,0.0,20.0,SENSEX|weekly|2025-10-09,CE
1m,76,2025-10-09T15:29:00+05:30,0.0,6.2199,SENSEX|weekly|2025-10-09,CE
1m,77,2025-10-09T15:29:00+05:30,0.0,-98.7124,SENSEX|weekly|2025-10-09,PE
1m,78,2025-10-16T12:53:00+05:30,0.0,20.0,SENSEX|weekly|2025-10-16,PE
1m,79,2025-10-16T14:16:00+05:30,0.0,20.0,SENSEX|weekly|2025-10-16,PE
1m,80,2025-10-16T15:29:00+05:30,0.0,-98.8636,SENSEX|weekly|2025-10-16,PE
1m,81,2025-10-23T15:29:00+05:30,0.0,-98.0392,SENSEX|weekly|2025-10-23,PE
1m,82,2025-10-23T15:29:00+05:30,0.0,-19.2082,SENSEX|weekly|2025-10-23,CE
1m,83,2025-11-06T15:29:00+05:30,0.0,-98.1481,SENSEX|weekly|2025-11-06,CE
1m,84,2025-11-06T15:29:00+05:30,0.0,5.7018,SENSEX|weekly|2025-11-06,PE
1m,85,2025-11-13T09:50:00+05:30,0.0,20.0,SENSEX|weekly|2025-11-13,CE
1m,86,2025-11-13T12:37:00+05:30,0.0,20.0,SENSEX|weekly|2025-11-13,PE
1m,87,2025-11-13T13:41:00+05:30,0.0,20.0,SENSEX|weekly|2025-11-13,CE
1m,88,2025-11-13T13:58:00+05:30,0.0,20.0,SENSEX|weekly|2025-11-13,PE
1m,89,2025-11-13T14:53:00+05:30,0.0,20.0,SENSEX|weekly|2025-11-13,PE
1m,90,2025-11-20T11:37:00+05:30,0.0,20.0,SENSEX|weekly|2025-11-20,PE
1m,91,2025-11-20T12:34:00+05:30,0.0,20.0,SENSEX|weekly|2025-11-20,PE
1m,92,2025-11-20T15:29:00+05:30,0.0,10.8325,SENSEX|weekly|2025-11-20,CE
1m,93,2025-12-04T11:38:00+05:30,0.0,20.0,SENSEX|weekly|2025-12-04,PE
1m,94,2025-12-04T12:20:00+05:30,0.0,20.0,SENSEX|weekly|2025-12-04,PE
1m,95,2025-12-04T12:45:00+05:30,0.0,20.0,SENSEX|weekly|2025-12-04,PE
1m,96,2025-12-04T15:29:00+05:30,0.0,-99.9069,SENSEX|weekly|2025-12-04,CE
1m,97,2025-12-04T15:29:00+05:30,0.0,-86.7198,SENSEX|weekly|2025-12-04,PE
1m,98,2025-12-11T15:29:00+05:30,0.0,-26.4408,SENSEX|weekly|2025-12-11,PE
1m,99,2025-12-11T15:29:00+05:30,0.0,-98.6111,SENSEX|weekly|2025-12-11,CE
1m,100,2025-12-18T10:11:00+05:30,0.0,20.0,SENSEX|weekly|2025-12-18,CE
1m,101,2025-12-18T14:11:00+05:30,0.0,20.0,SENSEX|weekly|2025-12-18,PE
1m,102,2025-12-18T15:29:00+05:30,0.0,-99.5402,SENSEX|weekly|2025-12-18,CE
1m,103,2026-01-01T15:29:00+05:30,0.0,-10.3396,SENSEX|weekly|2026-01-01,CE
1m,104,2026-01-01T15:29:00+05:30,0.0,-97.2973,SENSEX|weekly|2026-01-01,PE
1m,105,2026-01-08T12:02:00+05:30,0.0,20.0,SENSEX|weekly|2026-01-08,CE
1m,106,2026-01-08T15:29:00+05:30,0.0,-97.3856,SENSEX|weekly|2026-01-08,CE
1m,107,2026-01-08T15:29:00+05:30,0.0,13.7273,SENSEX|weekly|2026-01-08,PE
1m,108,2026-01-14T15:29:00+05:30,0.0,7.5705,SENSEX|weekly|2026-01-14,PE
1m,109,2026-01-14T15:29:00+05:30,0.0,-98.0,SENSEX|weekly|2026-01-14,CE
1m,110,2026-01-22T12:13:00+05:30,0.0,20.0,SENSEX|weekly|2026-01-22,CE
1m,111,2026-01-22T13:12:00+05:30,0.0,20.0,SENSEX|weekly|2026-01-22,CE
1m,112,2026-01-22T13:54:00+05:30,0.0,20.0,SENSEX|weekly|2026-01-22,CE
1m,113,2026-01-22T15:29:00+05:30,0.0,0.5333,SENSEX|weekly|2026-01-22,PE
1m,114,2026-01-22T15:29:00+05:30,0.0,-98.0769,SENSEX|weekly|2026-01-22,CE
1m,115,2026-02-05T09:48:00+05:30,0.0,20.0,SENSEX|weekly|2026-02-05,PE
1m,116,2026-02-05T15:29:00+05:30,0.0,-17.529,SENSEX|weekly|2026-02-05,CE
1m,117,2026-02-05T15:29:00+05:30,0.0,-99.4536,SENSEX|weekly|2026-02-05,PE
1m,118,2026-02-12T10:16:00+05:30,0.0,20.0,SENSEX|weekly|2026-02-12,PE
1m,119,2026-02-12T15:29:00+05:30,0.0,-98.3607,SENSEX|weekly|2026-02-12,PE
1m,120,2026-02-12T15:29:00+05:30,0.0,-12.9032,SENSEX|weekly|2026-02-12,CE
1m,121,2026-02-19T11:23:00+05:30,0.0,20.0,SENSEX|weekly|2026-02-19,PE
1m,122,2026-02-19T14:02:00+05:30,0.0,20.0,SENSEX|weekly|2026-02-19,PE
1m,123,2026-02-19T14:47:00+05:30,0.0,20.0,SENSEX|weekly|2026-02-19,PE
1m,124,2026-02-19T15:29:00+05:30,0.0,-99.5918,SENSEX|weekly|2026-02-19,CE
3m,0,2025-05-29T11:21:00+05:30,100.0,0.0,,
3m,1,2025-05-29T11:27:00+05:30,110.0,10.0,NIFTY|monthly|2025-05-29,PE
3m,2,2025-05-29T15:30:00+05:30,109.5365,-0.4214,NIFTY|monthly|2025-05-29,CE
3m,3,2025-06-24T13:24:00+05:30,120.4901,10.0,SENSEX|monthly|2025-06-24,PE
3m,4,2025-07-29T13:15:00+05:30,132.5391,10.0,SENSEX|monthly|2025-07-29,CE
3m,5,2025-07-31T11:03:00+05:30,159.0469,20.0,NIFTY|monthly|2025-07-31,CE
3m,6,2025-08-26T15:00:00+05:30,190.8563,20.0,SENSEX|monthly|2025-08-26,PE
3m,7,2025-09-25T12:54:00+05:30,229.0276,20.0,SENSEX|monthly|2025-09-25,PE
3m,8,2025-09-25T15:30:00+05:30,178.623,-22.0081,SENSEX|monthly|2025-09-25,CE
3m,9,2025-10-30T14:00:00+05:30,214.3476,20.0,SENSEX|monthly|2025-10-30,PE
3m,10,2025-10-30T15:30:00+05:30,189.4084,-11.6349,SENSEX|monthly|2025-10-30,CE
3m,11,2025-11-27T10:54:00+05:30,227.2901,20.0,SENSEX|monthly|2025-11-27,PE
3m,12,2025-12-24T15:30:00+05:30,203.5504,-10.4447,SENSEX|monthly|2025-12-24,CE
3m,13,2026-02-26T11:45:00+05:30,244.2604,20.0,SENSEX|monthly|2026-02-26,PE
3m,14,2026-02-26T15:30:00+05:30,212.8896,-12.8432,SENSEX|monthly|2026-02-26,PE
5m,0,2025-04-29T13:10:00+05:30,100.0,0.0,,
5m,1,2025-05-02T10:35:00+05:30,125.9151,25.9151,SENSEX|weekly|2025-05-13,CE
5m,2,2025-05-09T09:15:00+05:30,130.0692,3.2991,SENSEX|weekly|2025-05-13,PE
5m,3,2025-05-09T09:15:00+05:30,165.5425,27.2727,NIFTY|weekly|2025-05-15,PE
5m,4,2025-05-12T10:10:00+05:30,192.062,16.0197,SENSEX|weekly|2025-05-13,CE
5m,5,2025-05-12T10:10:00+05:30,221.1121,15.1254,NIFTY|weekly|2025-05-15,CE
5m,6,2025-05-13T09:20:00+05:30,77.7074,-64.8561,SENSEX|weekly|2025-05-20,PE
5m,7,2025-05-13T09:50:00+05:30,112.3426,44.5713,SENSEX|weekly|2025-05-20,CE
5m,8,2025-05-13T10:40:00+05:30,128.2014,14.1164,NIFTY|weekly|2025-05-15,PE
5m,9,2025-05-13T13:05:00+05:30,141.4543,10.3376,NIFTY|weekly|2025-05-15,PE
5m,10,2025-05-13T15:30:00+05:30,0.0996,-99.9296,SENSEX|weekly|2025-05-13,PE
5m,11,2025-05-14T12:55:00+05:30,0.1667,67.3988,NIFTY|weekly|2025-05-15,PE
5m,12,2025-05-15T10:40:00+05:30,0.1958,17.4532,NIFTY|weekly|2025-05-15,CE
5m,13,2025-05-15T12:20:00+05:30,0.1967,0.4831,NIFTY|weekly|2025-05-15,CE
5m,14,2025-05-15T13:50:00+05:30,0.2558,30.0,NIFTY|monthly|2025-06-26,CE
5m,15,2025-05-15T15:30:00+05:30,0.0002,-99.9037,NIFTY|weekly|2025-05-15,PE
5m,16,2025-05-15T15:30:00+05:30,0.0006,155.3538,NIFTY|weekly|2025-05-15,CE
5m,17,2025-05-16T09:40:00+05:30,0.0009,42.3723,SENSEX|weekly|2025-05-20,CE
5m,18,2025-05-20T15:30:00+05:30,0.0,-99.981,SENSEX|weekly|2025-05-20,PE
5m,19,2025-05-20T15:30:00+05:30,0.0,-68.7987,SENSEX|weekly|2025-05-20,CE
5m,20,2025-05-22T15:00:00+05:30,0.0,28.7898,SENSEX|weekly|2025-06-03,PE
5m,21,2025-05-26T10:30:00+05:30,0.0,8.6943,SENSEX|weekly|2025-06-03,CE
5m,22,2025-05-27T11:05:00+05:30,0.0,-3.93,SENSEX|weekly|2025-06-03,PE
5m,23,2025-05-27T14:50:00+05:30,0.0,14.6408,SENSEX|weekly|2025-06-03,PE
5m,24,2025-06-02T09:20:00+05:30,0.0,30.0,NIFTY|weekly|2025-06-12,PE
5m,25,2025-06-03T15:30:00+05:30,0.0,-99.9953,SENSEX|weekly|2025-06-03,CE
5m,26,2025-06-03T15:30:00+05:30,0.0,-1.868,SENSEX|weekly|2025-06-03,PE
5m,27,2025-06-05T12:20:00+05:30,0.0,30.0,NIFTY|weekly|2025-06-19,CE
5m,28,2025-06-06T11:55:00+05:30,0.0,30.0,NIFTY|weekly|2025-06-19,CE
5m,29,2025-06-10T15:30:00+05:30,0.0,-99.9961,SENSEX|weekly|2025-06-10,PE
5m,30,2025-06-10T15:30:00+05:30,0.0,-42.6602,SENSEX|weekly|2025-06-10,CE
5m,31,2025-06-12T15:30:00+05:30,0.0,-99.982,NIFTY|weekly|2025-06-12,CE
5m,32,2025-06-12T15:30:00+05:30,0.0,-97.1339,NIFTY|weekly|2025-06-12,PE
5m,33,2025-06-13T09:15:00+05:30,0.0,30.0,NIFTY|weekly|2025-06-19,PE
5m,34,2025-06-19T15:30:00+05:30,0.0,-74.8309,NIFTY|weekly|2025-06-19,CE
5m,35,2025-06-19T15:30:00+05:30,0.0,-99.9719,NIFTY|weekly|2025-06-19,PE
5m,36,2025-06-19T15:30:00+05:30,0.0,-24.8755,NIFTY|weekly|2025-06-19,CE
5m,37,2025-06-20T10:30:00+05:30,0.0,30.0,NIFTY|weekly|2025-07-03,CE
5m,38,2025-06-20T15:05:00+05:30,0.0,30.0,SENSEX|weekly|2025-07-01,CE
5m,39,2025-06-23T14:05:00+05:30,0.0,30.0,NIFTY|weekly|2025-07-03,CE
5m,40,2025-06-24T09:15:00+05:30,0.0,30.0,SENSEX|weekly|2025-07-01,CE
5m,41,2025-06-24T11:15:00+05:30,0.0,30.0,NIFTY|monthly|2025-07-31,CE
5m,42,2025-06-26T09:30:00+05:30,0.0,30.0,SENSEX|weekly|2025-07-01,CE
5m,43,2025-06-26T09:30:00+05:30,0.0,30.0,SENSEX|weekly|2025-07-08,CE
5m,44,2025-06-26T13:20:00+05:30,0.0,30.0,NIFTY|weekly|2025-07-03,CE
5m,45,2025-06-26T15:30:00+05:30,0.0,-99.9858,NIFTY|monthly|2025-06-26,PE
5m,46,2025-06-26T15:30:00+05:30,0.0,10.9244,NIFTY|monthly|2025-06-26,CE
5m,47,2025-06-27T09:15:00+05:30,0.0,30.0,NIFTY|monthly|2025-07-31,CE
5m,48,2025-06-27T09:15:00+05:30,0.0,30.0,NIFTY|weekly|2025-07-10,CE
5m,49,2025-06-30T13:15:00+05:30,0.0,30.0,NIFTY|weekly|2025-07-10,PE
5m,50,2025-07-01T15:30:00+05:30,0.0,-99.9952,SENSEX|weekly|2025-07-01,PE
5m,51,2025-07-01T15:30:00+05:30,0.0,-1.2071,SENSEX|weekly|2025-07-01,CE
5m,52,2025-07-01T15:30:00+05:30,0.0,-0.9626,SENSEX|weekly|2025-07-01,CE
5m,53,2025-07-02T13:30:00+05:30,0.0,30.0,SENSEX|weekly|2025-07-15,PE
5m,54,2025-07-02T13:30:00+05:30,0.0,30.0,NIFTY|weekly|2025-07-10,PE
5m,55,2025-07-03T14:35:00+05:30,0.0,30.0,NIFTY|weekly|2025-07-10,PE
5m,56,2025-07-03T14:40:00+05:30,0.0,30.0,SENSEX|weekly|2025-07-15,PE
5m,57,2025-07-03T15:30:00+05:30,0.0,-99.9802,NIFTY|weekly|2025-07-03,PE
5m,58,2025-07-03T15:30:00+05:30,0.0,-18.6644,NIFTY|weekly|2025-07-03,CE
5m,59,2025-07-03T15:30:00+05:30,0.0,-23.4332,NIFTY|weekly|2025-07-03,CE
5m,60,2025-07-04T09:40:00+05:30,0.0,30.0,NIFTY|weekly|2025-07-17,PE
5m,61,2025-07-08T15:30:00+05:30,0.0,-99.9943,SENSEX|weekly|2025-07-08,PE
5m,62,2025-07-08T15:30:00+05:30,0.0,-25.4649,SENSEX|weekly|2025-07-08,CE
5m,63,2025-07-09T11:15:00+05:30,0.0,30.0,SENSEX|monthly|2025-07-29,CE
5m,64,2025-07-10T10:15:00+05:30,0.0,30.0,SENSEX|weekly|2025-07-22,PE
5m,65,2025-07-10T15:30:00+05:30,0.0,-85.9618,NIFTY|weekly|2025-07-10,CE
5m,66,2025-07-10T15:30:00+05:30,0.0,-99.9539,NIFTY|weekly|2025-07-10,PE
5m,67,2025-07-10T15:30:00+05:30,0.0,-51.8357,NIFTY|weekly|2025-07-10,CE
5m,68,2025-07-11T10:35:00+05:30,0.0,30.0,NIFTY|weekly|2025-07-24,PE
5m,69,2025-07-11T10:35:00+05:30,0.0,30.0,SENSEX|weekly|2025-07-22,PE
5m,70,2025-07-11T10:45:00+05:30,0.0,30.0,NIFTY|weekly|2025-07-17,PE
5m,71,2025-07-11T11:10:00+05:30,0.0,30.0,SENSEX|weekly|2025-07-15,PE
5m,72,2025-07-14T09:25:00+05:30,0.0,30.0,NIFTY|weekly|2025-07-17,PE
5m,73,2025-07-14T09:25:00+05:30,0.0,30.0,SENSEX|weekly|2025-07-15,PE
5m,74,2025-07-14T11:35:00+05:30,0.0,30.0,SENSEX|weekly|2025-07-22,PE
5m,75,2025-07-14T13:10:00+05:30,0.0,30.0,NIFTY|weekly|2025-07-24,PE
5m,76,2025-07-15T11:05:00+05:30,0.0,30.0,NIFTY|weekly|2025-07-24,CE
5m,77,2025-07-15T15:30:00+05:30,0.0,-99.9945,SENSEX|weekly|2025-07-15,CE
5m,78,2025-07-15T15:30:00+05:30,0.0,0.5659,SENSEX|weekly|2025-07-15,PE
5m,79,2025-07-17T14:55:00+05:30,0.0,20.0,NIFTY|weekly|2025-07-17,PE
5m,80,2025-07-17T15:05:00+05:30,0.0,30.0,NIFTY|weekly|2025-07-17,PE
5m,81,2025-07-17T15:30:00+05:30,0.0,-99.9829,NIFTY|weekly|2025-07-17,CE
5m,82,2025-07-18T09:20:00+05:30,0.0,30.0,SENSEX|weekly|2025-07-22,PE
5m,83,2025-07-18T09:45:00+05:30,0.0,30.0,NIFTY|weekly|2025-07-24,PE
5m,84,2025-07-21T09:50:00+05:30,0.0,30.0,SENSEX|monthly|2025-08-26,PE
5m,85,2025-07-22T15:30:00+05:30,0.0,-99.9938,SENSEX|weekly|2025-07-22,CE
5m,86,2025-07-22T15:30:00+05:30,0.0,-31.6146,SENSEX|weekly|2025-07-22,PE
5m,87,2025-07-22T15:30:00+05:30,0.0,1.858,SENSEX|weekly|2025-07-22,PE
5m,88,2025-07-24T12:00:00+05:30,0.0,30.0,SENSEX|weekly|2025-08-05,PE
5m,89,2025-07-24T15:30:00+05:30,0.0,-99.8907,NIFTY|weekly|2025-07-24,CE
5m,90,2025-07-24T15:30:00+05:30,0.0,-20.363,NIFTY|weekly|2025-07-24,PE
5m,91,2025-07-24T15:30:00+05:30,0.0,-97.5,NIFTY|weekly|2025-07-24,CE
5m,92,2025-07-24T15:30:00+05:30,0.0,0.366,NIFTY|weekly|2025-07-24,PE
5m,93,2025-07-25T09:15:00+05:30,0.0,30.0,SENSEX|weekly|2025-08-05,PE
5m,94,2025-07-25T09:15:00+05:30,0.0,30.0,NIFTY|weekly|2025-08-07,PE
5m,95,2025-07-25T09:45:00+05:30,0.0,30.0,SENSEX|monthly|2025-08-26,PE
5m,96,2025-07-28T13:35:00+05:30,0.0,30.0,NIFTY|weekly|2025-08-07,PE
5m,97,2025-07-28T14:45:00+05:30,0.0,30.0,SENSEX|weekly|2025-08-05,PE
5m,98,2025-07-29T10:55:00+05:30,0.0,30.0,SENSEX|monthly|2025-08-26,PE
5m,99,2025-07-29T15:30:00+05:30,0.0,-99.995,SENSEX|monthly|2025-07-29,PE
5m,100,2025-07-29T15:30:00+05:30,0.0,-82.5286,SENSEX|monthly|2025-07-29,CE
5m,101,2025-07-30T11:35:00+05:30,0.0,30.0,SENSEX|weekly|2025-08-12,CE
5m,102,2025-07-31T15:30:00+05:30,0.0,-99.9864,NIFTY|monthly|2025-07-31,PE
5m,103,2025-07-31T15:30:00+05:30,0.0,-98.1809,NIFTY|monthly|2025-07-31,CE
5m,104,2025-08-01T09:15:00+05:30,0.0,30.0,NIFTY|weekly|2025-08-14,PE
5m,105,2025-08-01T15:10:00+05:30,0.0,30.0,SENSEX|weekly|2025-08-12,PE
5m,106,2025-08-05T15:30:00+05:30,0.0,-99.9817,SENSEX|weekly|2025-08-05,CE
5m,107,2025-08-05T15:30:00+05:30,0.0,17.5321,SENSEX|weekly|2025-08-05,PE
5m,108,2025-08-07T09:15:00+05:30,0.0,30.0,NIFTY|weekly|2025-08-07,PE
5m,109,2025-08-07T09:15:00+05:30,0.0,30.0,NIFTY|weekly|2025-08-14,PE
5m,110,2025-08-07T10:30:00+05:30,0.0,30.0,SENSEX|monthly|2025-08-26,PE
5m,111,2025-08-07T10:35:00+05:30,0.0,30.0,SENSEX|weekly|2025-08-12,PE
5m,112,2025-08-07T10:35:00+05:30,0.0,30.0,SENSEX|weekly|2025-08-19,PE
5m,113,2025-08-07T15:05:00+05:30,0.0,30.0,NIFTY|weekly|2025-08-21,CE
5m,114,2025-08-07T15:30:00+05:30,0.0,-99.9422,NIFTY|weekly|2025-08-07,CE
5m,115,2025-08-08T15:15:00+05:30,0.0,30.0,NIFTY|weekly|2025-08-14,PE
5m,116,2025-08-08T15:15:00+05:30,0.0,30.0,NIFTY|weekly|2025-08-21,PE
5m,117,2025-08-08T15:15:00+05:30,0.0,30.0,SENSEX|weekly|2025-08-12,PE
5m,118,2025-08-08T15:15:00+05:30,0.0,30.0,SENSEX|weekly|2025-08-19,PE
5m,119,2025-08-11T14:35:00+05:30,0.0,30.0,NIFTY|weekly|2025-08-21,CE
5m,120,2025-08-12T14:45:00+05:30,0.0,30.0,SENSEX|weekly|2025-08-12,PE
5m,121,2025-08-12T15:30:00+05:30,0.0,-99.9949,SENSEX|weekly|2025-08-12,CE
5m,122,2025-08-14T15:30:00+05:30,0.0,-99.9741,NIFTY|weekly|2025-08-14,CE
5m,123,2025-08-14T15:30:00+05:30,0.0,-60.4604,NIFTY|weekly|2025-08-14,PE
5m,124,2025-08-18T09:15:00+05:30,0.0,30.0,SENSEX|weekly|2025-08-19,CE
5m,125,2025-08-18T09:15:00+05:30,0.0,30.0,NIFTY|weekly|2025-08-21,CE
5m,126,2025-08-19T15:30:00+05:30,0.0,-99.9836,SENSEX|weekly|2025-08-19,PE
5m,127,2025-08-19T15:30:00+05:30,0.0,2.6307,SENSEX|weekly|2025-08-19,CE
5m,128,2025-08-20T14:50:00+05:30,0.0,30.0,SENSEX|monthly|2025-09-25,CE
5m,129,2025-08-21T10:05:00+05:30,0.0,30.0,NIFTY|weekly|2025-08-21,CE
5m,130,2025-08-21T15:30:00+05:30,0.0,-99.9618,NIFTY|weekly|2025-08-21,PE
5m,131,2025-08-21T15:30:00+05:30,0.0,-5.7903,NIFTY|weekly|2025-08-21,CE
5m,132,2025-08-22T09:35:00+05:30,0.0,30.0,SENSEX|weekly|2025-09-04,PE
5m,133,2025-08-26T09:40:00+05:30,0.0,30.0,SENSEX|weekly|2025-09-04,PE
5m,134,2025-08-26T15:30:00+05:30,0.0,-99.9931,SENSEX|monthly|2025-08-26,CE
5m,135,2025-08-26T15:30:00+05:30,0.0,-9.3792,SENSEX|monthly|2025-08-26,PE
5m,136,2025-08-28T09:20:00+05:30,0.0,30.0,SENSEX|weekly|2025-09-04,PE
5m,137,2025-08-29T15:10:00+05:30,0.0,30.0,SENSEX|weekly|2025-09-11,PE
5m,138,2025-09-02T13:55:00+05:30,0.0,30.0,SENSEX|weekly|2025-09-11,PE
5m,139,2025-09-04T09:15:00+05:30,0.0,30.0,SENSEX|weekly|2025-09-11,CE
5m,140,2025-09-04T09:40:00+05:30,0.0,30.0,SENSEX|monthly|2025-09-25,CE
5m,141,2025-09-04T15:30:00+05:30,0.0,-99.9933,SENSEX|weekly|2025-09-04,CE
5m,142,2025-09-04T15:30:00+05:30,0.0,-20.1758,SENSEX|weekly|2025-09-04,PE
5m,143,2025-09-05T10:15:00+05:30,0.0,30.0,SENSEX|weekly|2025-09-11,PE
5m,144,2025-09-05T10:15:00+05:30,0.0,30.0,SENSEX|weekly|2025-09-18,PE
5m,145,2025-09-10T09:45:00+05:30,0.0,30.0,SENSEX|weekly|2025-09-11,CE
5m,146,2025-09-10T10:35:00+05:30,0.0,30.0,SENSEX|weekly|2025-09-18,CE
5m,147,2025-09-11T09:55:00+05:30,0.0,30.0,SENSEX|monthly|2025-09-25,CE
5m,148,2025-09-11T15:30:00+05:30,0.0,-99.9638,SENSEX|weekly|2025-09-11,PE
5m,149,2025-09-11T15:30:00+05:30,0.0,2.3928,SENSEX|weekly|2025-09-11,CE
5m,150,2025-09-12T11:20:00+05:30,0.0,30.0,SENSEX|weekly|2025-09-18,CE
5m,151,2025-09-16T15:05:00+05:30,0.0,30.0,SENSEX|weekly|2025-09-18,CE
5m,152,2025-09-17T10:45:00+05:30,0.0,30.0,SENSEX|monthly|2025-10-30,CE
5m,153,2025-09-18T09:20:00+05:30,0.0,30.0,SENSEX|monthly|2025-09-25,CE
5m,154,2025-09-18T15:30:00+05:30,0.0,-99.9904,SENSEX|weekly|2025-09-18,PE
5m,155,2025-09-18T15:30:00+05:30,0.0,14.8229,SENSEX|weekly|2025-09-18,CE
5m,156,2025-09-22T14:45:00+05:30,0.0,30.0,SENSEX|weekly|2025-10-01,PE
5m,157,2025-09-25T10:35:00+05:30,0.0,30.0,SENSEX|weekly|2025-10-01,PE
5m,158,2025-09-25T15:30:00+05:30,0.0,-99.9939,SENSEX|monthly|2025-09-25,PE
5m,159,2025-09-25T15:30:00+05:30,0.0,-54.2867,SENSEX|monthly|2025-09-25,CE
5m,160,2025-09-26T09:15:00+05:30,0.0,30.0,SENSEX|weekly|2025-10-09,PE
5m,161,2025-09-26T09:20:00+05:30,0.0,30.0,SENSEX|monthly|2025-10-30,PE
5m,162,2025-10-01T15:30:00+05:30,0.0,-99.9939,SENSEX|weekly|2025-10-01,CE
5m,163,2025-10-01T15:30:00+05:30,0.0,-18.8175,SENSEX|weekly|2025-10-01,PE
5m,164,2025-10-06T11:15:00+05:30,0.0,30.0,SENSEX|weekly|2025-10-16,CE
5m,165,2025-10-06T13:05:00+05:30,0.0,30.0,SENSEX|weekly|2025-10-09,CE
5m,166,2025-10-09T15:30:00+05:30,0.0,-99.985,SENSEX|weekly|2025-10-09,PE
5m,167,2025-10-09T15:30:00+05:30,0.0,-10.0943,SENSEX|weekly|2025-10-09,CE
5m,168,2025-10-10T09:50:00+05:30,0.0,30.0,SENSEX|weekly|2025-10-23,CE
5m,169,2025-10-14T12:10:00+05:30,0.0,30.0,SENSEX|weekly|2025-10-23,PE
5m,170,2025-10-15T13:40:00+05:30,0.0,30.0,SENSEX|weekly|2025-10-23,CE
5m,171,2025-10-16T09:15:00+05:30,0.0,30.0,SENSEX|weekly|2025-10-16,CE
5m,172,2025-10-16T09:20:00+05:30,0.0,30.0,SENSEX|monthly|2025-11-27,CE
5m,173,2025-10-16T12:30:00+05:30,0.0,30.0,SENSEX|weekly|2025-10-23,CE
5m,174,2025-10-16T15:30:00+05:30,0.0,-99.9601,SENSEX|weekly|2025-10-16,PE
5m,175,2025-10-20T09:20:00+05:30,0.0,30.0,SENSEX|monthly|2025-10-30,CE
5m,176,2025-10-23T15:15:00+05:30,0.0,30.0,SENSEX|weekly|2025-11-06,PE
5m,177,2025-10-23T15:30:00+05:30,0.0,-99.9113,SENSEX|weekly|2025-10-23,PE
5m,178,2025-10-23T15:30:00+05:30,0.0,-3.3333,SENSEX|weekly|2025-10-23,CE
5m,179,2025-10-24T13:45:00+05:30,0.0,30.0,SENSEX|weekly|2025-11-06,PE
5m,180,2025-10-28T10:55:00+05:30,0.0,30.0,SENSEX|weekly|2025-11-06,PE
5m,181,2025-10-30T15:30:00+05:30,0.0,-99.9966,SENSEX|monthly|2025-10-30,PE
5m,182,2025-10-30T15:30:00+05:30,0.0,-11.1982,SENSEX|monthly|2025-10-30,CE
5m,183,2025-11-03T09:15:00+05:30,0.0,30.0,SENSEX|weekly|2025-11-06,PE
5m,184,2025-11-03T09:15:00+05:30,0.0,30.0,SENSEX|weekly|2025-11-13,PE
5m,185,2025-11-04T14:15:00+05:30,0.0,30.0,SENSEX|weekly|2025-11-06,PE
5m,186,2025-11-06T11:25:00+05:30,0.0,30.0,SENSEX|weekly|2025-11-13,PE
5m,187,2025-11-06T15:30:00+05:30,0.0,-99.9951,SENSEX|weekly|2025-11-06,CE
5m,188,2025-11-06T15:30:00+05:30,0.0,19.6454,SENSEX|weekly|2025-11-06,PE
5m,189,2025-11-07T09:20:00+05:30,0.0,30.0,SENSEX|weekly|2025-11-20,PE
5m,190,2025-11-07T09:20:00+05:30,0.0,30.0,SENSEX|weekly|2025-11-13,PE
5m,191,2025-11-11T09:25:00+05:30,0.0,30.0,SENSEX|weekly|2025-11-20,PE
5m,192,2025-11-11T10:30:00+05:30,0.0,30.0,SENSEX|weekly|2025-11-13,PE
5m,193,2025-11-12T09:15:00+05:30,0.0,30.0,SENSEX|weekly|2025-11-20,CE
5m,194,2025-11-12T09:30:00+05:30,0.0,30.0,SENSEX|monthly|2025-12-24,CE
5m,195,2025-11-13T09:15:00+05:30,0.0,30.0,SENSEX|weekly|2025-11-13,PE
5m,196,2025-11-13T15:30:00+05:30,0.0,-99.9935,SENSEX|weekly|2025-11-13,CE
5m,197,2025-11-13T15:30:00+05:30,0.0,1.8742,SENSEX|weekly|2025-11-13,PE
5m,198,2025-11-14T09:15:00+05:30,0.0,30.0,SENSEX|weekly|2025-11-20,PE
5m,199,2025-11-20T09:30:00+05:30,0.0,30.0,SENSEX|weekly|2025-11-20,CE
5m,200,2025-11-20T11:00:00+05:30,0.0,30.0,SENSEX|monthly|2025-11-27,CE
5m,201,2025-11-20T15:30:00+05:30,0.0,-99.9825,SENSEX|weekly|2025-11-20,PE
5m,202,2025-11-24T15:30:00+05:30,0.0,30.0,SENSEX|weekly|2025-12-04,PE
5m,203,2025-11-25T09:20:00+05:30,0.0,30.0,SENSEX|monthly|2025-12-24,CE
5m,204,2025-11-25T15:05:00+05:30,0.0,30.0,SENSEX|weekly|2025-12-04,PE
5m,205,2025-11-27T10:05:00+05:30,0.0,30.0,SENSEX|monthly|2025-11-27,CE
5m,206,2025-11-27T13:25:00+05:30,0.0,30.0,SENSEX|weekly|2025-12-04,PE
5m,207,2025-11-27T15:30:00+05:30,0.0,-99.9951,SENSEX|monthly|2025-11-27,PE
5m,208,2025-12-02T09:45:00+05:30,0.0,30.0,SENSEX|weekly|2025-12-04,PE
5m,209,2025-12-02T14:40:00+05:30,0.0,30.0,SENSEX|weekly|2025-12-11,PE
5m,210,2025-12-03T10:05:00+05:30,0.0,30.0,SENSEX|weekly|2025-12-11,PE
5m,211,2025-12-03T10:05:00+05:30,0.0,30.0,SENSEX|weekly|2025-12-04,PE
5m,212,2025-12-04T15:30:00+05:30,0.0,-99.9949,SENSEX|weekly|2025-12-04,CE
5m,213,2025-12-04T15:30:00+05:30,0.0,-92.4229,SENSEX|weekly|2025-12-04,PE
5m,214,2025-12-05T12:35:00+05:30,0.0,30.0,SENSEX|weekly|2025-12-18,CE
5m,215,2025-12-09T09:15:00+05:30,0.0,30.0,SENSEX|weekly|2025-12-18,PE
5m,216,2025-12-09T09:40:00+05:30,0.0,30.0,SENSEX|weekly|2025-12-11,PE
5m,217,2025-12-10T14:10:00+05:30,0.0,30.0,SENSEX|weekly|2025-12-11,PE
5m,218,2025-12-10T14:10:00+05:30,0.0,30.0,SENSEX|weekly|2025-12-18,PE
5m,219,2025-12-11T15:30:00+05:30,0.0,-99.9946,SENSEX|weekly|2025-12-11,CE
5m,220,2025-12-15T09:45:00+05:30,0.0,30.0,SENSEX|weekly|2025-12-18,PE
5m,221,2025-12-16T10:05:00+05:30,0.0,30.0,SENSEX|weekly|2025-12-18,PE
5m,222,2025-12-17T12:05:00+05:30,0.0,30.0,SENSEX|weekly|2025-12-18,PE
5m,223,2025-12-18T09:55:00+05:30,0.0,30.0,SENSEX|monthly|2026-01-29,PE
5m,224,2025-12-18T15:30:00+05:30,0.0,-99.9918,SENSEX|weekly|2025-12-18,CE
5m,225,2025-12-18T15:30:00+05:30,0.0,-12.1811,SENSEX|weekly|2025-12-18,PE
5m,226,2025-12-22T14:45:00+05:30,0.0,30.0,SENSEX|weekly|2026-01-01,CE
5m,227,2025-12-24T15:30:00+05:30,0.0,-99.9941,SENSEX|monthly|2025-12-24,PE
5m,228,2025-12-24T15:30:00+05:30,0.0,-26.8058,SENSEX|monthly|2025-12-24,CE
5m,229,2025-12-29T13:40:00+05:30,0.0,30.0,SENSEX|weekly|2026-01-08,PE
5m,230,2026-01-01T15:30:00+05:30,0.0,-99.9832,SENSEX|weekly|2026-01-01,PE
5m,231,2026-01-01T15:30:00+05:30,0.0,-31.828,SENSEX|weekly|2026-01-01,CE
5m,232,2026-01-02T15:30:00+05:30,0.0,30.0,SENSEX|weekly|2026-01-08,CE
5m,233,2026-01-08T10:20:00+05:30,0.0,30.0,SENSEX|weekly|2026-01-14,PE
5m,234,2026-01-08T12:05:00+05:30,0.0,30.0,SENSEX|weekly|2026-01-08,PE
5m,235,2026-01-08T15:30:00+05:30,0.0,-99.9708,SENSEX|weekly|2026-01-08,CE
5m,236,2026-01-09T09:35:00+05:30,0.0,30.0,SENSEX|weekly|2026-01-14,PE
5m,237,2026-01-09T11:40:00+05:30,0.0,30.0,SENSEX|monthly|2026-01-29,PE
5m,238,2026-01-13T09:20:00+05:30,0.0,30.0,SENSEX|weekly|2026-01-22,CE
5m,239,2026-01-14T15:30:00+05:30,0.0,-99.9947,SENSEX|weekly|2026-01-14,CE
5m,240,2026-01-14T15:30:00+05:30,0.0,20.6061,SENSEX|weekly|2026-01-14,PE
5m,241,2026-01-19T09:30:00+05:30,0.0,30.0,SENSEX|weekly|2026-01-22,PE
5m,242,2026-01-19T10:00:00+05:30,0.0,30.0,SENSEX|monthly|2026-01-29,PE
5m,243,2026-01-20T15:05:00+05:30,0.0,30.0,SENSEX|weekly|2026-01-22,PE
5m,244,2026-01-20T15:10:00+05:30,0.0,30.0,SENSEX|monthly|2026-01-29,PE
5m,245,2026-01-22T09:55:00+05:30,0.0,30.0,SENSEX|monthly|2026-02-26,PE
5m,246,2026-01-22T15:30:00+05:30,0.0,-99.9829,SENSEX|weekly|2026-01-22,CE
5m,247,2026-01-22T15:30:00+05:30,0.0,-11.475,SENSEX|weekly|2026-01-22,PE
5m,248,2026-01-23T13:35:00+05:30,0.0,30.0,SENSEX|weekly|2026-02-05,PE
5m,249,2026-01-29T15:30:00+05:30,0.0,-99.9968,SENSEX|monthly|2026-01-29,CE
5m,250,2026-01-29T15:30:00+05:30,0.0,-17.9461,SENSEX|monthly|2026-01-29,PE
5m,251,2026-02-01T12:20:00+05:30,0.0,30.0,SENSEX|weekly|2026-02-12,PE
5m,252,2026-02-01T12:30:00+05:30,0.0,30.0,SENSEX|weekly|2026-02-05,PE
5m,253,2026-02-02T11:05:00+05:30,0.0,30.0,SENSEX|monthly|2026-02-26,PE
5m,254,2026-02-03T09:15:00+05:30,0.0,30.0,SENSEX|weekly|2026-02-05,CE
5m,255,2026-02-03T09:15:00+05:30,0.0,30.0,SENSEX|weekly|2026-02-12,CE
5m,256,2026-02-05T15:30:00+05:30,0.0,-36.3008,SENSEX|weekly|2026-02-05,CE
5m,257,2026-02-05T15:30:00+05:30,0.0,-99.8623,SENSEX|weekly|2026-02-05,PE
5m,258,2026-02-09T09:15:00+05:30,0.0,30.0,SENSEX|weekly|2026-02-12,CE
5m,259,2026-02-09T09:15:00+05:30,0.0,30.0,SENSEX|weekly|2026-02-19,CE
5m,260,2026-02-12T15:30:00+05:30,0.0,-99.9648,SENSEX|weekly|2026-02-12,PE
5m,261,2026-02-12T15:30:00+05:30,0.0,-26.6667,SENSEX|weekly|2026-02-12,CE
5m,262,2026-02-13T15:00:00+05:30,0.0,30.0,SENSEX|monthly|2026-02-26,PE
5m,263,2026-02-13T15:10:00+05:30,0.0,30.0,SENSEX|weekly|2026-02-19,PE
5m,264,2026-02-19T12:15:00+05:30,0.0,30.0,SENSEX|monthly|2026-02-26,PE
5m,265,2026-02-19T12:15:00+05:30,0.0,30.0,SENSEX|weekly|2026-02-19,PE
5m,266,2026-02-19T15:30:00+05:30,0.0,-99.9944,SENSEX|weekly|2026-02-19,CE
5m,267,2026-02-24T12:45:00+05:30,0.0,30.0,SENSEX|monthly|2026-02-26,PE
5m,268,2026-02-25T12:35:00+05:30,0.0,30.0,SENSEX|monthly|2026-02-26,PE
5m,269,2026-02-26T12:25:00+05:30,0.0,30.0,SENSEX|monthly|2026-02-26,PE
5m,270,2026-02-26T15:30:00+05:30,0.0,-99.9974,SENSEX|monthly|2026-02-26,CE
10m,0,2025-04-03T15:20:00+05:30,100.0,0.0,,
10m,1,2025-04-15T15:30:00+05:30,0.0097,-99.9903,SENSEX|weekly|2025-04-15,PE
10m,2,2025-04-15T15:30:00+05:30,0.0287,196.2989,SENSEX|weekly|2025-04-15,CE
10m,3,2025-04-17T15:30:00+05:30,0.0,-99.9722,NIFTY|weekly|2025-04-17,PE
10m,4,2025-04-17T15:30:00+05:30,0.0001,761.1516,NIFTY|weekly|2025-04-17,CE
15m,0,2025-04-16T14:00:00+05:30,100.0,0.0,,
15m,1,2025-04-24T15:30:00+05:30,203.9474,103.9474,NIFTY|weekly|2025-04-24,CE
15m,2,2025-05-06T15:30:00+05:30,168.0843,-17.5845,SENSEX|weekly|2025-05-06,CE
15m,3,2025-05-06T15:30:00+05:30,0.0133,-99.9921,SENSEX|weekly|2025-05-06,PE
15m,4,2025-05-08T15:30:00+05:30,0.0,-99.9806,NIFTY|weekly|2025-05-08,CE
15m,5,2025-05-08T15:30:00+05:30,0.0,-89.113,NIFTY|weekly|2025-05-08,PE
15m,6,2025-05-12T10:00:00+05:30,0.0,30.0,NIFTY|weekly|2025-05-22,CE
15m,7,2025-05-22T15:30:00+05:30,0.0,-66.9823,NIFTY|weekly|2025-05-22,CE
15m,8,2025-05-22T15:30:00+05:30,0.0,-99.8734,NIFTY|weekly|2025-05-22,PE
15m,9,2025-05-23T11:00:00+05:30,0.0,30.0,NIFTY|weekly|2025-06-05,CE
15m,10,2025-06-05T12:15:00+05:30,0.0,30.0,SENSEX|weekly|2025-06-17,CE
15m,11,2025-06-05T15:30:00+05:30,0.0,-99.9809,NIFTY|weekly|2025-06-05,PE
15m,12,2025-06-05T15:30:00+05:30,0.0,-75.2795,NIFTY|weekly|2025-06-05,CE
15m,13,2025-06-17T15:30:00+05:30,0.0,-84.4965,SENSEX|weekly|2025-06-17,CE
30m,0,,100.0,0.0,,
