alloc,blended_return,buyer_fail,day_type,direction,entry_price,entry_time,entry_vwap,exit_price,exit_reason,exit_time,expiry,month,mp_reason,opt_type,peak_price,poc_rev,seller_fail,signal_date,trade_date,tte
0.2,-10.8911,2.0,NORMAL_VAR_DN,PE,3211.8,2025-04-07 09:30:00+05:30,2990.66,2862.0,vwap_stop,2025-04-07 09:34:00+05:30,2025-04-08,2025-04,NORMAL_VAR_DN,PE,3211.8,False,0.0,2025-04-04,2025-04-07,1
0.2,-12.6426,2.0,NORMAL_VAR_UP,CE,688.15,2025-04-15 09:31:00+05:30,676.2,601.15,vwap_stop,2025-04-15 09:34:00+05:30,2025-04-15,2025-04,NORMAL_VAR_UP,CE,707.7,False,1.0,2025-04-11,2025-04-15,0
0.35,-4.8075,0.0,NORMAL,CE,2796.65,2025-04-16 09:35:00+05:30,2720.47,2662.2,vwap_stop,2025-04-16 10:25:00+05:30,2025-04-22,2025-04,NORM+SF+SF4,CE,2915.35,False,5.0,2025-04-15,2025-04-16,6
0.35,6.6536,1.0,FAILED_AUCTION,CE,2815.0,2025-04-17 09:43:00+05:30,2701.27,3002.3,vwap_stop,2025-04-17 09:57:00+05:30,2025-04-22,2025-04,FA_DN+IB_DN_FAIL+SF4,CE,3099.5,False,7.0,2025-04-16,2025-04-17,5
0.35,13.5038,0.0,TREND_UP,CE,4801.6,2025-04-21 09:46:00+05:30,4801.07,5450.0,session_close,2025-04-21 15:29:00+05:30,2025-04-22,2025-04,TREND_UP,CE,5484.25,False,0.0,2025-04-17,2025-04-21,1
0.2,-2.4603,0.0,NORMAL_VAR_UP,CE,5741.25,2025-04-22 11:08:00+05:30,5733.36,5600.0,vwap_stop,2025-04-22 11:28:00+05:30,2025-04-22,2025-04,NORMAL_VAR_UP,CE,5741.25,False,1.0,2025-04-21,2025-04-22,0
0.35,-10.7302,0.0,NORMAL_VAR_DN,PE,794.95,2025-04-24 09:30:00+05:30,778.65,709.65,vwap_stop,2025-04-24 09:34:00+05:30,2025-05-06,2025-04,NORMAL_VAR_DN,PE,794.95,True,5.0,2025-04-23,2025-04-24,12
0.2,34.2866,1.0,NORMAL_VAR_DN,PE,765.75,2025-04-25 09:30:00+05:30,762.63,1028.3,vwap_stop,2025-04-25 14:01:00+05:30,2025-05-06,2025-04,NORMAL_VAR_DN,PE,1600.0,False,0.0,2025-04-24,2025-04-25,11
0.2,-4.5714,0.0,NORMAL_VAR_DN,PE,866.25,2025-04-28 09:53:00+05:30,860.45,826.65,vwap_stop,2025-04-28 09:56:00+05:30,2025-05-06,2025-04,NORMAL_VAR_DN,PE,866.25,False,2.0,2025-04-25,2025-04-28,8
0.2,-3.1274,0.0,NORMAL_VAR_UP,CE,1060.0,2025-04-29 09:31:00+05:30,1057.75,1026.85,vwap_stop,2025-04-29 09:37:00+05:30,2025-05-06,2025-04,NORMAL_VAR_UP,CE,1110.0,False,2.0,2025-04-28,2025-04-29,7
0.2,-9.6285,1.0,FAILED_AUCTION,CE,889.55,2025-05-05 09:30:00+05:30,887.52,803.9,vwap_stop,2025-05-05 09:33:00+05:30,2025-05-06,2025-05,FA_DN,CE,910.0,False,2.0,2025-05-02,2025-05-05,1
0.35,-21.1494,4.0,FAILED_AUCTION,PE,21.75,2025-05-06 09:59:00+05:30,20.6,17.15,vwap_stop,2025-05-06 10:02:00+05:30,2025-05-06,2025-05,FA_UP+IB_UP_FAIL+BF4,PE,23.5,True,0.0,2025-05-05,2025-05-06,0
0.35,-4.5413,1.0,TREND_DN,PE,1140.65,2025-05-09 09:30:00+05:30,1133.29,1088.85,vwap_stop,2025-05-09 09:42:00+05:30,2025-05-13,2025-05,TREND_DN,PE,1253.0,False,2.0,2025-05-08,2025-05-09,4
0.2,-13.0615,0.0,NORMAL_VAR_UP,CE,1300.0,2025-05-13 09:36:00+05:30,1268.01,1130.2,vwap_stop,2025-05-13 09:42:00+05:30,2025-05-13,2025-05,NORMAL_VAR_UP,CE,1408.15,False,2.0,2025-05-12,2025-05-13,0
0.2,-5.3535,2.0,NORMAL_VAR_DN,PE,340.9,2025-05-14 11:46:00+05:30,336.06,322.65,vwap_stop,2025-05-14 12:14:00+05:30,2025-05-20,2025-05,NORMAL_VAR_DN,PE,396.55,False,0.0,2025-05-13,2025-05-14,6
0.35,-8.4429,0.0,TREND_UP,CE,1999.9,2025-05-16 09:36:00+05:30,1920.07,1831.05,vwap_stop,2025-05-16 09:39:00+05:30,2025-05-20,2025-05,TREND_UP,CE,1999.9,False,0.0,2025-05-15,2025-05-16,4
0.2,-8.2704,0.0,FAILED_AUCTION,CE,1802.2,2025-05-19 09:30:00+05:30,1645.74,1653.15,vwap_stop,2025-05-19 12:04:00+05:30,2025-05-20,2025-05,FA_DN,CE,1852.95,False,2.0,2025-05-16,2025-05-19,1
0.35,28.8344,7.0,DOUBLE_DIST,PE,8.15,2025-05-20 09:43:00+05:30,7.96,10.5,vwap_stop,2025-05-20 10:13:00+05:30,2025-05-20,2025-05,DD+BF+IB_UP_FAIL+BF4,PE,19.1,False,0.0,2025-05-19,2025-05-20,0
0.35,-1.6484,2.0,TREND_DN,PE,1055.55,2025-05-21 09:57:00+05:30,1039.64,1038.15,vwap_stop,2025-05-21 10:00:00+05:30,2025-06-03,2025-05,TREND_DN,PE,1055.55,False,0.0,2025-05-20,2025-05-21,13
0.2,-6.2869,0.0,NORMAL_VAR_UP,CE,1185.0,2025-05-26 09:30:00+05:30,1112.41,1110.5,vwap_stop,2025-05-26 10:21:00+05:30,2025-06-03,2025-05,NORMAL_VAR_UP,CE,1235.0,False,2.0,2025-05-23,2025-05-26,8
0.35,-7.4198,1.0,FAILED_AUCTION,CE,477.1,2025-05-29 10:05:00+05:30,469.36,441.7,vwap_stop,2025-05-29 10:10:00+05:30,2025-06-03,2025-05,FA_DN,CE,489.75,True,2.0,2025-05-28,2025-05-29,5
0.35,-3.1852,0.0,NORMAL_VAR_DN,PE,734.65,2025-05-30 09:30:00+05:30,731.17,711.25,vwap_stop,2025-05-30 09:33:00+05:30,2025-06-03,2025-05,NORMAL_VAR_DN,PE,734.75,True,5.0,2025-05-29,2025-05-30,4
0.35,-3.3878,0.0,NORMAL_VAR_DN,PE,1391.75,2025-06-02 09:30:00+05:30,1370.51,1344.6,vwap_stop,2025-06-02 09:42:00+05:30,2025-06-03,2025-06,NORMAL_VAR_DN,PE,1531.05,True,0.0,2025-05-30,2025-06-02,1
0.35,-6.8159,3.0,NORMAL_VAR_UP,CE,198.8,2025-06-03 09:36:00+05:30,198.38,185.25,vwap_stop,2025-06-03 09:46:00+05:30,2025-06-03,2025-06,NORMAL_VAR_UP,CE,271.5,True,0.0,2025-06-02,2025-06-03,0
0.2,-2.7826,2.0,NORMAL_VAR_DN,PE,1236.25,2025-06-04 09:30:00+05:30,1218.16,1201.85,vwap_stop,2025-06-04 09:56:00+05:30,2025-06-10,2025-06,NORMAL_VAR_DN,PE,1300.0,False,0.0,2025-06-03,2025-06-04,6
0.35,-4.281,3.0,NORMAL_VAR_UP,CE,348.05,2025-06-05 09:30:00+05:30,308.78,333.15,vwap_stop,2025-06-05 10:07:00+05:30,2025-06-10,2025-06,NORMAL_VAR_UP,CE,414.1,True,0.0,2025-06-04,2025-06-05,5
0.35,-4.1071,0.0,TREND_UP,CE,829.05,2025-06-09 09:44:00+05:30,820.55,795.0,vwap_stop,2025-06-09 09:54:00+05:30,2025-06-10,2025-06,TREND_UP,CE,858.0,False,0.0,2025-06-06,2025-06-09,1
0.35,-57.7275,0.0,NORMAL_VAR_DN,PE,92.85,2025-06-10 09:30:00+05:30,53.1,39.25,vwap_stop,2025-06-10 09:49:00+05:30,2025-06-10,2025-06,NORMAL_VAR_DN,PE,93.25,True,3.0,2025-06-09,2025-06-10,0
0.2,-11.9887,2.0,NORMAL_VAR_UP,CE,1359.2,2025-06-12 09:38:00+05:30,1343.93,1196.25,vwap_stop,2025-06-12 09:46:00+05:30,2025-06-17,2025-06,NORMAL_VAR_UP,CE,1359.2,False,1.0,2025-06-11,2025-06-12,5
0.35,-12.7366,0.0,TREND_DN,PE,930.0,2025-06-13 09:34:00+05:30,924.8,811.55,vwap_stop,2025-06-13 09:37:00+05:30,2025-06-17,2025-06,TREND_DN,PE,948.35,False,1.0,2025-06-12,2025-06-13,4
0.35,107.5176,0.0,NORMAL_VAR_UP,CE,255.4,2025-06-16 10:25:00+05:30,243.27,530.0,session_close,2025-06-16 15:29:00+05:30,2025-06-17,2025-06,NORMAL_VAR_UP,CE,624.95,True,2.0,2025-06-13,2025-06-16,1
0.35,-31.6304,0.0,TREND_UP,CE,342.55,2025-06-17 09:38:00+05:30,336.04,234.2,vwap_stop,2025-06-17 09:41:00+05:30,2025-06-17,2025-06,TREND_UP,CE,377.15,False,0.0,2025-06-16,2025-06-17,0
0.35,-0.983,1.0,FAILED_AUCTION,CE,615.45,2025-06-19 10:12:00+05:30,611.49,609.4,vwap_stop,2025-06-19 10:16:00+05:30,2025-07-01,2025-06,FA_DN,CE,615.45,True,2.0,2025-06-18,2025-06-19,12
0.35,-4.6461,2.0,TREND_UP,CE,625.25,2025-06-23 10:46:00+05:30,614.07,596.2,vwap_stop,2025-06-23 10:52:00+05:30,2025-07-01,2025-06,TREND_UP,CE,630.9,False,2.0,2025-06-20,2025-06-23,8
0.35,-3.8858,3.0,NORMAL_VAR_UP,CE,1095.0,2025-06-24 09:57:00+05:30,1089.78,1052.45,vwap_stop,2025-06-24 10:52:00+05:30,2025-07-01,2025-06,NORMAL_VAR_UP,CE,1264.85,True,0.0,2025-06-23,2025-06-24,7
0.2,-2.9116,0.0,NORMAL_VAR_UP,CE,1358.35,2025-06-26 09:30:00+05:30,1212.75,1318.8,vwap_stop,2025-06-26 10:45:00+05:30,2025-07-01,2025-06,NORMAL_VAR_UP,CE,1571.2,False,2.0,2025-06-25,2025-06-26,5
0.2,-4.7946,1.0,NORMAL_VAR_UP,CE,2017.9,2025-06-27 10:15:00+05:30,2015.34,1921.15,vwap_stop,2025-06-27 10:38:00+05:30,2025-07-01,2025-06,NORMAL_VAR_UP,CE,2018.05,False,2.0,2025-06-26,2025-06-27,4
0.2,-2.8917,0.0,NORMAL_VAR_UP,CE,2144.05,2025-06-30 09:33:00+05:30,2127.92,2082.05,vwap_stop,2025-06-30 09:38:00+05:30,2025-07-01,2025-06,NORMAL_VAR_UP,CE,2144.05,False,0.0,2025-06-27,2025-06-30,1
0.2,-8.0645,0.0,NORMAL_VAR_DN,PE,3.1,2025-07-01 11:05:00+05:30,3.02,2.85,vwap_stop,2025-07-01 11:08:00+05:30,2025-07-01,2025-07,NORMAL_VAR_DN,PE,3.1,False,0.0,2025-06-30,2025-07-01,0
0.35,-2.3942,0.0,FAILED_AUCTION,CE,1200.8,2025-07-02 10:02:00+05:30,1186.99,1172.05,vwap_stop,2025-07-02 10:07:00+05:30,2025-07-08,2025-07,FA_DN,CE,1200.8,True,2.0,2025-07-01,2025-07-02,6
0.2,-27.1712,1.0,NORMAL_VAR_DN,PE,179.05,2025-07-03 09:30:00+05:30,147.02,130.4,vwap_stop,2025-07-03 09:37:00+05:30,2025-07-08,2025-07,NORMAL_VAR_DN,PE,185.0,False,0.0,2025-07-02,2025-07-03,5
0.35,-9.4114,7.0,DOUBLE_DIST,PE,158.85,2025-07-04 09:36:00+05:30,144.36,143.9,vwap_stop,2025-07-04 09:54:00+05:30,2025-07-08,2025-07,DD+BF+IB_UP_FAIL+BF4,PE,190.0,False,0.0,2025-07-03,2025-07-04,4
0.35,3.2785,0.0,FAILED_AUCTION,CE,710.7,2025-07-07 09:30:00+05:30,704.57,734.0,vwap_stop,2025-07-07 09:52:00+05:30,2025-07-08,2025-07,FA_DN+IB_DN_FAIL+SF4,CE,865.0,True,7.0,2025-07-04,2025-07-07,1
0.35,7.3383,2.0,TREND_UP,CE,458.55,2025-07-09 09:55:00+05:30,458.17,492.2,vwap_stop,2025-07-09 14:25:00+05:30,2025-07-15,2025-07,TREND_UP,CE,579.0,False,0.0,2025-07-08,2025-07-09,6
0.2,53.0212,2.0,NORMAL_VAR_DN,PE,701.7,2025-07-11 09:58:00+05:30,694.98,1073.75,session_close,2025-07-11 15:29:00+05:30,2025-07-15,2025-07,NORMAL_VAR_DN,PE,1097.75,False,0.0,2025-07-10,2025-07-11,4
0.35,-6.9777,0.0,TREND_DN,PE,1360.05,2025-07-14 09:30:00+05:30,1269.82,1265.15,vwap_stop,2025-07-14 09:52:00+05:30,2025-07-15,2025-07,TREND_DN,PE,1441.45,False,0.0,2025-07-11,2025-07-14,1
0.35,-0.1098,0.0,TREND_UP,CE,91.1,2025-07-16 11:53:00+05:30,83.27,91.0,vwap_stop,2025-07-16 13:36:00+05:30,2025-07-22,2025-07,TREND_UP,CE,125.3,False,0.0,2025-07-15,2025-07-16,6
0.2,20.3099,2.0,NORMAL_VAR_DN,PE,1336.05,2025-07-18 09:30:00+05:30,1298.18,1607.4,vwap_stop,2025-07-18 14:31:00+05:30,2025-07-22,2025-07,NORMAL_VAR_DN,PE,1797.25,False,0.0,2025-07-17,2025-07-18,4
0.2,-6.013,2.0,NORMAL_VAR_DN,PE,1920.0,2025-07-21 09:40:00+05:30,1913.79,1804.55,vwap_stop,2025-07-21 09:43:00+05:30,2025-07-22,2025-07,NORMAL_VAR_DN,PE,1920.0,False,0.0,2025-07-18,2025-07-21,1
0.35,-0.7495,1.0,NORMAL_VAR_DN,PE,520.35,2025-07-23 09:35:00+05:30,504.24,516.45,vwap_stop,2025-07-23 10:46:00+05:30,2025-08-05,2025-07,NORMAL_VAR_DN,PE,560.9,True,0.0,2025-07-22,2025-07-23,13
0.35,-2.1419,0.0,TREND_UP,CE,707.3,2025-07-24 10:35:00+05:30,704.47,692.15,vwap_stop,2025-07-24 10:45:00+05:30,2025-08-05,2025-07,TREND_UP,CE,712.65,False,0.0,2025-07-23,2025-07-24,12
0.35,30.8046,2.0,TREND_DN,PE,794.85,2025-07-25 09:43:00+05:30,773.67,1039.7,session_close,2025-07-25 15:29:00+05:30,2025-08-05,2025-07,TREND_DN,PE,1045.6,False,0.0,2025-07-24,2025-07-25,11
0.2,30.1802,0.0,NORMAL_VAR_DN,PE,1110.0,2025-07-28 11:12:00+05:30,1109.77,1445.0,session_close,2025-07-28 15:29:00+05:30,2025-08-05,2025-07,NORMAL_VAR_DN,PE,1445.0,False,0.0,2025-07-25,2025-07-28,8
0.35,-3.0568,1.0,TREND_UP,CE,114.5,2025-07-30 09:30:00+05:30,114.34,111.0,vwap_stop,2025-07-30 09:49:00+05:30,2025-08-05,2025-07,TREND_UP,CE,145.0,False,0.0,2025-07-29,2025-07-30,6
0.35,-1.6722,0.0,NORMAL_VAR_DN,PE,1495.0,2025-07-31 09:30:00+05:30,1493.48,1470.0,vwap_stop,2025-07-31 09:43:00+05:30,2025-08-05,2025-07,NORMAL_VAR_DN,PE,1518.0,True,5.0,2025-07-30,2025-07-31,5
0.35,-8.5984,1.0,NORMAL_VAR_UP,CE,42.45,2025-08-01 09:33:00+05:30,39.9,38.8,vwap_stop,2025-08-01 09:51:00+05:30,2025-08-05,2025-08,NORMAL_VAR_UP,CE,45.0,True,2.0,2025-07-31,2025-08-01,4
0.2,-10.2941,0.0,NORMAL_VAR_UP,CE,3.4,2025-08-05 09:40:00+05:30,3.37,3.05,vwap_stop,2025-08-05 09:43:00+05:30,2025-08-05,2025-08,NORMAL_VAR_UP,CE,3.45,False,0.0,2025-08-04,2025-08-05,0
0.2,-1.9913,0.0,NORMAL_VAR_DN,PE,635.25,2025-08-07 09:36:00+05:30,623.81,622.6,vwap_stop,2025-08-07 09:40:00+05:30,2025-08-12,2025-08,NORMAL_VAR_DN,PE,643.45,False,2.0,2025-08-06,2025-08-07,5
0.35,17.4566,0.0,TREND_UP,CE,126.6,2025-08-12 09:30:00+05:30,103.17,148.7,vwap_stop,2025-08-12 10:29:00+05:30,2025-08-12,2025-08,TREND_UP,CE,333.35,False,0.0,2025-08-11,2025-08-12,0
0.35,-4.6507,0.0,NORMAL_VAR_DN,PE,265.55,2025-08-13 09:30:00+05:30,263.78,253.2,vwap_stop,2025-08-13 09:38:00+05:30,2025-08-19,2025-08,NORMAL_VAR_DN,PE,305.55,True,0.0,2025-08-12,2025-08-13,6
0.35,-3.5664,1.0,DOUBLE_DIST,CE,679.95,2025-08-14 09:30:00+05:30,669.89,655.7,vwap_stop,2025-08-14 09:33:00+05:30,2025-08-19,2025-08,DD+SF+IB_DN_FAIL+SF4,CE,687.4,False,7.0,2025-08-13,2025-08-14,5
0.35,-16.0804,4.0,FAILED_AUCTION,PE,19.9,2025-08-18 12:09:00+05:30,18.73,16.7,vwap_stop,2025-08-18 12:21:00+05:30,2025-08-19,2025-08,FA_UP+IB_UP_FAIL+BF4,PE,27.5,True,0.0,2025-08-14,2025-08-18,1
0.35,-20.6897,0.0,NORMAL_VAR_DN,PE,4.35,2025-08-19 13:32:00+05:30,4.06,3.45,vwap_stop,2025-08-19 13:44:00+05:30,2025-08-19,2025-08,NORMAL_VAR_DN,PE,4.55,True,0.0,2025-08-18,2025-08-19,0
0.2,-4.1566,1.0,NORMAL_VAR_UP,CE,684.45,2025-08-21 09:32:00+05:30,680.74,656.0,vwap_stop,2025-08-21 09:41:00+05:30,2025-09-04,2025-08,NORMAL_VAR_UP,CE,695.85,False,0.0,2025-08-20,2025-08-21,14
0.2,-9.7606,2.0,NORMAL_VAR_DN,PE,760.2,2025-08-25 09:58:00+05:30,750.07,686.0,vwap_stop,2025-08-25 11:45:00+05:30,2025-09-04,2025-08,NORMAL_VAR_DN,PE,815.0,False,0.0,2025-08-22,2025-08-25,10
0.35,-4.2632,0.0,DOUBLE_DIST,CE,190.0,2025-08-26 11:04:00+05:30,189.55,181.9,vwap_stop,2025-08-26 11:08:00+05:30,2025-09-04,2025-08,DD+SF+IB_DN_FAIL+SF4,CE,191.6,False,7.0,2025-08-25,2025-08-26,9
0.2,16.9725,0.0,NORMAL_VAR_UP,CE,10.9,2025-09-02 09:31:00+05:30,10.71,12.75,vwap_stop,2025-09-02 12:12:00+05:30,2025-09-04,2025-09,NORMAL_VAR_UP,CE,18.3,False,2.0,2025-09-01,2025-09-02,2
0.35,-3.557,7.0,DOUBLE_DIST,PE,1831.6,2025-09-03 13:33:00+05:30,1786.16,1766.45,vwap_stop,2025-09-03 13:54:00+05:30,2025-09-04,2025-09,DD+BF+IB_UP_FAIL+BF4,PE,1831.6,True,0.0,2025-09-02,2025-09-03,1
0.35,-4.5005,2.0,NORMAL_VAR_DN,PE,182.2,2025-09-05 09:30:00+05:30,178.85,174.0,vwap_stop,2025-09-05 09:51:00+05:30,2025-09-11,2025-09,NORMAL_VAR_DN,PE,204.15,True,0.0,2025-09-04,2025-09-05,6
0.2,-8.0311,0.0,NORMAL_VAR_DN,PE,154.4,2025-09-08 10:14:00+05:30,147.78,142.0,vwap_stop,2025-09-08 10:42:00+05:30,2025-09-11,2025-09,NORMAL_VAR_DN,PE,182.9,False,2.0,2025-09-05,2025-09-08,3
0.2,-6.0411,0.0,NORMAL_VAR_UP,CE,969.2,2025-09-15 09:30:00+05:30,957.69,910.65,vwap_stop,2025-09-15 09:34:00+05:30,2025-09-18,2025-09,NORMAL_VAR_UP,CE,969.2,False,0.0,2025-09-12,2025-09-15,3
0.2,-2.4759,1.0,NORMAL_VAR_UP,CE,1589.35,2025-09-17 09:34:00+05:30,1531.34,1550.0,vwap_stop,2025-09-17 14:28:00+05:30,2025-09-18,2025-09,NORMAL_VAR_UP,CE,1670.0,False,2.0,2025-09-16,2025-09-17,1
0.35,-3.2258,2.0,FAILED_AUCTION,PE,3.1,2025-09-18 09:47:00+05:30,3.08,3.0,vwap_stop,2025-09-18 09:51:00+05:30,2025-09-18,2025-09,FA_UP,PE,3.15,True,0.0,2025-09-17,2025-09-18,0
0.35,7.7356,0.0,NORMAL_VAR_DN,PE,355.5,2025-09-19 09:31:00+05:30,342.76,383.0,vwap_stop,2025-09-19 10:28:00+05:30,2025-10-01,2025-09,NORMAL_VAR_DN,PE,438.7,True,5.0,2025-09-18,2025-09-19,12
0.2,-4.9171,0.0,NORMAL_VAR_DN,PE,615.2,2025-09-23 09:30:00+05:30,529.53,584.95,vwap_stop,2025-09-23 12:35:00+05:30,2025-10-01,2025-09,NORMAL_VAR_DN,PE,791.35,False,4.0,2025-09-22,2025-09-23,8
0.2,38.6989,0.0,NORMAL_VAR_DN,PE,880.0,2025-09-25 09:46:00+05:30,853.95,1220.55,session_close,2025-09-25 15:29:00+05:30,2025-10-01,2025-09,NORMAL_VAR_DN,PE,1250.0,False,3.0,2025-09-24,2025-09-25,6
0.35,33.6183,0.0,TREND_DN,PE,1573.55,2025-09-26 09:30:00+05:30,1543.73,2102.55,session_close,2025-09-26 15:29:00+05:30,2025-10-01,2025-09,TREND_DN,PE,2130.0,False,2.0,2025-09-25,2025-09-26,5
0.35,5.8575,0.0,TREND_DN,PE,2000.0,2025-09-29 11:40:00+05:30,1826.26,2117.15,session_close,2025-09-29 15:29:00+05:30,2025-10-01,2025-09,TREND_DN,PE,2145.55,False,0.0,2025-09-26,2025-09-29,2
0.35,-11.0827,0.0,TREND_UP,CE,156.55,2025-10-03 09:32:00+05:30,155.23,139.2,vwap_stop,2025-10-03 09:35:00+05:30,2025-10-09,2025-10,TREND_UP,CE,157.55,False,1.0,2025-10-01,2025-10-03,6
0.2,139.2945,0.0,NORMAL_VAR_UP,CE,222.55,2025-10-06 09:36:00+05:30,216.39,532.55,session_close,2025-10-06 15:29:00+05:30,2025-10-09,2025-10,NORMAL_VAR_UP,CE,607.0,False,2.0,2025-10-03,2025-10-06,3
0.35,8.132,0.0,TREND_UP,CE,571.2,2025-10-07 09:30:00+05:30,565.21,617.65,vwap_stop,2025-10-07 11:23:00+05:30,2025-10-09,2025-10,TREND_UP,CE,835.85,False,0.0,2025-10-06,2025-10-07,2
0.2,-10.3319,5.0,NORMAL_VAR_UP,CE,747.2,2025-10-08 09:30:00+05:30,648.38,670.0,vwap_stop,2025-10-08 10:14:00+05:30,2025-10-09,2025-10,NORMAL_VAR_UP,CE,791.65,False,1.0,2025-10-07,2025-10-08,1
0.2,-13.9884,1.0,NORMAL_VAR_DN,PE,43.25,2025-10-09 09:43:00+05:30,41.02,37.2,vwap_stop,2025-10-09 10:23:00+05:30,2025-10-09,2025-10,NORMAL_VAR_DN,PE,74.8,False,0.0,2025-10-08,2025-10-09,0
0.2,15.0675,0.0,NORMAL_VAR_UP,CE,1629.0,2025-10-10 09:34:00+05:30,1613.94,1874.45,session_close,2025-10-10 15:29:00+05:30,2025-10-16,2025-10,NORMAL_VAR_UP,CE,1874.45,False,0.0,2025-10-09,2025-10-10,6
0.35,4.8292,0.0,NORMAL_VAR_UP,CE,1124.4,2025-10-14 13:30:00+05:30,1087.28,1178.7,session_close,2025-10-14 15:29:00+05:30,2025-10-16,2025-10,NORMAL_VAR_UP,CE,1307.1,True,0.0,2025-10-13,2025-10-14,2
0.2,-2.4983,0.0,NORMAL_VAR_UP,CE,2085.45,2025-10-16 09:33:00+05:30,2051.19,2033.35,vwap_stop,2025-10-16 09:43:00+05:30,2025-10-16,2025-10,NORMAL_VAR_UP,CE,2085.45,False,1.0,2025-10-15,2025-10-16,0
0.35,9.3974,1.0,TREND_UP,CE,1950.0,2025-10-17 10:05:00+05:30,1889.14,2133.25,session_close,2025-10-17 15:29:00+05:30,2025-10-23,2025-10,TREND_UP,CE,2375.0,False,1.0,2025-10-16,2025-10-17,6
0.2,-3.4738,1.0,FAILED_AUCTION,CE,3486.1,2025-10-23 10:16:00+05:30,3475.91,3365.0,vwap_stop,2025-10-23 10:36:00+05:30,2025-10-23,2025-10,FA_DN,CE,3486.1,False,2.0,2025-10-20,2025-10-23,0
0.2,-4.0432,1.0,NORMAL_VAR_DN,PE,648.0,2025-10-27 11:45:00+05:30,634.37,621.8,vwap_stop,2025-10-27 11:49:00+05:30,2025-11-06,2025-10,NORMAL_VAR_DN,PE,648.0,False,1.0,2025-10-24,2025-10-27,10
0.2,-0.7755,0.0,NORMAL_VAR_DN,PE,554.45,2025-10-29 09:34:00+05:30,551.01,550.15,vwap_stop,2025-10-29 09:56:00+05:30,2025-11-06,2025-10,NORMAL_VAR_DN,PE,622.5,False,2.0,2025-10-28,2025-10-29,8
0.2,-10.4173,0.0,NORMAL_VAR_UP,CE,480.45,2025-10-30 10:14:00+05:30,470.85,430.4,vwap_stop,2025-10-30 10:19:00+05:30,2025-11-06,2025-10,NORMAL_VAR_UP,CE,489.0,False,0.0,2025-10-29,2025-10-30,7
0.2,-6.7674,1.0,NORMAL_VAR_DN,PE,1244.2,2025-11-03 09:30:00+05:30,1190.95,1160.0,vwap_stop,2025-11-03 09:37:00+05:30,2025-11-06,2025-11,NORMAL_VAR_DN,PE,1284.3,False,0.0,2025-10-31,2025-11-03,3
0.35,-3.1806,2.0,TREND_DN,PE,1337.8,2025-11-06 09:30:00+05:30,1274.82,1295.25,vwap_stop,2025-11-06 10:00:00+05:30,2025-11-06,2025-11,TREND_DN,PE,1423.15,False,0.0,2025-11-04,2025-11-06,0
0.2,-3.8068,1.0,NORMAL_VAR_DN,PE,1983.3,2025-11-07 09:30:00+05:30,1901.52,1907.8,vwap_stop,2025-11-07 10:23:00+05:30,2025-11-13,2025-11,NORMAL_VAR_DN,PE,2025.0,False,1.0,2025-11-06,2025-11-07,6
0.35,-19.3909,0.0,NORMAL_VAR_UP,CE,49.25,2025-11-10 09:31:00+05:30,45.45,39.7,vwap_stop,2025-11-10 09:42:00+05:30,2025-11-13,2025-11,NORMAL_VAR_UP,CE,49.25,True,0.0,2025-11-07,2025-11-10,3
0.35,-13.306,0.0,DOUBLE_DIST,CE,85.3,2025-11-12 09:41:00+05:30,76.86,73.95,vwap_stop,2025-11-12 10:13:00+05:30,2025-11-13,2025-11,DD+SF+IB_DN_FAIL+SF4,CE,95.25,False,7.0,2025-11-11,2025-11-12,1
0.2,-41.1187,3.0,NORMAL_VAR_UP,CE,50.95,2025-11-13 09:30:00+05:30,41.18,30.0,vwap_stop,2025-11-13 09:36:00+05:30,2025-11-13,2025-11,NORMAL_VAR_UP,CE,55.05,False,0.0,2025-11-12,2025-11-13,0
0.2,-9.4187,2.0,NORMAL_VAR_UP,CE,1030.4,2025-11-14 09:30:00+05:30,960.9,933.35,vwap_stop,2025-11-14 09:53:00+05:30,2025-11-20,2025-11,NORMAL_VAR_UP,CE,1165.05,False,0.0,2025-11-13,2025-11-14,6
0.2,-0.2242,0.0,NORMAL_VAR_UP,CE,1115.0,2025-11-18 10:56:00+05:30,1086.07,1112.5,vwap_stop,2025-11-18 12:38:00+05:30,2025-11-20,2025-11,NORMAL_VAR_UP,CE,1280.0,False,0.0,2025-11-17,2025-11-18,2
0.35,-4.4262,0.0,FAILED_AUCTION,CE,1015.55,2025-11-19 09:30:00+05:30,974.49,970.6,vwap_stop,2025-11-19 09:51:00+05:30,2025-11-20,2025-11,FA_DN,CE,1069.0,True,2.0,2025-11-18,2025-11-19,1
0.35,10.8325,0.0,TREND_UP,CE,1747.05,2025-11-20 10:43:00+05:30,1646.89,1936.3,session_close,2025-11-20 15:29:00+05:30,2025-11-20,2025-11,TREND_UP,CE,2036.25,False,1.0,2025-11-19,2025-11-20,0
0.35,-4.4573,1.0,TREND_UP,CE,995.0,2025-11-21 09:30:00+05:30,959.94,950.65,vwap_stop,2025-11-21 09:44:00+05:30,2025-12-04,2025-11,TREND_UP,CE,1014.0,False,0.0,2025-11-20,2025-11-21,13
0.2,-0.1934,0.0,NORMAL_VAR_DN,PE,517.0,2025-11-24 09:33:00+05:30,516.08,516.0,vwap_stop,2025-11-24 10:03:00+05:30,2025-12-04,2025-11,NORMAL_VAR_DN,PE,576.4,False,0.0,2025-11-21,2025-11-24,10
0.2,-7.4021,0.0,NORMAL_VAR_UP,CE,945.0,2025-11-27 09:30:00+05:30,887.04,875.05,vwap_stop,2025-11-27 09:42:00+05:30,2025-12-04,2025-11,NORMAL_VAR_UP,CE,955.2,False,2.0,2025-11-26,2025-11-27,7
0.35,-3.2599,4.0,FAILED_AUCTION,PE,108.9,2025-12-01 09:31:00+05:30,106.68,105.35,vwap_stop,2025-12-01 09:35:00+05:30,2025-12-04,2025-12,FA_UP+IB_UP_FAIL+BF4,PE,111.65,True,1.0,2025-11-28,2025-12-01,3
0.35,4.9876,0.0,TREND_DN,PE,241.6,2025-12-02 09:30:00+05:30,208.41,253.65,vwap_stop,2025-12-02 10:35:00+05:30,2025-12-04,2025-12,TREND_DN,PE,320.0,False,0.0,2025-12-01,2025-12-02,2
0.2,-1.1081,1.0,NORMAL_VAR_DN,PE,388.05,2025-12-03 09:30:00+05:30,319.82,383.75,vwap_stop,2025-12-03 12:14:00+05:30,2025-12-04,2025-12,NORMAL_VAR_DN,PE,530.0,False,1.0,2025-12-02,2025-12-03,1
0.2,-6.4874,5.0,NORMAL_VAR_UP,CE,342.2,2025-12-05 09:34:00+05:30,330.45,320.0,vwap_stop,2025-12-05 09:38:00+05:30,2025-12-11,2025-12,NORMAL_VAR_UP,CE,351.2,False,1.0,2025-12-04,2025-12-05,6
0.35,-17.3758,2.0,TREND_DN,PE,1025.85,2025-12-09 09:30:00+05:30,889.79,847.6,vwap_stop,2025-12-09 10:18:00+05:30,2025-12-11,2025-12,TREND_DN,PE,1150.0,False,0.0,2025-12-08,2025-12-09,2
0.2,-10.9221,2.0,FAILED_AUCTION,PE,781.9,2025-12-10 09:55:00+05:30,757.44,696.5,vwap_stop,2025-12-10 10:03:00+05:30,2025-12-11,2025-12,FA_UP,PE,802.85,False,0.0,2025-12-09,2025-12-10,1
0.35,8.0916,7.0,DOUBLE_DIST,PE,1094.35,2025-12-11 09:32:00+05:30,1090.83,1182.9,vwap_stop,2025-12-11 10:08:00+05:30,2025-12-11,2025-12,DD+BF+IB_UP_FAIL+BF4,PE,1424.35,False,0.0,2025-12-10,2025-12-11,0
0.2,-8.9199,0.0,NORMAL_VAR_UP,CE,637.9,2025-12-12 09:30:00+05:30,573.77,581.0,vwap_stop,2025-12-12 10:00:00+05:30,2025-12-18,2025-12,NORMAL_VAR_UP,CE,670.0,False,0.0,2025-12-11,2025-12-12,6
0.35,-3.5989,0.0,NORMAL_VAR_UP,CE,286.2,2025-12-16 09:48:00+05:30,283.13,275.9,vwap_stop,2025-12-16 09:51:00+05:30,2025-12-18,2025-12,NORMAL_VAR_UP,CE,288.75,True,0.0,2025-12-15,2025-12-16,2
0.2,24.3852,2.0,NORMAL_VAR_DN,PE,341.6,2025-12-17 09:43:00+05:30,317.31,424.9,session_close,2025-12-17 15:29:00+05:30,2025-12-18,2025-12,NORMAL_VAR_DN,PE,574.85,False,0.0,2025-12-16,2025-12-17,1
0.2,-5.6958,0.0,NORMAL_VAR_DN,PE,578.5,2025-12-18 09:32:00+05:30,571.1,545.55,vwap_stop,2025-12-18 10:13:00+05:30,2025-12-18,2025-12,NORMAL_VAR_DN,PE,730.9,False,2.0,2025-12-17,2025-12-18,0
0.35,-3.7314,2.0,NORMAL_VAR_UP,CE,1412.35,2025-12-19 09:32:00+05:30,1354.79,1359.65,vwap_stop,2025-12-19 09:54:00+05:30,2026-01-01,2025-12,NORMAL_VAR_UP,CE,1430.7,True,1.0,2025-12-18,2025-12-19,13
0.35,-1.0289,2.0,FAILED_AUCTION,PE,102.05,2025-12-22 09:38:00+05:30,101.61,101.0,vwap_stop,2025-12-22 10:00:00+05:30,2026-01-01,2025-12,FA_UP,PE,107.5,True,0.0,2025-12-19,2025-12-22,10
0.2,-1.4881,0.0,NORMAL_VAR_UP,CE,1680.0,2025-12-23 09:36:00+05:30,1679.26,1655.0,vwap_stop,2025-12-23 09:42:00+05:30,2026-01-01,2025-12,NORMAL_VAR_UP,CE,1680.0,False,2.0,2025-12-22,2025-12-23,9
0.2,80.3758,0.0,NORMAL_VAR_DN,PE,23.95,2025-12-29 09:57:00+05:30,23.45,43.2,session_close,2025-12-29 15:29:00+05:30,2026-01-01,2025-12,NORMAL_VAR_DN,PE,56.95,False,1.0,2025-12-26,2025-12-29,3
0.35,-17.9612,1.0,TREND_DN,PE,61.8,2025-12-30 09:30:00+05:30,57.26,50.7,vwap_stop,2025-12-30 09:35:00+05:30,2026-01-01,2025-12,TREND_DN,PE,62.6,False,0.0,2025-12-29,2025-12-30,2
0.2,-4.1829,0.0,NORMAL_VAR_UP,CE,962.25,2025-12-31 09:30:00+05:30,937.85,922.0,vwap_stop,2025-12-31 09:36:00+05:30,2026-01-01,2025-12,NORMAL_VAR_UP,CE,991.6,False,0.0,2025-12-30,2025-12-31,1
0.2,-4.3799,1.0,NORMAL_VAR_UP,CE,1408.7,2026-01-01 09:30:00+05:30,1356.32,1347.0,vwap_stop,2026-01-01 09:35:00+05:30,2026-01-01,2026-01,NORMAL_VAR_UP,CE,1415.0,False,0.0,2025-12-31,2026-01-01,0
0.2,-4.0155,1.0,NORMAL_VAR_UP,CE,554.1,2026-01-05 09:50:00+05:30,544.38,531.85,vwap_stop,2026-01-05 09:53:00+05:30,2026-01-08,2026-01,NORMAL_VAR_UP,CE,562.0,False,2.0,2026-01-02,2026-01-05,3
0.35,-21.0843,7.0,DOUBLE_DIST,PE,332.0,2026-01-06 09:30:00+05:30,277.87,262.0,vwap_stop,2026-01-06 09:35:00+05:30,2026-01-08,2026-01,DD+BF+IB_UP_FAIL+BF4,PE,343.05,False,0.0,2026-01-05,2026-01-06,2
0.2,-6.3709,0.0,NORMAL_VAR_DN,PE,423.8,2026-01-07 09:30:00+05:30,410.17,396.8,vwap_stop,2026-01-07 09:38:00+05:30,2026-01-08,2026-01,NORMAL_VAR_DN,PE,436.35,False,2.0,2026-01-06,2026-01-07,1
0.2,-9.0036,2.0,FAILED_AUCTION,PE,536.45,2026-01-08 09:30:00+05:30,477.06,488.15,vwap_stop,2026-01-08 09:40:00+05:30,2026-01-08,2026-01,FA_UP,PE,559.05,False,1.0,2026-01-07,2026-01-08,0
0.35,-9.2023,1.0,TREND_DN,PE,750.9,2026-01-09 09:30:00+05:30,693.81,681.8,vwap_stop,2026-01-09 09:48:00+05:30,2026-01-14,2026-01,TREND_DN,PE,833.65,False,1.0,2026-01-08,2026-01-09,5
0.35,-0.9909,2.0,TREND_DN,PE,1650.0,2026-01-12 09:30:00+05:30,1640.22,1633.65,vwap_stop,2026-01-12 09:36:00+05:30,2026-01-14,2026-01,TREND_DN,PE,1675.0,False,0.0,2026-01-09,2026-01-12,2
0.35,-26.5625,0.0,DOUBLE_DIST,CE,48.0,2026-01-13 10:31:00+05:30,44.57,35.25,vwap_stop,2026-01-13 10:36:00+05:30,2026-01-14,2026-01,DD+SF+IB_DN_FAIL+SF4,CE,50.35,False,7.0,2026-01-12,2026-01-13,1
0.35,-7.6063,1.0,FAILED_AUCTION,CE,22.35,2026-01-20 10:03:00+05:30,22.31,20.65,vwap_stop,2026-01-20 10:21:00+05:30,2026-01-22,2026-01,FA_DN,CE,23.9,True,2.0,2026-01-19,2026-01-20,2
0.35,1.9869,2.0,TREND_DN,PE,2745.45,2026-01-21 09:48:00+05:30,2590.74,2800.0,vwap_stop,2026-01-21 12:21:00+05:30,2026-01-22,2026-01,TREND_DN,PE,3351.45,False,2.0,2026-01-20,2026-01-21,1
0.35,1.1824,0.0,NORMAL_VAR_DN,PE,875.35,2026-01-23 09:34:00+05:30,870.05,885.7,vwap_stop,2026-01-23 10:08:00+05:30,2026-02-05,2026-01,NORMAL_VAR_DN,PE,960.0,True,1.0,2026-01-22,2026-01-23,13
0.35,-17.2232,0.0,TREND_DN,PE,1594.65,2026-01-27 09:30:00+05:30,1432.37,1320.0,vwap_stop,2026-01-27 09:40:00+05:30,2026-02-05,2026-01,TREND_DN,PE,1610.0,False,0.0,2026-01-23,2026-01-27,9
0.35,-3.5036,2.0,NORMAL_VAR_UP,CE,834.85,2026-01-28 11:04:00+05:30,824.58,805.6,vwap_stop,2026-01-28 11:39:00+05:30,2026-02-05,2026-01,NORMAL_VAR_UP,CE,880.0,True,0.0,2026-01-27,2026-01-28,8
0.35,-1.0216,0.0,FAILED_AUCTION,CE,572.65,2026-01-29 10:58:00+05:30,572.24,566.8,vwap_stop,2026-01-29 11:39:00+05:30,2026-02-05,2026-01,FA_DN+IB_DN_FAIL+SF4,CE,646.0,False,4.0,2026-01-28,2026-01-29,7
0.2,2.8085,1.0,NORMAL_VAR_UP,CE,573.25,2026-01-30 09:34:00+05:30,569.71,589.35,vwap_stop,2026-01-30 10:25:00+05:30,2026-02-05,2026-01,NORMAL_VAR_UP,CE,654.2,False,0.0,2026-01-29,2026-01-30,6
0.2,4.6654,3.0,NORMAL_VAR_UP,CE,678.4,2026-02-01 09:30:00+05:30,641.08,710.05,vwap_stop,2026-02-01 11:43:00+05:30,2026-02-05,2026-02,NORMAL_VAR_UP,CE,909.05,False,0.0,2026-01-30,2026-02-01,4
0.2,-1.8603,1.0,NORMAL_VAR_DN,PE,153.2,2026-02-06 09:30:00+05:30,152.35,150.35,vwap_stop,2026-02-06 09:49:00+05:30,2026-02-12,2026-02,NORMAL_VAR_DN,PE,174.7,False,0.0,2026-02-05,2026-02-06,6
0.35,-2.0741,1.0,DOUBLE_DIST,CE,2046.65,2026-02-09 09:30:00+05:30,2016.5,2004.2,vwap_stop,2026-02-09 09:33:00+05:30,2026-02-12,2026-02,DD+SF+IB_DN_FAIL+SF4,CE,2046.65,False,7.0,2026-02-06,2026-02-09,3
0.35,-2.6541,1.0,FAILED_AUCTION,CE,1850.0,2026-02-12 10:13:00+05:30,1800.96,1800.9,vwap_stop,2026-02-12 10:39:00+05:30,2026-02-12,2026-02,FA_DN,CE,1850.0,True,2.0,2026-02-11,2026-02-12,0
0.35,-4.5761,1.0,TREND_DN,PE,844.6,2026-02-13 09:30:00+05:30,802.35,805.95,vwap_stop,2026-02-13 12:28:00+05:30,2026-02-19,2026-02,TREND_DN,PE,962.95,False,0.0,2026-02-12,2026-02-13,6
0.2,-2.1233,0.0,NORMAL_VAR_DN,PE,1158.6,2026-02-16 09:44:00+05:30,1134.32,1134.0,vwap_stop,2026-02-16 09:56:00+05:30,2026-02-19,2026-02,NORMAL_VAR_DN,PE,1198.1,False,2.0,2026-02-13,2026-02-16,3
0.2,-11.0518,1.0,NORMAL_VAR_UP,CE,131.2,2026-02-17 09:33:00+05:30,127.24,116.7,vwap_stop,2026-02-17 09:37:00+05:30,2026-02-19,2026-02,NORMAL_VAR_UP,CE,131.95,False,2.0,2026-02-16,2026-02-17,2
0.2,-1.5469,0.0,NORMAL_VAR_UP,CE,145.45,2026-02-18 09:36:00+05:30,143.41,143.2,vwap_stop,2026-02-18 09:41:00+05:30,2026-02-19,2026-02,NORMAL_VAR_UP,CE,149.5,False,0.0,2026-02-17,2026-02-18,1
