underlying,target,n,win_rate,avg_return,final_equity
360ONE,20,24,58.3,-10.8,62656.0
360ONE,30,24,50.0,-11.71,58973.0
360ONE,50,24,33.3,-19.88,40719.0
360ONE,75,24,29.2,-17.93,43499.0
ABB,20,33,69.7,-3.41,84459.0
ABB,30,33,54.5,-10.45,55597.0
ABB,50,33,42.4,-13.63,44788.0
ABB,75,33,33.3,-17.3,35007.0
ABCAPITAL,20,45,64.4,-4.19,71259.0
ABCAPITAL,30,45,55.6,-5.92,60484.0
ABCAPITAL,50,45,46.7,-4.97,64153.0
ABCAPITAL,75,45,37.8,-6.74,51237.0
ADANIENSOL,20,25,76.0,1.4,111967.0
ADANIENSOL,30,25,68.0,2.54,115915.0
ADANIENSOL,50,25,44.0,-10.74,61402.0
ADANIENSOL,75,25,28.0,-22.23,35926.0
ADANIENT,20,37,75.7,3.07,125436.0
ADANIENT,30,37,67.6,2.96,123732.0
ADANIENT,50,37,56.8,4.95,140250.0
ADANIENT,75,37,43.2,1.45,103843.0
ADANIGREEN,20,36,75.0,2.97,123548.0
ADANIGREEN,30,36,66.7,3.44,126475.0
ADANIGREEN,50,36,58.3,6.47,153321.0
ADANIGREEN,75,36,50.0,2.77,111848.0
ADANIPORTS,20,32,78.1,5.76,139996.0
ADANIPORTS,30,32,59.4,-3.24,80289.0
ADANIPORTS,50,32,37.5,-14.55,38385.0
ADANIPORTS,75,32,34.4,-12.08,44044.0
ALKEM,20,22,63.6,-7.73,74543.0
ALKEM,30,22,63.6,-1.37,97325.0
ALKEM,50,22,40.9,-12.38,59936.0
ALKEM,75,22,40.9,-5.29,78957.0
AMBER,20,17,64.7,-7.89,79323.0
AMBER,30,17,58.8,-6.94,81482.0
AMBER,50,17,47.1,-8.45,76127.0
AMBER,75,17,35.3,-12.95,63645.0
AMBUJACEM,20,44,72.7,1.13,112275.0
AMBUJACEM,30,44,68.2,4.56,148893.0
AMBUJACEM,50,44,61.4,10.71,247759.0
AMBUJACEM,75,44,52.3,14.44,315933.0
ANGELONE,20,8,0.0,-58.8,47830.0
ANGELONE,30,8,0.0,-58.8,47830.0
ANGELONE,50,8,0.0,-58.8,47830.0
ANGELONE,75,8,0.0,-58.8,47830.0
APLAPOLLO,20,27,74.1,2.6,113814.0
APLAPOLLO,30,27,70.4,7.99,149923.0
APLAPOLLO,50,27,63.0,12.32,188384.0
APLAPOLLO,75,27,59.3,20.85,279507.0
APOLLOHOSP,20,32,71.9,-0.84,95488.0
APOLLOHOSP,30,32,62.5,-1.24,90579.0
APOLLOHOSP,50,32,56.2,4.12,121562.0
APOLLOHOSP,75,32,46.9,2.9,114262.0
ASHOKLEY,20,31,54.8,-12.91,48124.0
ASHOKLEY,30,31,51.6,-10.81,54373.0
ASHOKLEY,50,31,48.4,-5.63,74722.0
ASHOKLEY,75,31,45.2,0.24,104222.0
ASIANPAINT,20,37,70.3,1.23,107034.0
ASIANPAINT,30,37,64.9,5.67,145427.0
ASIANPAINT,50,37,51.4,2.78,119620.0
ASIANPAINT,75,37,35.1,-7.05,58514.0
ASTRAL,20,40,72.5,-0.51,107972.0
ASTRAL,30,40,67.5,2.38,132684.0
ASTRAL,50,40,62.5,10.3,232688.0
ASTRAL,75,40,55.0,15.45,324139.0
AUBANK,20,39,71.8,-0.49,94102.0
AUBANK,30,39,66.7,2.0,113418.0
AUBANK,50,39,59.0,5.86,145628.0
AUBANK,75,39,59.0,16.97,314780.0
AUROPHARMA,20,37,59.5,-10.35,48795.0
AUROPHARMA,30,37,54.1,-8.85,53486.0
AUROPHARMA,50,37,43.2,-8.85,52110.0
AUROPHARMA,75,37,37.8,-5.21,64997.0
AXISBANK,20,45,66.7,-1.7,87831.0
AXISBANK,30,45,57.8,-2.35,85679.0
AXISBANK,50,45,53.3,3.9,144283.0
AXISBANK,75,45,46.7,6.41,167440.0
BAJAJ-AUTO,20,38,55.3,-13.69,40373.0
BAJAJ-AUTO,30,38,52.6,-9.42,54774.0
BAJAJ-AUTO,50,38,44.7,-4.7,74563.0
BAJAJ-AUTO,75,38,28.9,-17.48,30144.0
BAJAJFINSV,20,47,72.3,-1.2,91435.0
BAJAJFINSV,30,47,61.7,-3.59,72819.0
BAJAJFINSV,50,47,53.2,-3.04,76262.0
BAJAJFINSV,75,47,40.4,-9.29,42627.0
BAJAJHLDNG,20,4,50.0,-5.79,96002.0
BAJAJHLDNG,30,4,50.0,-0.79,99730.0
BAJAJHLDNG,50,4,50.0,6.17,105018.0
BAJAJHLDNG,75,4,25.0,-20.91,85924.0
BAJFINANCE,20,29,72.4,-1.86,94815.0
BAJFINANCE,30,29,72.4,4.69,136161.0
BAJFINANCE,50,29,58.6,1.51,123339.0
BAJFINANCE,75,29,48.3,0.34,115163.0
BANDHANBNK,20,42,76.2,1.49,119471.0
BANDHANBNK,30,42,73.8,6.64,178878.0
BANDHANBNK,50,42,61.9,7.66,188236.0
BANDHANBNK,75,42,52.4,8.41,194400.0
BANKBARODA,20,47,74.5,1.87,118120.0
BANKBARODA,30,47,66.0,1.63,115097.0
BANKBARODA,50,47,53.2,-0.01,101083.0
BANKBARODA,75,47,48.9,6.85,172103.0
BANKINDIA,20,32,75.0,3.76,125830.0
BANKINDIA,30,32,65.6,5.12,133972.0
BANKINDIA,50,32,56.2,7.71,158355.0
BANKINDIA,75,32,56.2,18.54,292469.0
BANKNIFTY,20,52,65.4,-4.97,58629.0
BANKNIFTY,30,52,55.8,-6.54,49438.0
BANKNIFTY,50,52,42.3,-8.85,37066.0
BANKNIFTY,75,52,30.8,-13.21,22644.0
BDL,20,29,86.2,9.24,174906.0
BDL,30,29,82.8,14.96,239086.0
BDL,50,29,72.4,18.52,301215.0
BDL,75,29,65.5,25.71,428303.0
BEL,20,50,78.0,4.41,160471.0
BEL,30,50,66.0,2.7,132598.0
BEL,50,50,54.0,3.89,145209.0
BEL,75,50,50.0,10.19,246276.0
BHARATFORG,20,41,75.6,1.85,118511.0
BHARATFORG,30,41,70.7,4.91,148435.0
BHARATFORG,50,41,61.0,8.33,189407.0
BHARATFORG,75,41,48.8,6.76,163891.0
BHARTIARTL,20,48,62.5,-7.12,57614.0
BHARTIARTL,30,48,60.4,-3.25,82084.0
BHARTIARTL,50,48,52.1,-1.69,91819.0
BHARTIARTL,75,48,39.6,-7.16,56094.0
BHEL,20,45,80.0,6.07,175483.0
BHEL,30,45,73.3,8.33,213234.0
BHEL,50,45,66.7,14.78,366106.0
BHEL,75,45,55.6,16.24,370266.0
BIOCON,20,41,65.9,-3.3,75899.0
BIOCON,30,41,58.5,-3.85,74032.0
BIOCON,50,41,46.3,-6.04,62485.0
BIOCON,75,41,36.6,-9.76,45660.0
BLUESTARCO,20,26,65.4,-7.88,75466.0
BLUESTARCO,30,26,65.4,-1.35,104324.0
BLUESTARCO,50,26,53.8,-0.61,107253.0
BLUESTARCO,75,26,26.9,-22.97,35933.0
BOSCHLTD,20,25,68.0,-2.12,91083.0
BOSCHLTD,30,25,56.0,-5.94,75615.0
BOSCHLTD,50,25,48.0,-4.66,81929.0
BOSCHLTD,75,25,40.0,-3.93,81824.0
BPCL,20,48,68.8,-2.69,85575.0
BPCL,30,48,60.4,-2.45,87090.0
BPCL,50,48,47.9,-5.51,65801.0
BPCL,75,48,39.6,-6.0,61311.0
BRITANNIA,20,38,55.3,-13.81,38994.0
BRITANNIA,30,38,55.3,-9.2,54411.0
BRITANNIA,50,38,44.7,-11.3,46006.0
BRITANNIA,75,38,39.5,-10.94,45468.0
BSE,20,40,72.5,0.22,100630.0
BSE,30,40,70.0,4.82,141546.0
BSE,50,40,55.0,1.35,111238.0
BSE,75,40,45.0,0.64,101516.0
CAMS,20,13,61.5,-12.24,80813.0
CAMS,30,13,53.8,-12.29,79909.0
CAMS,50,13,30.8,-25.02,56722.0
CAMS,75,13,23.1,-27.47,53030.0
CANBK,20,39,69.2,-1.66,89264.0
CANBK,30,39,66.7,2.99,125033.0
CANBK,50,39,53.8,1.24,115729.0
CANBK,75,39,41.0,-2.74,82655.0
CDSL,20,42,73.8,0.12,108160.0
CDSL,30,42,69.0,3.06,140730.0
CDSL,50,42,54.8,0.56,115462.0
CDSL,75,42,50.0,6.37,172730.0
CGPOWER,20,35,65.7,-3.3,75833.0
CGPOWER,30,35,57.1,-3.95,71935.0
CGPOWER,50,35,45.7,-4.62,65229.0
CGPOWER,75,35,40.0,-1.93,74674.0
CHOLAFIN,20,37,67.6,-3.23,87094.0
CHOLAFIN,30,37,56.8,-5.5,72870.0
CHOLAFIN,50,37,48.6,-2.45,86881.0
CHOLAFIN,75,37,45.9,6.25,151342.0
CIPLA,20,39,66.7,-3.44,75303.0
CIPLA,30,39,53.8,-7.61,53811.0
CIPLA,50,39,48.7,-4.31,66223.0
CIPLA,75,39,35.9,-13.78,30783.0
COALINDIA,20,53,69.8,-2.05,87876.0
COALINDIA,30,53,69.8,4.68,173282.0
COALINDIA,50,53,54.7,2.17,127041.0
COALINDIA,75,53,39.6,-5.05,56303.0
COFORGE,20,27,63.0,-7.0,75466.0
COFORGE,30,27,55.6,-6.76,75207.0
COFORGE,50,27,51.9,0.15,105321.0
COFORGE,75,27,40.7,-1.98,89974.0
COLPAL,20,37,75.7,1.27,116176.0
COLPAL,30,37,73.0,6.61,168145.0
COLPAL,50,37,62.2,9.39,204846.0
COLPAL,75,37,43.2,-1.67,88170.0
CONCOR,20,29,72.4,-0.5,98093.0
CONCOR,30,29,65.5,0.81,105496.0
CONCOR,50,29,58.6,5.27,130430.0
CONCOR,75,29,55.2,12.8,188535.0
CROMPTON,20,47,70.2,-1.19,84957.0
CROMPTON,30,47,68.1,3.92,132696.0
CROMPTON,50,47,59.6,7.94,179351.0
CROMPTON,75,47,44.7,1.18,90081.0
CUMMINSIND,20,31,77.4,3.01,122602.0
CUMMINSIND,30,31,58.1,-7.54,68713.0
CUMMINSIND,50,31,41.9,-14.19,47290.0
CUMMINSIND,75,31,25.8,-26.06,23667.0
DABUR,20,41,70.7,-1.79,88080.0
DABUR,30,41,65.9,1.12,110320.0
DABUR,50,41,51.2,-0.47,95733.0
DABUR,75,41,48.8,7.03,162376.0
DALBHARAT,20,25,68.0,-1.5,91343.0
DALBHARAT,30,25,68.0,5.3,126272.0
DALBHARAT,50,25,56.0,6.15,129818.0
DALBHARAT,75,25,52.0,15.11,189300.0
DELHIVERY,20,32,78.1,3.31,122247.0
DELHIVERY,30,32,65.6,-0.35,96437.0
DELHIVERY,50,32,56.2,1.13,102886.0
DELHIVERY,75,32,50.0,2.32,107801.0
DIVISLAB,20,38,73.7,-0.1,99167.0
DIVISLAB,30,38,63.2,-0.48,93765.0
DIVISLAB,50,38,50.0,-2.04,82394.0
DIVISLAB,75,38,34.2,-11.3,41656.0
DIXON,20,30,63.3,-9.01,61981.0
DIXON,30,30,50.0,-16.51,44529.0
DIXON,50,30,46.7,-12.6,57064.0
DIXON,75,30,40.0,-13.56,56992.0
DLF,20,40,65.0,-5.04,66980.0
DLF,30,40,62.5,-1.02,91558.0
DLF,50,40,55.0,2.44,114408.0
DLF,75,40,45.0,-0.92,85839.0
DMART,20,33,66.7,-3.93,79390.0
DMART,30,33,54.5,-7.55,61551.0
DMART,50,33,45.5,-7.49,60854.0
DMART,75,33,39.4,-6.95,65000.0
DRREDDY,20,39,76.9,3.68,132846.0
DRREDDY,30,39,66.7,2.54,118016.0
DRREDDY,50,39,59.0,7.57,164312.0
DRREDDY,75,39,56.4,16.86,313697.0
EICHERMOT,20,38,57.9,-7.67,55451.0
EICHERMOT,30,38,52.6,-6.58,59635.0
EICHERMOT,50,38,36.8,-13.42,36162.0
EICHERMOT,75,38,31.6,-12.0,39474.0
ETERNAL,20,50,82.0,8.41,230917.0
ETERNAL,30,50,74.0,9.51,250508.0
ETERNAL,50,50,64.0,13.23,335822.0
ETERNAL,75,50,48.0,7.73,182861.0
EXIDEIND,20,43,69.8,-1.61,89551.0
EXIDEIND,30,43,62.8,-0.77,97064.0
EXIDEIND,50,43,44.2,-9.64,43838.0
EXIDEIND,75,43,34.9,-12.18,33490.0
FEDERALBNK,20,46,78.3,5.41,157481.0
FEDERALBNK,30,46,73.9,9.64,225378.0
FEDERALBNK,50,46,60.9,10.78,235044.0
FEDERALBNK,75,46,56.5,16.47,358759.0
FINNIFTY,20,27,66.7,-4.97,78484.0
FINNIFTY,30,27,55.6,-10.14,65269.0
FINNIFTY,50,27,48.1,-8.09,73387.0
FINNIFTY,75,27,37.0,-12.69,55717.0
FORTIS,20,21,71.4,0.43,103987.0
FORTIS,30,21,66.7,2.88,115352.0
FORTIS,50,21,66.7,13.48,174005.0
FORTIS,75,21,66.7,25.77,275016.0
GAIL,20,42,71.4,0.89,105585.0
GAIL,30,42,61.9,-0.31,97168.0
GAIL,50,42,50.0,-0.18,93332.0
GAIL,75,42,40.5,-3.84,66388.0
GLENMARK,20,28,75.0,1.59,108993.0
GLENMARK,30,28,67.9,2.55,114926.0
GLENMARK,50,28,57.1,5.35,129832.0
GLENMARK,75,28,42.9,-1.63,94872.0
GMRAIRPORT,20,39,79.5,6.78,174022.0
GMRAIRPORT,30,39,71.8,8.14,188621.0
GMRAIRPORT,50,39,61.5,10.69,216776.0
GMRAIRPORT,75,39,46.2,4.88,132432.0
GODREJCP,20,40,72.5,-0.95,104510.0
GODREJCP,30,40,62.5,-3.0,90837.0
GODREJCP,50,40,45.0,-8.97,57205.0
GODREJCP,75,40,37.5,-13.55,39177.0
GODREJPROP,20,36,69.4,-0.27,94125.0
GODREJPROP,30,36,66.7,4.36,128663.0
GODREJPROP,50,36,58.3,8.98,169972.0
GODREJPROP,75,36,55.6,17.09,279931.0
GRASIM,20,28,82.1,6.21,140800.0
GRASIM,30,28,67.9,2.04,111261.0
GRASIM,50,28,60.7,5.93,132031.0
GRASIM,75,28,42.9,-4.08,75505.0
HAL,20,46,58.7,-8.91,46548.0
HAL,30,46,50.0,-10.41,40458.0
HAL,50,46,45.7,-4.44,65847.0
HAL,75,46,37.0,-4.89,58612.0
HAVELLS,20,40,67.5,-3.13,75614.0
HAVELLS,30,40,55.0,-7.98,54748.0
HAVELLS,50,40,50.0,-3.12,79780.0
HAVELLS,75,40,40.0,-4.73,69641.0
HCLTECH,20,34,61.8,-7.26,62518.0
HCLTECH,30,34,55.9,-4.66,73597.0
HCLTECH,50,34,52.9,2.76,117569.0
HCLTECH,75,34,44.1,3.34,116207.0
HDFCAMC,20,9,66.7,-4.88,92242.0
HDFCAMC,30,9,55.6,-7.14,87801.0
HDFCAMC,50,9,33.3,-19.51,70735.0
HDFCAMC,75,9,22.2,-25.32,63255.0
HDFCBANK,20,37,59.5,-7.64,56451.0
HDFCBANK,30,37,56.8,-4.65,68932.0
HDFCBANK,50,37,43.2,-7.23,54810.0
HDFCBANK,75,37,37.8,-5.6,58631.0
HDFCLIFE,20,42,71.4,0.61,103945.0
HDFCLIFE,30,42,64.3,1.61,112665.0
HDFCLIFE,50,42,40.5,-10.0,41175.0
HDFCLIFE,75,42,33.3,-9.17,42020.0
HEROMOTOCO,20,41,78.0,4.08,142688.0
HEROMOTOCO,30,41,75.6,9.41,215280.0
HEROMOTOCO,50,41,68.3,17.03,371087.0
HEROMOTOCO,75,41,56.1,16.21,323477.0
HINDALCO,20,39,79.5,3.64,145202.0
HINDALCO,30,39,76.9,7.78,196514.0
HINDALCO,50,39,64.1,5.61,181892.0
HINDALCO,75,39,61.5,15.11,346307.0
HINDPETRO,20,38,71.1,-1.6,90483.0
HINDPETRO,30,38,55.3,-6.96,60437.0
HINDPETRO,50,38,42.1,-10.26,46482.0
HINDPETRO,75,38,36.8,-7.77,53151.0
HINDUNILVR,20,40,67.5,-3.89,69883.0
HINDUNILVR,30,40,62.5,-1.66,81107.0
HINDUNILVR,50,40,52.5,-0.37,85203.0
HINDUNILVR,75,40,45.0,1.79,95035.0
HINDZINC,20,36,63.9,-8.28,62650.0
HINDZINC,30,36,55.6,-8.92,59429.0
HINDZINC,50,36,44.4,-9.3,55209.0
HINDZINC,75,36,36.1,-9.47,51549.0
HUDCO,20,39,66.7,-1.98,87003.0
HUDCO,30,39,53.8,-6.75,62995.0
HUDCO,50,39,48.7,-1.48,91797.0
HUDCO,75,39,41.0,0.33,98993.0
ICICIBANK,20,49,65.3,-5.57,61477.0
ICICIBANK,30,49,61.2,-2.6,79990.0
ICICIBANK,50,49,49.0,-5.82,57866.0
ICICIBANK,75,49,40.8,-6.88,50513.0
ICICIGI,20,39,61.5,-8.52,55093.0
ICICIGI,30,39,59.0,-4.59,73888.0
ICICIGI,50,39,51.3,-1.18,94868.0
ICICIGI,75,39,33.3,-13.71,36781.0
ICICIPRULI,20,32,68.8,-3.17,82634.0
ICICIPRULI,30,32,56.2,-5.34,70619.0
ICICIPRULI,50,32,50.0,-0.51,92084.0
ICICIPRULI,75,32,31.2,-12.33,43086.0
IDEA,20,61,75.4,3.31,150705.0
IDEA,30,61,63.9,1.1,114980.0
IDEA,50,61,59.0,8.13,251547.0
IDEA,75,61,50.8,12.16,358891.0
IDFCFIRSTB,20,39,64.1,-3.08,80358.0
IDFCFIRSTB,30,39,51.3,-7.74,56008.0
IDFCFIRSTB,50,39,43.6,-7.46,56668.0
IDFCFIRSTB,75,39,33.3,-10.75,41409.0
IEX,20,38,68.4,-4.07,83874.0
IEX,30,38,63.2,-1.23,102304.0
IEX,50,38,57.9,4.34,148043.0
IEX,75,38,47.4,2.06,116978.0
INDHOTEL,20,39,61.5,-7.33,58640.0
INDHOTEL,30,39,51.3,-10.18,48137.0
INDHOTEL,50,39,35.9,-18.24,25761.0
INDHOTEL,75,39,30.8,-17.96,25728.0
INDIANB,20,31,64.5,-6.9,68697.0
INDIANB,30,31,54.8,-10.01,56483.0
INDIANB,50,31,45.2,-11.35,51962.0
INDIANB,75,31,41.9,-6.53,66311.0
INDIGO,20,40,70.0,-1.54,100416.0
INDIGO,30,40,57.5,-5.49,74105.0
INDIGO,50,40,52.5,-0.07,112061.0
INDIGO,75,40,45.0,-1.34,101329.0
INDUSINDBK,20,44,70.5,-1.98,86075.0
INDUSINDBK,30,44,61.4,-2.76,78682.0
INDUSINDBK,50,44,43.2,-10.26,39921.0
INDUSINDBK,75,44,31.8,-15.69,24130.0
INDUSTOWER,20,36,72.2,0.97,104833.0
INDUSTOWER,30,36,61.1,-1.1,89399.0
INDUSTOWER,50,36,52.8,2.33,110609.0
INDUSTOWER,75,36,44.4,4.69,120824.0
INFY,20,48,58.3,-9.3,43596.0
INFY,30,48,56.2,-5.56,61907.0
INFY,50,48,47.9,-3.47,72677.0
INFY,75,48,39.6,-3.18,68748.0
INOXWIND,20,30,83.3,8.76,168262.0
INOXWIND,30,30,76.7,11.64,195286.0
INOXWIND,50,30,70.0,19.02,306456.0
INOXWIND,75,30,63.3,22.63,375183.0
IOC,20,36,77.8,2.15,122233.0
IOC,30,36,72.2,5.74,154780.0
IOC,50,36,58.3,3.86,133033.0
IOC,75,36,52.8,8.91,181360.0
IREDA,20,44,72.7,0.46,108133.0
IREDA,30,44,65.9,2.1,121755.0
IREDA,50,44,59.1,8.27,197058.0
IREDA,75,44,47.7,6.31,156622.0
IRFC,20,41,78.0,5.39,148644.0
IRFC,30,41,68.3,5.19,142107.0
IRFC,50,41,61.0,9.55,196649.0
IRFC,75,41,56.1,15.48,292032.0
ITC,20,46,65.2,-5.69,60101.0
ITC,30,46,60.9,-2.76,76724.0
ITC,50,46,52.2,-0.21,96227.0
ITC,75,46,39.1,-4.78,60276.0
JINDALSTEL,20,34,70.6,-0.89,98385.0
JINDALSTEL,30,34,67.6,3.82,131949.0
JINDALSTEL,50,34,50.0,-1.34,94861.0
JINDALSTEL,75,34,44.1,3.66,123699.0
JIOFIN,20,41,65.9,-4.37,72501.0
JIOFIN,30,41,56.1,-5.85,63016.0
JIOFIN,50,41,48.8,-2.1,80909.0
JIOFIN,75,41,41.5,-1.77,79351.0
JSWENERGY,20,46,63.0,-7.54,52010.0
JSWENERGY,30,46,60.9,-3.05,76724.0
JSWENERGY,50,46,37.0,-16.96,23807.0
JSWENERGY,75,46,32.6,-12.26,34326.0
JSWSTEEL,20,48,56.2,-13.2,32815.0
JSWSTEEL,30,48,47.9,-15.26,27360.0
JSWSTEEL,50,48,41.7,-12.13,35315.0
JSWSTEEL,75,48,29.2,-18.98,18060.0
JUBLFOOD,20,35,60.0,-8.48,59303.0
JUBLFOOD,30,35,54.3,-7.59,61905.0
JUBLFOOD,50,35,42.9,-9.55,52072.0
JUBLFOOD,75,35,34.3,-12.53,41063.0
KALYANKJIL,20,35,77.1,5.11,138224.0
KALYANKJIL,30,35,71.4,8.46,170871.0
KALYANKJIL,50,35,54.3,4.0,125846.0
KALYANKJIL,75,35,45.7,3.21,122844.0
KAYNES,20,24,87.5,11.3,169627.0
KAYNES,30,24,87.5,19.28,244308.0
KAYNES,50,24,79.2,25.34,317050.0
KAYNES,75,24,66.7,24.62,296454.0
KEI,20,33,63.6,-6.66,69401.0
KEI,30,33,60.6,-3.07,86248.0
KEI,50,33,39.4,-14.17,42791.0
KEI,75,33,36.4,-11.13,49915.0
KFINTECH,20,30,80.0,5.31,136224.0
KFINTECH,30,30,63.3,-0.9,100100.0
KFINTECH,50,30,53.3,1.61,113116.0
KFINTECH,75,30,46.7,-0.7,95772.0
KOTAKBANK,20,9,55.6,-18.33,79825.0
KOTAKBANK,30,9,22.2,-40.87,53741.0
KOTAKBANK,50,9,22.2,-36.43,57874.0
KOTAKBANK,75,9,11.1,-44.8,49504.0
KPITTECH,20,37,48.6,-20.24,26387.0
KPITTECH,30,37,48.6,-15.65,36477.0
KPITTECH,50,37,40.5,-15.33,36167.0
KPITTECH,75,37,35.1,-13.75,38975.0
LAURUSLABS,20,38,78.9,5.52,146683.0
LAURUSLABS,30,38,65.8,1.97,112452.0
LAURUSLABS,50,38,55.3,3.83,122588.0
LAURUSLABS,75,38,50.0,8.99,169105.0
LICHSGFIN,20,33,66.7,-5.87,72363.0
LICHSGFIN,30,33,54.5,-9.56,56103.0
LICHSGFIN,50,33,39.4,-15.45,38611.0
LICHSGFIN,75,33,39.4,-8.35,58505.0
LICI,20,34,64.7,-4.63,73813.0
LICI,30,34,55.9,-5.7,68697.0
LICI,50,34,50.0,-1.41,87452.0
LICI,75,34,41.2,-2.76,78898.0
LODHA,20,32,68.8,-4.17,82634.0
LODHA,30,32,56.2,-8.09,65298.0
LODHA,50,32,43.8,-9.87,56998.0
LODHA,75,32,34.4,-12.88,46662.0
LT,20,36,72.2,0.19,107411.0
LT,30,36,63.9,-0.16,107881.0
LT,50,36,50.0,-1.62,92724.0
LT,75,36,33.3,-10.34,47419.0
LTF,20,46,63.0,-7.01,56088.0
LTF,30,46,50.0,-11.8,35820.0
LTF,50,46,34.8,-19.17,18290.0
LTF,75,46,26.1,-22.69,12784.0
LTM,20,31,54.8,-13.44,45376.0
LTM,30,31,41.9,-19.35,32599.0
LTM,50,31,41.9,-10.97,52764.0
LTM,75,31,32.3,-13.26,47514.0
LUPIN,20,37,64.9,-3.77,74713.0
LUPIN,30,37,56.8,-4.64,70872.0
LUPIN,50,37,37.8,-13.34,36489.0
LUPIN,75,37,24.3,-21.69,19092.0
M&M,20,40,67.5,-3.26,74521.0
M&M,30,40,57.5,-4.94,63973.0
M&M,50,40,50.0,-0.71,85859.0
M&M,75,40,42.5,1.15,95768.0
MANAPPURAM,20,38,65.8,-8.47,65775.0
MANAPPURAM,30,38,52.6,-13.22,45844.0
MANAPPURAM,50,38,39.5,-16.93,34154.0
MANAPPURAM,75,38,28.9,-21.74,23914.0
MANKIND,20,22,68.2,-3.1,92419.0
MANKIND,30,22,63.6,-1.88,96757.0
MANKIND,50,22,50.0,-6.44,79836.0
MANKIND,75,22,40.9,-11.39,63896.0
MARICO,20,25,64.0,-7.26,70774.0
MARICO,30,25,60.0,-4.78,79965.0
MARICO,50,25,52.0,-2.09,89911.0
MARICO,75,25,44.0,-0.25,93878.0
MARUTI,20,44,81.8,8.23,210462.0
MARUTI,30,44,70.5,7.12,194567.0
MARUTI,50,44,59.1,8.57,216732.0
MARUTI,75,44,43.2,0.12,101004.0
MAXHEALTH,20,40,62.5,-10.17,53035.0
MAXHEALTH,30,40,57.5,-8.42,60391.0
MAXHEALTH,50,40,50.0,-6.46,67206.0
MAXHEALTH,75,40,45.0,-3.07,82486.0
MAZDOCK,20,34,67.6,-6.15,75591.0
MAZDOCK,30,34,58.8,-6.94,70352.0
MAZDOCK,50,34,50.0,-4.86,77889.0
MAZDOCK,75,34,41.2,-4.44,76031.0
MCX,20,11,36.4,-33.3,55954.0
MCX,30,11,36.4,-30.79,58968.0
MCX,50,11,36.4,-25.34,65899.0
MCX,75,11,36.4,-18.52,75299.0
MFSL,20,28,64.3,-6.78,78402.0
MFSL,30,28,57.1,-6.12,79635.0
MFSL,50,28,50.0,-3.61,90187.0
MFSL,75,28,42.9,-2.18,93644.0
MIDCPNIFTY,20,30,56.7,-9.92,57732.0
MIDCPNIFTY,30,30,40.0,-19.16,35215.0
MIDCPNIFTY,50,30,36.7,-14.54,44939.0
MIDCPNIFTY,75,30,36.7,-5.38,73279.0
MOTHERSON,20,38,63.2,-3.81,76787.0
MOTHERSON,30,38,47.4,-10.14,47055.0
MOTHERSON,50,38,34.2,-14.75,31757.0
MOTHERSON,75,38,21.1,-23.96,15932.0
MPHASIS,20,43,72.1,-1.98,92465.0
MPHASIS,30,43,67.4,1.02,118040.0
MPHASIS,50,43,51.2,-3.72,78798.0
MPHASIS,75,43,41.9,-3.63,76034.0
MUTHOOTFIN,20,35,71.4,-0.14,103119.0
MUTHOOTFIN,30,35,68.6,4.7,140957.0
MUTHOOTFIN,50,35,60.0,9.38,187811.0
MUTHOOTFIN,75,35,37.1,-6.28,64828.0
NATIONALUM,20,37,62.2,-9.09,54291.0
NATIONALUM,30,37,56.8,-7.25,61716.0
NATIONALUM,50,37,48.6,-5.38,67370.0
NATIONALUM,75,37,43.2,-3.35,76042.0
NAUKRI,20,45,73.3,-0.05,103041.0
NAUKRI,30,45,60.0,-5.38,71210.0
NAUKRI,50,45,44.4,-10.45,45788.0
NAUKRI,75,45,37.8,-8.88,51072.0
NBCC,20,31,83.9,8.19,161365.0
NBCC,30,31,80.6,13.47,219359.0
NBCC,50,31,71.0,18.03,281645.0
NBCC,75,31,67.7,27.61,470296.0
NESTLEIND,20,25,60.0,-8.7,66177.0
NESTLEIND,30,25,44.0,-15.87,45766.0
NESTLEIND,50,25,36.0,-16.17,46047.0
NESTLEIND,75,25,28.0,-19.66,37879.0
NHPC,20,36,66.7,-3.68,75792.0
NHPC,30,36,52.8,-9.01,52826.0
NHPC,50,36,38.9,-12.84,39151.0
NHPC,75,36,27.8,-16.45,29085.0
NIFTY,20,72,65.3,-3.28,60899.0
NIFTY,30,72,52.8,-7.52,34186.0
NIFTY,50,72,45.8,-4.93,47881.0
NIFTY,75,72,40.3,-1.88,68286.0
NIFTYNXT50,20,9,66.7,-5.32,101415.0
NIFTYNXT50,30,9,66.7,1.35,113694.0
NIFTYNXT50,50,9,66.7,11.3,134128.0
NIFTYNXT50,75,9,66.7,25.19,167512.0
NMDC,20,46,56.5,-10.98,35630.0
NMDC,30,46,56.5,-5.55,57363.0
NMDC,50,46,45.7,-5.85,53095.0
NMDC,75,46,37.0,-8.56,39087.0
NTPC,20,52,67.3,-2.86,73122.0
NTPC,30,52,59.6,-2.7,74017.0
NTPC,50,52,46.2,-5.38,55540.0
NTPC,75,52,40.4,-2.02,74005.0
NUVAMA,20,14,50.0,-16.55,62941.0
NUVAMA,30,14,28.6,-30.15,44020.0
NUVAMA,50,14,21.4,-32.27,41768.0
NUVAMA,75,14,14.3,-38.12,37351.0
NYKAA,20,37,64.9,-3.04,79722.0
NYKAA,30,37,64.9,1.96,113243.0
NYKAA,50,37,56.8,5.49,140111.0
NYKAA,75,37,48.6,7.05,147544.0
OBEROIRLTY,20,44,75.0,0.09,114490.0
OBEROIRLTY,30,44,59.1,-6.46,67788.0
OBEROIRLTY,50,44,43.2,-12.95,40093.0
OBEROIRLTY,75,44,31.8,-19.12,23971.0
OFSS,20,39,69.2,-4.11,80123.0
OFSS,30,39,59.0,-6.44,68327.0
OFSS,50,39,43.6,-10.97,45421.0
OFSS,75,39,35.9,-12.44,40543.0
OIL,20,43,51.2,-15.53,25931.0
OIL,30,43,41.9,-18.37,20164.0
OIL,50,43,34.9,-17.77,20567.0
OIL,75,43,32.6,-15.49,24381.0
ONGC,20,44,70.5,-1.56,90774.0
ONGC,30,44,63.6,-1.14,96596.0
ONGC,50,44,52.3,-1.92,86953.0
ONGC,75,44,43.2,-2.53,79354.0
PAGEIND,20,37,83.8,7.8,183147.0
PAGEIND,30,37,73.0,6.12,160084.0
PAGEIND,50,37,70.3,16.13,313386.0
PAGEIND,75,37,59.5,16.88,305795.0
PATANJALI,20,15,73.3,-0.27,101004.0
PATANJALI,30,15,66.7,-0.05,105537.0
PATANJALI,50,15,53.3,0.75,107879.0
PATANJALI,75,15,40.0,-5.18,90191.0
PAYTM,20,48,81.2,5.94,174118.0
PAYTM,30,48,75.0,8.5,215082.0
PAYTM,50,48,66.7,13.24,313565.0
PAYTM,75,48,58.3,16.12,382706.0
PERSISTENT,20,44,63.6,-7.79,54063.0
PERSISTENT,30,44,61.4,-2.66,82896.0
PERSISTENT,50,44,52.3,0.3,107210.0
PERSISTENT,75,44,45.5,3.14,136641.0
PETRONET,20,28,64.3,-3.8,78176.0
PETRONET,30,28,50.0,-10.27,54863.0
PETRONET,50,28,42.9,-8.24,59444.0
PETRONET,75,28,35.7,-7.51,59368.0
PFC,20,43,72.1,-0.1,94805.0
PFC,30,43,72.1,6.26,159557.0
PFC,50,43,62.8,9.47,196565.0
PFC,75,43,48.8,3.37,116418.0
PGEL,20,23,78.3,4.55,122651.0
PGEL,30,23,73.9,8.39,143960.0
PGEL,50,23,69.6,16.87,203525.0
PGEL,75,23,69.6,27.74,316027.0
PHOENIXLTD,20,27,63.0,-5.59,74064.0
PHOENIXLTD,30,27,55.6,-5.83,72417.0
PHOENIXLTD,50,27,37.0,-15.12,44597.0
PHOENIXLTD,75,27,33.3,-11.57,52071.0
PIDILITIND,20,28,50.0,-15.65,46197.0
PIDILITIND,30,28,42.9,-16.44,43482.0
PIDILITIND,50,28,32.1,-18.19,38581.0
PIDILITIND,75,28,17.9,-28.16,21592.0
PIIND,20,32,56.2,-9.94,51700.0
PIIND,30,32,50.0,-10.38,49873.0
PIIND,50,32,37.5,-13.33,40200.0
PIIND,75,32,28.1,-16.79,32349.0
PNB,20,48,68.8,-0.87,92261.0
PNB,30,48,60.4,-1.28,89052.0
PNB,50,48,47.9,-3.18,72340.0
PNB,75,48,43.8,2.34,112688.0
PNBHOUSING,20,38,73.7,1.06,106594.0
PNBHOUSING,30,38,60.5,-3.36,75927.0
PNBHOUSING,50,38,55.3,1.46,104772.0
PNBHOUSING,75,38,47.4,2.48,106922.0
POLICYBZR,20,36,52.8,-15.58,38112.0
POLICYBZR,30,36,44.4,-18.43,33500.0
POLICYBZR,50,36,30.6,-24.12,22217.0
POLICYBZR,75,36,19.4,-31.38,13590.0
POLYCAB,20,39,61.5,-7.23,60798.0
POLYCAB,30,39,59.0,-3.19,81539.0
POLYCAB,50,39,48.7,-3.19,85657.0
POLYCAB,75,39,41.0,-0.49,101830.0
POWERGRID,20,36,58.3,-9.16,52343.0
POWERGRID,30,36,41.7,-17.28,28703.0
POWERGRID,50,36,30.6,-21.12,21604.0
POWERGRID,75,36,19.4,-28.28,12641.0
POWERINDIA,20,12,50.0,-17.17,72761.0
POWERINDIA,30,12,50.0,-12.17,81570.0
POWERINDIA,50,12,8.3,-44.61,39625.0
POWERINDIA,75,12,8.3,-42.52,41426.0
PPLPHARMA,20,32,65.6,-5.96,71510.0
PPLPHARMA,30,32,56.2,-7.34,65298.0
PPLPHARMA,50,32,50.0,-2.55,85146.0
PPLPHARMA,75,32,43.8,-0.0,96044.0
PREMIERENE,20,6,83.3,16.49,121411.0
PREMIERENE,30,6,66.7,9.96,113385.0
PREMIERENE,50,6,66.7,23.3,131493.0
PREMIERENE,75,6,50.0,26.3,134690.0
PRESTIGE,20,39,66.7,-4.89,70472.0
PRESTIGE,30,39,59.0,-4.55,70781.0
PRESTIGE,50,39,56.4,3.47,125304.0
PRESTIGE,75,39,48.7,5.95,152161.0
RBLBANK,20,36,72.2,-2.58,93601.0
RBLBANK,30,36,66.7,-0.13,108635.0
RBLBANK,50,36,55.6,0.35,115062.0
RBLBANK,75,36,52.8,5.11,152562.0
RECLTD,20,50,66.0,-4.61,66532.0
RECLTD,30,50,60.0,-2.88,76354.0
RECLTD,50,50,56.0,4.78,155287.0
RECLTD,75,50,48.0,8.02,197015.0
RELIANCE,20,43,72.1,-1.69,91630.0
RELIANCE,30,43,62.8,-2.98,83846.0
RELIANCE,50,43,55.8,1.19,115932.0
RELIANCE,75,43,44.2,-1.66,86584.0
RVNL,20,34,73.5,-0.63,103280.0
RVNL,30,34,67.6,1.89,119868.0
RVNL,50,34,52.9,-0.76,100410.0
RVNL,75,34,50.0,7.48,162690.0
SAIL,20,43,53.5,-15.3,29965.0
SAIL,30,43,46.5,-15.78,28425.0
SAIL,50,43,34.9,-20.56,21033.0
SAIL,75,43,23.3,-28.0,11506.0
SAMMAANCAP,20,16,75.0,0.27,103150.0
SAMMAANCAP,30,16,75.0,5.79,122025.0
SAMMAANCAP,50,16,68.8,7.33,127815.0
SAMMAANCAP,75,16,68.8,14.72,157228.0
SBICARD,20,33,72.7,-0.4,99308.0
SBICARD,30,33,69.7,4.42,133186.0
SBICARD,50,33,57.6,4.12,126425.0
SBICARD,75,33,39.4,-6.45,61843.0
SBILIFE,20,43,62.8,-7.83,56142.0
SBILIFE,30,43,53.5,-9.94,47876.0
SBILIFE,50,43,46.5,-6.84,59235.0
SBILIFE,75,43,44.2,0.55,102148.0
SBIN,20,49,73.5,-0.13,108140.0
SBIN,30,49,67.3,0.25,116084.0
SBIN,50,49,59.2,2.28,136213.0
SBIN,75,49,53.1,5.73,173606.0
SHREECEM,20,30,60.0,-8.91,67361.0
SHREECEM,30,30,50.0,-12.59,58093.0
SHREECEM,50,30,40.0,-12.94,54918.0
SHREECEM,75,30,26.7,-20.39,35372.0
SHRIRAMFIN,20,43,65.1,-6.49,62954.0
SHRIRAMFIN,30,43,62.8,-2.33,87709.0
SHRIRAMFIN,50,43,53.5,-1.26,99223.0
SHRIRAMFIN,75,43,48.8,4.7,154565.0
SIEMENS,20,30,73.3,0.99,109684.0
SIEMENS,30,30,66.7,1.49,120230.0
SIEMENS,50,30,43.3,-10.35,67676.0
SIEMENS,75,30,36.7,-12.07,61463.0
SOLARINDS,20,29,58.6,-12.66,54334.0
SOLARINDS,30,29,51.7,-14.74,51978.0
SOLARINDS,50,29,37.9,-20.32,37700.0
SOLARINDS,75,29,27.6,-26.19,26960.0
SONACOMS,20,34,58.8,-9.65,54696.0
SONACOMS,30,34,52.9,-8.82,56625.0
SONACOMS,50,34,44.1,-8.05,58214.0
SONACOMS,75,34,32.4,-13.4,40689.0
SRF,20,36,61.1,-8.76,54216.0
SRF,30,36,47.2,-14.4,36375.0
SRF,50,36,38.9,-14.22,37292.0
SRF,75,36,27.8,-20.0,24932.0
SUNPHARMA,20,33,75.8,3.2,123822.0
SUNPHARMA,30,33,75.8,10.37,194260.0
SUNPHARMA,50,33,66.7,16.29,280593.0
SUNPHARMA,75,33,63.6,25.67,475417.0
SUPREMEIND,20,29,69.0,-1.21,89808.0
SUPREMEIND,30,29,65.5,2.56,109504.0
SUPREMEIND,50,29,62.1,10.77,167724.0
SUPREMEIND,75,29,58.6,17.99,238466.0
SUZLON,20,19,73.7,0.65,102254.0
SUZLON,30,19,47.4,-13.73,58908.0
SUZLON,50,19,42.1,-9.63,67268.0
SUZLON,75,19,31.6,-12.31,58795.0
SWIGGY,20,5,80.0,5.64,105287.0
SWIGGY,30,5,80.0,13.64,113623.0
SWIGGY,50,5,80.0,29.64,131769.0
SWIGGY,75,5,80.0,49.64,157411.0
SYNGENE,20,34,73.5,1.18,114537.0
SYNGENE,30,34,67.6,3.71,132933.0
SYNGENE,50,34,50.0,-2.18,93482.0
SYNGENE,75,34,32.4,-13.57,45728.0
TATACONSUM,20,39,64.1,-1.44,86582.0
TATACONSUM,30,39,51.3,-4.66,66414.0
TATACONSUM,50,39,48.7,0.78,96813.0
TATACONSUM,75,39,41.0,-0.89,81458.0
TATAELXSI,20,33,72.7,-0.07,106190.0
TATAELXSI,30,33,66.7,2.02,120920.0
TATAELXSI,50,33,63.6,12.22,223490.0
TATAELXSI,75,33,54.5,14.65,244725.0
TATAPOWER,20,43,67.4,-3.11,78783.0
TATAPOWER,30,43,60.5,-1.81,85631.0
TATAPOWER,50,43,48.8,0.09,96108.0
TATAPOWER,75,43,34.9,-8.14,49845.0
TATASTEEL,20,47,74.5,2.32,127456.0
TATASTEEL,30,47,61.7,-0.85,98811.0
TATASTEEL,50,47,51.1,-0.82,94475.0
TATASTEEL,75,47,44.7,1.16,110426.0
TATATECH,20,39,74.4,1.51,116653.0
TATATECH,30,39,66.7,2.3,121713.0
TATATECH,50,39,61.5,9.27,196508.0
TATATECH,75,39,59.0,19.26,403748.0
TCS,20,38,73.7,0.92,109697.0
TCS,30,38,65.8,2.01,116080.0
TCS,50,38,50.0,-1.98,84711.0
TCS,75,38,47.4,5.92,141194.0
TECHM,20,36,47.2,-17.97,28526.0
TECHM,30,36,41.7,-17.76,28428.0
TECHM,50,36,33.3,-18.04,27139.0
TECHM,75,36,25.0,-20.4,22177.0
TIINDIA,20,25,56.0,-13.63,53452.0
TIINDIA,30,25,40.0,-21.43,35584.0
TIINDIA,50,25,36.0,-18.98,39343.0
TIINDIA,75,25,32.0,-16.99,42029.0
TITAN,20,33,72.7,-1.81,95684.0
TITAN,30,33,69.7,1.81,125906.0
TITAN,50,33,57.6,3.49,138721.0
TITAN,75,33,57.6,12.35,231646.0
TMPV,20,46,63.0,-3.85,68574.0
TMPV,30,46,58.7,-1.04,85888.0
TMPV,50,46,45.7,-2.52,71375.0
TMPV,75,46,41.3,1.79,97147.0
TORNTPHARM,20,33,63.6,-5.7,68249.0
TORNTPHARM,30,33,54.5,-8.05,61145.0
TORNTPHARM,50,33,39.4,-11.88,46756.0
TORNTPHARM,75,33,30.3,-14.79,38206.0
TORNTPOWER,20,22,50.0,-18.74,48310.0
TORNTPOWER,30,22,36.4,-24.99,36462.0
TORNTPOWER,50,22,31.8,-22.31,40122.0
TORNTPOWER,75,22,22.7,-25.89,33544.0
TRENT,20,35,82.9,6.69,156002.0
TRENT,30,35,74.3,7.19,159697.0
TRENT,50,35,71.4,16.76,317856.0
TRENT,75,35,68.6,27.34,604092.0
TVSMOTOR,20,32,62.5,-7.82,64617.0
TVSMOTOR,30,32,59.4,-4.26,80303.0
TVSMOTOR,50,32,53.1,0.45,103471.0
TVSMOTOR,75,32,40.6,-3.49,79046.0
ULTRACEMCO,20,36,66.7,-5.61,72395.0
ULTRACEMCO,30,36,58.3,-6.23,68723.0
ULTRACEMCO,50,36,50.0,-3.49,78957.0
ULTRACEMCO,75,36,27.8,-21.45,22547.0
UNIONBANK,20,40,72.5,2.86,123819.0
UNIONBANK,30,40,62.5,2.35,118444.0
UNIONBANK,50,40,55.0,7.51,170376.0
UNIONBANK,75,40,47.5,10.11,199398.0
UNITDSPR,20,28,42.9,-19.73,32964.0
UNITDSPR,30,28,39.3,-18.31,35176.0
UNITDSPR,50,28,32.1,-17.71,35392.0
UNITDSPR,75,28,28.6,-14.31,41323.0
UNOMINDA,20,21,47.6,-20.78,46452.0
UNOMINDA,30,21,42.9,-19.87,47716.0
UNOMINDA,50,21,33.3,-22.52,44580.0
UNOMINDA,75,21,19.0,-32.29,29168.0
UPL,20,39,64.1,-5.96,65039.0
UPL,30,39,61.5,-1.63,88904.0
UPL,50,39,56.4,4.0,134310.0
UPL,75,39,41.0,-2.37,76589.0
VBL,20,42,76.2,3.8,139297.0
VBL,30,42,66.7,4.34,141423.0
VBL,50,42,57.1,7.11,172292.0
VBL,75,42,50.0,11.61,229571.0
VEDL,20,42,59.5,-9.89,43279.0
VEDL,30,42,47.6,-13.98,29595.0
VEDL,50,42,35.7,-18.74,19675.0
VEDL,75,42,35.7,-11.6,33541.0
VOLTAS,20,37,56.8,-12.92,42226.0
VOLTAS,30,37,51.4,-12.11,45413.0
VOLTAS,50,37,37.8,-16.22,33657.0
VOLTAS,75,37,24.3,-24.01,19657.0
WAAREEENER,20,5,60.0,-10.41,91114.0
WAAREEENER,30,5,40.0,-22.71,81910.0
WAAREEENER,50,5,40.0,-14.71,88209.0
WAAREEENER,75,5,20.0,-34.33,75452.0
WIPRO,20,40,77.5,5.81,159328.0
WIPRO,30,40,65.0,3.7,134793.0
WIPRO,50,40,47.5,0.2,103872.0
WIPRO,75,40,42.5,5.26,142641.0
YESBANK,20,41,73.2,3.14,125010.0
YESBANK,30,41,68.3,5.68,148975.0
YESBANK,50,41,51.2,0.28,95790.0
YESBANK,75,41,46.3,5.37,136523.0
ZYDUSLIFE,20,33,63.6,-9.2,64359.0
ZYDUSLIFE,30,33,60.6,-5.4,81521.0
ZYDUSLIFE,50,33,45.5,-11.34,56297.0
ZYDUSLIFE,75,33,42.4,-7.05,71843.0
