action,confidence,cvd_pressure_ratio,entry_atr,entry_atr_15m,entry_atr_1m,entry_atr_pct,entry_histogram,entry_hour_ist,entry_macd,entry_minute_ist,entry_price,entry_reason,entry_style,entry_time,exit_price,exit_reason,exit_time,gross_atr,gross_atr_15m,gross_r,holding_bars,htf_bias,ib_extension_pct,ib_range_atr,ib_range_atr_15m,initial_risk,initial_stop_price,lot_size,lots,mae_atr,mae_atr_15m,mfe_atr,mfe_atr_15m,mfe_capture,mp_day_type,mp_periods,mp_poc,mp_reason,mp_vah,mp_val,net_2bps_atr,net_2bps_atr_15m,net_2bps_pnl,net_2bps_r,net_5bps_atr,net_5bps_atr_15m,net_5bps_pnl,net_5bps_r,of_volume_coverage,pnl,price_from_poc_atr,price_from_poc_atr_15m,qty,return_pct,session_date,stop_distance_atr,stop_distance_atr_15m,strategy_key,symbol,target_distance_atr,target_distance_atr_15m,target_price,trade_horizon,underlying
SELL,0.75,,0.2429,,0.2429,0.089863,,11.3333,,680,270.3,ib_break_down,ib_break,2026-02-20T05:50:00+00:00,271.7,stop_loss,2026-02-20T06:30:00+00:00,-5.763689,,-1.035886,40,weak,0.2,10.292301,,1689.375,271.6515,1250,1,6.175381,,1.646768,,-3.500001,trend_down,10,271.4,ib_break_down,272.6,271.2,-6.209963,,-1885.5,-1.116093,-6.879374,,-2088.75,-1.236404,1.0,-1750.0,-4.528613,,1250,-0.5179,2026-02-20,5.564018,,commodity_futures,NATURALGAS,11.128036,,267.597,positional,NATURALGAS
BUY,0.75,,0.6571,1.521429,0.6571,0.24008,,18.9833,,1139,273.7,ib_break_up,ib_break,2026-02-20T13:29:00+00:00,272.1,stop_loss,2026-02-20T13:32:00+00:00,-2.434941,-1.051643,-1.169163,3,strong,0.16,3.804596,1.643192,1710.625,272.3315,1250,1,2.434941,1.051643,1.065287,0.460094,-2.285714,trend_up,40,272.0,ib_break_up,272.4,270.2,-2.601065,-1.123391,-2136.45,-1.248929,-2.850251,-1.231014,-2341.12,-1.368579,1.0,-2000.0,2.587125,1.117371,1250,-0.5846,2026-02-20,2.082636,0.899483,commodity_futures,NATURALGAS,4.165272,1.798967,276.437,positional,NATURALGAS
SELL,0.75,-0.301,0.3,0.85,0.3,0.111317,,16.1833,,971,269.5,ib_break_down,ib_break,2026-02-24T10:41:00+00:00,271.7,stop_loss,2026-02-24T16:32:00+00:00,-7.333333,-2.588235,-1.004566,351,weak,0.3636,11.0,3.882353,2737.5,271.69,1250,1,8.0,2.823529,14.0,4.941176,-0.523809,trend_down,29,272.0,ib_break_down,272.6,271.0,-7.694133,-2.715576,-2885.3,-1.053991,-8.235333,-2.906588,-3088.25,-1.128128,1.0,-2750.0,-8.333333,-2.941176,1250,-0.8163,2026-02-24,7.3,2.576471,commodity_futures,NATURALGAS,14.6,5.152941,265.12,positional,NATURALGAS
SELL,0.75,-0.721,0.2429,1.428571,0.2429,0.094038,,12.4,,744,258.3,ib_break_down,ib_break,2026-02-25T06:54:00+00:00,259.9,stop_loss,2026-02-25T12:20:00+00:00,-6.587073,-1.12,-1.23887,326,weak,0.2308,5.351997,0.91,1614.375,259.5915,1250,1,6.587073,1.12,3.705228,0.63,-1.777778,trend_down,14,260.0,ib_break_down,260.2,258.8,-7.013751,-1.192548,-2129.55,-1.319117,-7.653767,-1.30137,-2323.88,-1.439489,1.0,-2000.0,-6.998765,-1.19,1250,-0.6194,2026-02-25,5.317003,0.90405,commodity_futures,NATURALGAS,10.634006,1.808101,255.717,positional,NATURALGAS
SELL,0.75,-1.188,0.2071,1.1,0.2071,0.079654,,10.9,,654,260.0,ib_break_down,ib_break,2026-02-26T05:24:00+00:00,255.3,trail_stop,2026-02-26T12:02:00+00:00,22.694351,4.272727,3.615385,398,neutral,0.4667,7.242878,1.363636,1625.0,261.3,1250,1,0.965717,0.181818,32.351521,6.090909,0.701493,trend_down,8,261.0,ib_break_down,261.4,260.6,22.196717,4.179036,5746.18,3.536108,21.450266,4.0385,5552.94,3.417192,1.0,5875.0,-4.828585,-0.909091,1250,1.8077,2026-02-26,6.277161,1.181818,commodity_futures,NATURALGAS,8.691453,1.636364,258.2,positional,NATURALGAS
BUY,0.75,0.432,0.1429,0.771429,0.1429,0.055195,,11.5,,690,258.9,ib_break_up,ib_break,2026-02-27T06:00:00+00:00,262.9,trail_stop,2026-02-27T13:35:00+00:00,27.991603,5.185182,3.089996,455,neutral,0.4444,6.298111,1.166667,1618.125,257.6055,1250,1,9.097271,1.685184,38.488453,7.129626,0.727273,trend_up,11,258.0,ib_break_up,258.4,257.8,27.261302,5.049901,4869.55,3.009378,26.16585,4.846979,4673.88,2.888451,1.0,5000.0,6.298111,1.166667,1250,1.545,2026-02-27,9.058782,1.678055,commodity_futures,NATURALGAS,18.117565,3.356109,261.489,positional,NATURALGAS
SELL,0.75,-0.34,0.1929,1.714286,0.1929,0.072655,,10.4667,,628,265.5,ib_break_down,ib_break,2026-03-02T04:58:00+00:00,267.0,stop_loss,2026-03-02T05:49:00+00:00,-7.77605,-0.875,-1.129944,51,weak,0.1818,11.404873,1.283333,1659.375,266.8275,1250,1,7.77605,0.875,3.11042,0.35,-2.5,trend_up,6,266.8,ib_break_down,267.6,266.2,-8.328149,-0.937125,-2008.12,-1.210169,-9.156299,-1.030312,-2207.81,-1.330508,1.0,-1875.0,-6.739243,-0.758333,1250,-0.565,2026-03-02,6.881804,0.774375,commodity_futures,NATURALGAS,13.763608,1.54875,262.845,positional,NATURALGAS
BUY,0.75,1.57,0.3357,1.464286,0.3357,0.124935,,11.7,,702,268.7,ib_break_up,ib_break,2026-03-02T06:12:00+00:00,277.1,trail_stop,2026-03-02T09:10:00+00:00,25.022341,5.736584,6.252326,178,strong,0.2727,6.55347,1.502439,1679.375,267.3565,1250,1,0.0,0.0,29.192732,6.692682,0.857143,trend_up,11,266.8,ib_break_up,267.6,265.6,24.69717,5.662036,10363.55,6.171076,24.209413,5.550214,10158.88,6.0492,1.0,10500.0,5.659815,1.297561,1250,3.1262,2026-03-02,4.002085,0.917512,commodity_futures,NATURALGAS,8.00417,1.835024,271.387,positional,NATURALGAS
BUY,0.75,1.733,0.6786,3.6,0.6786,0.232796,,19.7667,,1186,291.5,ib_break_up,ib_break,2026-03-03T14:16:00+00:00,286.8,stop_loss,2026-03-03T16:46:00+00:00,-6.926024,-1.305556,-1.13253,150,strong,0.0074,19.893899,3.75,5187.5,287.35,1250,1,7.220749,1.361111,5.30504,1.0,-1.305555,trend_up,12,286.0,ib_break_up,290.0,284.8,-7.096463,-1.337683,-6019.57,-1.1604,-7.352122,-1.385875,-6236.44,-1.202205,1.0,-5875.0,8.104922,1.527778,1250,-1.6123,2026-03-03,6.115532,1.152778,commodity_futures,NATURALGAS,12.231064,2.305556,299.8,positional,NATURALGAS
BUY,0.75,0.332,0.2571,2.057143,0.2571,0.091041,,10.9167,,655,282.4,ib_break_up,ib_break,2026-03-04T05:25:00+00:00,281.8,value_migration_reversal,2026-03-04T07:33:00+00:00,-2.333722,-0.291667,-0.375,128,neutral,0.2333,11.668611,1.458333,2000.0,280.8,1250,1,2.333722,0.291667,12.446519,1.555555,-0.1875,trend_down,8,281.0,ib_break_up,281.4,279.6,-2.772618,-0.346519,-891.05,-0.445525,-3.430961,-0.428799,-1102.62,-0.551313,1.0,-750.0,5.445352,0.680556,1250,-0.2125,2026-03-04,6.223259,0.777778,commodity_futures,NATURALGAS,12.446519,1.555555,285.6,positional,NATURALGAS
SELL,0.75,-2.632,0.55,1.578571,0.55,0.198341,,16.2167,,973,277.3,ib_break_down,ib_break,2026-03-04T10:43:00+00:00,279.7,stop_loss,2026-03-04T12:20:00+00:00,-4.363636,-1.520362,-1.043478,97,neutral,0.4667,5.454545,1.900452,2875.0,279.6,1250,1,4.363636,1.520362,3.454545,1.20362,-1.263158,trend_down,29,283.2,ib_break_down,284.6,280.8,-4.566182,-1.590933,-3139.25,-1.091913,-4.87,-1.696788,-3348.12,-1.164565,1.0,-3000.0,-10.727273,-3.737557,1250,-0.8655,2026-03-04,4.181818,1.457014,commodity_futures,NATURALGAS,8.363636,2.914028,272.7,positional,NATURALGAS
BUY,0.75,0.385,0.3214,1.828571,0.3214,0.116071,,10.7667,,646,276.9,ib_break_up,ib_break,2026-03-05T05:16:00+00:00,275.4,stop_loss,2026-03-05T06:01:00+00:00,-4.667082,-0.820313,-1.020408,45,neutral,0.4737,5.911637,1.039062,1837.5,275.43,1250,1,6.533914,1.148438,1.244555,0.21875,-3.750001,trend_up,8,275.2,ib_break_up,275.8,274.4,-5.010765,-0.880721,-2013.08,-1.095551,-5.526291,-0.971332,-2220.19,-1.208265,1.0,-1875.0,5.289359,0.929687,1250,-0.5417,2026-03-05,4.57374,0.803906,commodity_futures,NATURALGAS,9.14748,1.607813,279.84,positional,NATURALGAS
SELL,0.75,-0.421,0.2214,1.621429,0.2214,0.080862,,12.35,,741,273.8,ib_break_down,ib_break,2026-03-05T06:51:00+00:00,275.5,stop_loss,2026-03-05T08:08:00+00:00,-7.67841,-1.048458,-1.241782,77,neutral,0.1579,8.581752,1.171806,1711.25,275.169,1250,1,7.67841,1.048458,3.613369,0.493392,-2.125,trend_down,14,274.6,ib_break_down,276.2,274.2,-8.174616,-1.116213,-2262.32,-1.322031,-8.918925,-1.217845,-2468.31,-1.442403,1.0,-2125.0,-3.613369,-0.493392,1250,-0.6209,2026-03-05,6.183379,0.844317,commodity_futures,NATURALGAS,7.226739,0.986784,272.2,positional,NATURALGAS
SELL,0.75,-0.572,0.2643,1.107143,0.2643,0.096707,,10.6667,,640,273.3,ib_break_down,ib_break,2026-03-06T05:10:00+00:00,275.0,stop_loss,2026-03-06T09:05:00+00:00,-6.432085,-1.535484,-1.244054,235,neutral,0.3333,5.675369,1.354839,1708.125,274.6665,1250,1,7.945516,1.896774,5.297011,1.264516,-1.214286,trend_down,7,274.0,ib_break_down,274.6,273.8,-6.846992,-1.634531,-2262.07,-1.324303,-7.469353,-1.783103,-2467.69,-1.444676,1.0,-2125.0,-2.648505,-0.632258,1250,-0.622,2026-03-06,5.170261,1.234258,commodity_futures,NATURALGAS,10.340522,2.468516,270.567,positional,NATURALGAS
SELL,0.75,-2.093,1.1571,4.964286,1.1571,0.376906,,11.6833,,701,307.0,ib_break_down,ib_break,2026-03-09T06:11:00+00:00,312.4,stop_loss,2026-03-09T06:22:00+00:00,-4.66684,-1.08777,-1.082164,11,weak,0.0261,13.222712,3.082014,6237.5,311.99,1250,1,4.753262,1.107914,0.0,0.0,,trend_down,11,313.2,ib_break_down,321.0,310.4,-4.7739,-1.112724,-6904.85,-1.10699,-4.934491,-1.150155,-7137.12,-1.144228,1.0,-6750.0,-5.358223,-1.248921,1250,-1.759,2026-03-09,4.312505,1.00518,commodity_futures,NATURALGAS,8.625011,2.01036,297.02,positional,NATURALGAS
SELL,0.75,-0.309,0.4214,2.221429,0.4214,0.147137,,11.3,,678,286.4,ib_break_down,ib_break,2026-03-10T05:48:00+00:00,284.0,trail_stop,2026-03-10T07:36:00+00:00,5.695301,1.080386,1.325967,108,weak,0.0851,11.153299,2.115756,2262.5,288.21,1250,1,2.610346,0.495177,12.33982,2.340836,0.461538,trend_down,10,288.2,ib_break_down,289.6,287.0,5.424585,1.029031,2857.4,1.262939,5.01851,0.952,2643.5,1.168398,1.0,3000.0,-4.271476,-0.810289,1250,0.838,2026-03-10,4.295206,0.814791,commodity_futures,NATURALGAS,8.590413,1.629582,282.78,positional,NATURALGAS
SELL,0.75,-0.729,0.5714,1.907143,0.5714,0.20014,,15.9,,954,285.5,ib_break_down,ib_break,2026-03-10T10:24:00+00:00,288.6,stop_loss,2026-03-10T10:37:00+00:00,-5.425271,-1.625468,-1.143911,13,weak,0.2766,8.225411,2.464419,3387.5,288.21,1250,1,6.475324,1.940075,0.0,0.0,,trend_down,28,283.8,ib_break_down,287.6,281.8,-5.626216,-1.685673,-4018.53,-1.18628,-5.927634,-1.775981,-4233.81,-1.249834,1.0,-3875.0,2.975149,0.891386,1250,-1.0858,2026-03-10,4.742737,1.420974,commodity_futures,NATURALGAS,9.485474,2.841947,280.08,positional,NATURALGAS
SELL,0.75,-0.511,0.3786,1.621429,0.3786,0.126074,,13.2333,,794,300.3,ib_break_down,ib_break,2026-03-12T07:44:00+00:00,302.7,stop_loss,2026-03-12T09:35:00+00:00,-6.339144,-1.480176,-1.121495,111,neutral,0.1458,12.678288,2.960352,2675.0,302.44,1250,1,6.339144,1.480176,4.226096,0.986784,-1.5,trend_down,17,302.2,ib_break_down,303.4,301.0,-6.657686,-1.554555,-3150.75,-1.17785,-7.135499,-1.666123,-3376.88,-1.262383,1.0,-3000.0,-5.018489,-1.171806,1250,-0.7992,2026-03-12,5.652404,1.319823,commodity_futures,NATURALGAS,11.304807,2.639647,296.02,positional,NATURALGAS
BUY,0.75,0.251,0.3071,1.892857,0.3071,0.105751,,10.7,,642,290.4,ib_break_up,ib_break,2026-03-16T05:12:00+00:00,288.5,stop_loss,2026-03-16T05:59:00+00:00,-6.18691,-1.003774,-1.043956,47,strong,0.2353,11.071312,1.796226,2275.0,288.58,1250,1,6.838163,1.109434,2.930641,0.475472,-2.111112,trend_down,7,288.0,ib_break_up,288.6,286.6,-6.563921,-1.06494,-2519.72,-1.107571,-7.129437,-1.156691,-2736.81,-1.202995,1.0,-2375.0,7.815044,1.267925,1250,-0.6543,2026-03-16,5.926408,0.96151,commodity_futures,NATURALGAS,11.852817,1.923019,294.04,positional,NATURALGAS
SELL,0.75,-0.842,0.4857,1.4,0.4857,0.170123,,16.3,,978,285.5,ib_break_down,ib_break,2026-03-16T10:48:00+00:00,287.4,stop_loss,2026-03-16T11:19:00+00:00,-3.91188,-1.357143,-1.104651,31,weak,0.2059,7.000206,2.428571,2150.0,287.22,1250,1,3.91188,1.357143,1.441219,0.5,-2.714286,trend_down,30,288.6,ib_break_down,290.4,287.8,-4.147787,-1.438986,-2518.22,-1.171267,-4.501647,-1.56175,-2733.06,-1.271192,1.0,-2375.0,-6.382541,-2.214286,1250,-0.6655,2026-03-16,3.541281,1.228571,commodity_futures,NATURALGAS,7.082561,2.457143,282.06,positional,NATURALGAS
SELL,0.75,-0.427,0.3714,1.171429,0.3714,0.132833,,14.9833,,899,279.6,ib_break_down,ib_break,2026-03-17T09:29:00+00:00,281.3,stop_loss,2026-03-17T10:05:00+00:00,-4.577275,-1.451219,-1.216023,36,weak,0.1053,5.115778,1.621951,1747.5,280.998,1250,1,4.577275,1.451219,1.077006,0.341463,-4.25,trend_down,24,280.6,ib_break_down,282.2,280.4,-4.879321,-1.546982,-2265.22,-1.296266,-5.332391,-1.690627,-2475.56,-1.416631,1.0,-2125.0,-2.692515,-0.853659,1250,-0.608,2026-03-17,3.764136,1.193414,commodity_futures,NATURALGAS,7.528271,2.386828,276.804,positional,NATURALGAS
BUY,0.75,0.364,0.2929,1.285714,0.2929,0.103645,,16.1333,,968,282.6,ib_break_up,ib_break,2026-03-17T10:38:00+00:00,285.5,trail_stop,2026-03-17T12:35:00+00:00,9.90099,2.255556,1.972789,117,neutral,0.4737,6.486856,1.477778,1837.5,281.13,1250,1,4.438375,1.011111,16.387846,3.733334,0.604167,trend_up,29,281.2,ib_break_up,282.0,280.2,9.513076,2.167185,3482.97,1.895497,8.931205,2.034628,3269.94,1.779558,1.0,3625.0,4.779788,1.088889,1250,1.0262,2026-03-17,5.018778,1.143334,commodity_futures,NATURALGAS,10.037555,2.286667,285.54,positional,NATURALGAS
SELL,0.75,-0.256,0.3429,1.207143,0.3429,0.126205,,11.9167,,715,271.7,ib_break_down,ib_break,2026-03-18T06:25:00+00:00,274.0,stop_loss,2026-03-18T08:33:00+00:00,-6.707495,-1.905325,-1.03139,128,weak,0.1373,14.873141,4.224852,2787.5,273.93,1250,1,6.707495,1.905325,0.58326,0.16568,-11.500009,trend_down,12,273.2,ib_break_down,274.2,272.2,-7.02578,-1.995737,-3011.43,-1.080332,-7.503208,-2.131355,-3216.06,-1.153744,1.0,-2875.0,-4.374453,-1.242604,1250,-0.8465,2026-03-18,6.503354,1.847337,commodity_futures,NATURALGAS,13.006707,3.694674,267.24,positional,NATURALGAS
BUY,0.75,0.452,0.6571,1.728571,0.6571,0.234679,,18.1333,,1088,280.0,ib_break_up,ib_break,2026-03-18T12:38:00+00:00,296.9,trail_stop,2026-03-19T09:51:00+00:00,25.719069,9.776862,4.193548,728,neutral,0.4902,7.761376,2.950413,5037.5,275.97,1250,1,0.456552,0.173554,33.480444,12.727276,0.768182,trend_down,37,273.2,ib_break_up,275.6,271.6,25.543479,9.710113,20980.78,4.164918,25.280094,9.60999,20764.44,4.121973,1.0,21125.0,10.348501,3.933884,1250,6.0357,2026-03-19,6.133009,2.331406,commodity_futures,NATURALGAS,12.266017,4.662811,288.06,positional,NATURALGAS
BUY,0.75,3.29,0.9357,2.742857,0.9357,0.310143,,18.9333,,1136,301.7,ib_break_up,ib_break,2026-03-19T13:26:00+00:00,296.3,stop_loss,2026-03-19T16:12:00+00:00,-5.77108,-1.96875,-1.046512,166,strong,0.123,13.038367,4.447917,6450.0,296.54,1250,1,5.877952,2.005208,4.168003,1.421875,-1.384615,trend_up,40,297.0,ib_break_up,299.0,295.0,-5.898899,-2.012354,-6899.5,-1.06969,-6.090627,-2.077761,-7123.75,-1.104457,1.0,-6750.0,5.022977,1.713542,1250,-1.7899,2026-03-19,5.514588,1.88125,commodity_futures,NATURALGAS,11.029176,3.7625,312.02,positional,NATURALGAS
BUY,0.75,0.556,0.2857,1.392857,0.2857,0.097342,,14.4167,,865,293.5,ib_break_up,ib_break,2026-03-20T08:55:00+00:00,295.6,trail_stop,2026-03-20T10:15:00+00:00,7.350368,1.507692,1.431005,80,neutral,0.1563,11.20056,2.297436,1834.375,292.0325,1250,1,4.20021,0.861539,15.050753,3.08718,0.488372,trend_down,22,291.8,ib_break_up,292.8,290.8,6.937977,1.423104,2477.72,1.350719,6.319391,1.296221,2256.81,1.23029,1.0,2625.0,5.950298,1.220513,1250,0.7155,2026-03-20,5.136507,1.05359,commodity_futures,NATURALGAS,10.273014,2.10718,296.435,positional,NATURALGAS
BUY,0.75,0.265,0.55,1.7,0.55,0.186821,,16.8333,,1010,294.4,ib_break_up,ib_break,2026-03-20T11:20:00+00:00,292.0,stop_loss,2026-03-20T11:27:00+00:00,-4.363636,-1.411765,-1.016949,7,neutral,0.4375,5.818182,1.882353,2950.0,292.04,1250,1,4.545455,1.470588,0.0,0.0,,trend_down,32,292.0,ib_break_up,294.0,290.8,-4.576873,-1.480753,-3146.6,-1.066644,-4.896727,-1.584235,-3366.5,-1.141186,1.0,-3000.0,4.363636,1.411765,1250,-0.8152,2026-03-20,4.290909,1.388235,commodity_futures,NATURALGAS,5.454545,1.764706,297.4,positional,NATURALGAS
SELL,0.75,-1.451,0.7786,1.892857,0.7786,0.269412,,17.3333,,1040,289.0,ib_break_down,ib_break,2026-03-20T11:50:00+00:00,290.9,stop_loss,2026-03-20T14:41:00+00:00,-2.440277,-1.003774,-1.079545,171,neutral,0.25,4.109941,1.690566,2200.0,290.76,1250,1,2.568713,1.056604,3.981505,1.637736,-0.612903,trend_down,34,291.8,ib_break_down,294.2,290.6,-2.589237,-1.065046,-2519.97,-1.145443,-2.812677,-1.156955,-2737.44,-1.24429,1.0,-2375.0,-3.596198,-1.479245,1250,-0.6574,2026-03-20,2.260468,0.929811,commodity_futures,NATURALGAS,4.520935,1.859623,285.48,positional,NATURALGAS
SELL,0.75,-0.266,0.4071,1.542857,0.4071,0.148848,,16.4833,,989,273.5,ib_break_down,ib_break,2026-03-24T10:59:00+00:00,275.5,stop_loss,2026-03-24T11:53:00+00:00,-4.912798,-1.296296,-1.117318,54,weak,0.4783,5.649718,1.490741,2237.5,275.29,1250,1,5.895357,1.555556,1.965119,0.518519,-2.5,trend_down,30,275.0,ib_break_down,276.6,274.2,-5.18251,-1.367463,-2637.25,-1.178659,-5.587079,-1.474213,-2843.12,-1.27067,1.0,-2500.0,-3.684598,-0.972222,1250,-0.7313,2026-03-24,4.396954,1.160185,commodity_futures,NATURALGAS,8.793908,2.320371,269.92,positional,NATURALGAS
BUY,0.75,0.254,0.75,1.828571,0.75,0.266241,,20.2,,1212,281.7,ib_break_up,ib_break,2026-03-26T14:42:00+00:00,286.9,trail_stop,2026-03-27T13:01:00+00:00,6.933333,2.843751,1.3,794,strong,0.5,6.666667,2.734375,5000.0,277.7,1250,1,4.533333,1.859375,13.6,5.578126,0.509804,trend_up,13,279.0,ib_break_up,280.4,277.6,6.781707,2.78156,6357.85,1.27157,6.554267,2.688274,6144.62,1.228925,1.0,6500.0,3.6,1.476562,1250,1.8459,2026-03-27,5.333333,2.187501,commodity_futures,NATURALGAS,9.2,3.773438,288.6,positional,NATURALGAS
BUY,0.75,0.553,0.2786,1.05,0.2786,0.099111,,15.8833,,953,281.1,ib_break_up,ib_break,2026-03-30T10:23:00+00:00,278.8,stop_loss,2026-03-30T11:26:00+00:00,-8.255564,-2.190476,-1.636428,63,strong,0.1111,9.691314,2.571429,1756.875,279.6945,1250,1,8.614501,2.285714,6.460876,1.714286,-1.277778,trend_up,28,279.2,ib_break_up,280.0,278.6,-8.657502,-2.297124,-3014.97,-1.716101,-9.260409,-2.457095,-3224.94,-1.83561,1.0,-2875.0,6.819813,1.809524,1250,-0.8182,2026-03-30,5.044867,1.338571,commodity_futures,NATURALGAS,10.089734,2.677143,283.911,positional,NATURALGAS
SELL,0.75,-2.22,0.5429,1.3,0.5429,0.195781,,17.95,,1077,277.3,ib_break_down,ib_break,2026-03-30T12:27:00+00:00,279.0,stop_loss,2026-03-30T12:47:00+00:00,-3.131332,-1.307692,-1.055901,20,weak,0.2963,4.973292,2.076923,2012.5,278.91,1250,1,3.315528,1.384615,1.105176,0.461538,-2.833333,trend_down,36,279.2,ib_break_down,280.2,278.6,-3.336268,-1.393277,-2264.07,-1.125006,-3.643673,-1.521654,-2472.69,-1.228665,1.0,-2125.0,-3.499724,-1.461538,1250,-0.6131,2026-03-30,2.965555,1.238462,commodity_futures,NATURALGAS,5.931111,2.476923,274.08,positional,NATURALGAS
BUY,0.75,0.425,0.2357,1.714286,0.2357,0.085585,,10.0333,,602,275.4,ib_break_up,ib_break,2026-04-01T04:32:00+00:00,273.9,stop_loss,2026-04-01T05:25:00+00:00,-6.364022,-0.875,-1.027397,53,neutral,0.3636,9.333899,1.283333,1825.0,273.94,1250,1,6.78829,0.933333,0.424268,0.058333,-15.000005,trend_up,5,274.0,ib_break_up,274.4,272.8,-6.830123,-0.939085,-2012.33,-1.102644,-7.529275,-1.035212,-2218.31,-1.215514,1.0,-1875.0,5.939754,0.816667,1250,-0.5447,2026-04-01,6.194315,0.851667,commodity_futures,NATURALGAS,12.38863,1.703333,278.32,positional,NATURALGAS
SELL,0.75,-0.761,0.3,0.878571,0.3,0.110294,,11.7333,,704,272.0,ib_break_down,ib_break,2026-04-01T06:14:00+00:00,270.4,trail_stop,2026-04-01T11:22:00+00:00,5.333333,1.821139,1.176471,308,weak,0.1818,7.333333,2.504065,1700.0,273.36,1250,1,2.333333,0.796748,11.0,3.756099,0.484848,trend_down,11,273.8,ib_break_down,274.4,273.0,4.971733,1.697666,1864.4,1.096706,4.429333,1.512456,1661.0,0.977059,1.0,2000.0,-6.0,-2.04878,1250,0.5882,2026-04-01,4.533333,1.547968,commodity_futures,NATURALGAS,9.066667,3.095936,269.28,positional,NATURALGAS
BUY,0.75,0.354,0.2214,1.407143,0.2214,0.081278,,10.6,,636,272.4,ib_break_up,ib_break,2026-04-02T05:06:00+00:00,271.0,stop_loss,2026-04-02T05:39:00+00:00,-6.323397,-0.994924,-1.0279,33,neutral,0.1538,11.743451,1.847716,1702.5,271.038,1250,1,6.323397,0.994924,1.355014,0.213198,-4.666665,trend_up,7,271.6,ib_break_up,272.2,270.4,-6.814273,-1.072158,-1885.85,-1.107695,-7.550587,-1.18801,-2089.62,-1.227386,1.0,-1750.0,3.613369,0.568528,1250,-0.514,2026-04-02,6.151762,0.967919,commodity_futures,NATURALGAS,6.323397,0.994924,273.8,positional,NATURALGAS
SELL,0.75,-0.317,0.2286,1.128571,0.2286,0.084887,,13.1167,,787,269.3,ib_break_down,ib_break,2026-04-02T07:37:00+00:00,270.7,stop_loss,2026-04-02T10:28:00+00:00,-6.124234,-1.240507,-1.039733,171,weak,0.0385,11.373578,2.303797,1683.125,270.6465,1250,1,6.124234,1.240507,8.311461,1.683545,-0.736842,trend_down,17,270.6,ib_break_down,272.0,270.0,-6.596675,-1.336203,-1885.0,-1.119941,-7.305337,-1.479747,-2087.5,-1.240253,1.0,-1750.0,-5.686789,-1.151899,1250,-0.5199,2026-04-02,5.890201,1.193102,commodity_futures,NATURALGAS,11.780402,2.386203,266.607,positional,NATURALGAS
SELL,0.75,-0.319,0.2429,1.157143,0.2429,0.092112,,10.5,,630,263.7,ib_break_down,ib_break,2026-04-06T05:00:00+00:00,265.3,stop_loss,2026-04-06T08:47:00+00:00,-6.587073,-1.382716,-1.025641,227,weak,0.0714,17.291066,3.62963,1950.0,265.26,1250,1,6.587073,1.382716,11.115685,2.333333,-0.592593,trend_down,7,264.0,ib_break_down,266.0,263.8,-7.022643,-1.474148,-2132.25,-1.093462,-7.675998,-1.611296,-2330.62,-1.195192,1.0,-2000.0,-1.235076,-0.259259,1250,-0.6068,2026-04-06,6.422396,1.348148,commodity_futures,NATURALGAS,12.844792,2.696296,260.58,positional,NATURALGAS
BUY,0.75,1.433,0.3714,1.4,0.3714,0.138324,,15.5167,,931,268.5,ib_break_up,ib_break,2026-04-06T10:01:00+00:00,266.9,stop_loss,2026-04-06T10:10:00+00:00,-4.308024,-1.142857,-1.025641,9,neutral,0.0714,11.308562,3.0,1950.0,266.94,1250,1,4.577275,1.214286,0.0,0.0,,trend_up,27,264.0,ib_break_up,265.6,261.8,-4.596338,-1.219343,-2133.85,-1.094282,-5.02881,-1.334071,-2334.62,-1.197244,1.0,-2000.0,12.116317,3.214286,1250,-0.5959,2026-04-06,4.200323,1.114286,commodity_futures,NATURALGAS,8.400646,2.228571,271.62,positional,NATURALGAS
SELL,0.75,-0.42,0.2643,0.828571,0.2643,0.100609,,13.85,,831,262.7,ib_break_down,ib_break,2026-04-07T08:21:00+00:00,264.7,stop_loss,2026-04-07T10:25:00+00:00,-7.567159,-2.413794,-1.522649,124,weak,0.2353,6.432085,2.051724,1641.875,264.0135,1250,1,7.567159,2.413794,9.08059,2.896553,-0.833333,trend_down,20,264.2,ib_break_down,265.4,263.8,-7.96625,-2.541098,-2631.85,-1.602954,-8.564888,-2.732053,-2829.62,-1.723411,1.0,-2500.0,-5.675369,-1.810345,1250,-0.7613,2026-04-07,4.969731,1.585259,commodity_futures,NATURALGAS,9.939463,3.170519,260.073,positional,NATURALGAS
SELL,0.75,-0.599,0.2071,1.414286,0.2071,0.080678,,11.2667,,676,256.7,ib_break_down,ib_break,2026-04-08T05:46:00+00:00,258.5,stop_loss,2026-04-08T12:08:00+00:00,-8.691453,-1.272727,-1.084337,382,weak,0.0192,25.108643,3.676768,2075.0,258.36,1250,1,8.691453,1.272727,14.002897,2.050505,-0.62069,trend_down,10,257.8,ib_break_down,258.2,256.8,-9.188991,-1.345584,-2378.8,-1.14641,-9.935297,-1.454868,-2572.0,-1.239518,1.0,-2250.0,-5.311444,-0.777778,1250,-0.7012,2026-04-08,8.015451,1.173737,commodity_futures,NATURALGAS,16.030903,2.347474,253.38,positional,NATURALGAS
SELL,0.75,-0.791,0.3071,1.235714,0.3071,0.12081,,19.5333,,1172,254.2,ib_break_down,ib_break,2026-04-09T14:02:00+00:00,255.6,stop_loss,2026-04-09T14:31:00+00:00,-4.558776,-1.132948,-1.101495,29,weak,0.1818,7.16379,1.780347,1588.75,255.471,1250,1,5.210029,1.294798,1.302507,0.323699,-3.500001,trend_down,43,256.0,ib_break_down,256.8,255.2,-4.890785,-1.215459,-1877.45,-1.181715,-5.388798,-1.339226,-2068.62,-1.302046,1.0,-1750.0,-5.861283,-1.456647,1250,-0.5507,2026-04-09,4.138717,1.028555,commodity_futures,NATURALGAS,8.277434,2.05711,251.658,positional,NATURALGAS
SELL,0.75,-0.851,0.2071,0.628571,0.2071,0.083006,,11.4333,,686,249.5,ib_break_down,ib_break,2026-04-10T05:56:00+00:00,251.0,stop_loss,2026-04-10T06:02:00+00:00,-7.242878,-2.386365,-1.202405,6,weak,0.15,9.65717,3.181818,1559.375,250.7475,1250,1,7.242878,2.386365,0.0,0.0,,trend_down,10,250.2,ib_break_down,251.0,250.0,-7.726219,-2.545615,-2000.12,-1.282645,-8.451231,-2.784491,-2187.81,-1.403006,1.0,-1875.0,-3.38001,-1.113636,1250,-0.6012,2026-04-10,6.02366,1.98466,commodity_futures,NATURALGAS,12.04732,3.969321,247.005,positional,NATURALGAS
BUY,0.75,0.894,0.1929,0.607143,0.1929,0.076336,,15.4,,924,252.7,ib_break_up,ib_break,2026-04-13T09:54:00+00:00,254.5,trail_stop,2026-04-13T12:13:00+00:00,9.33126,2.964705,1.424614,139,neutral,0.125,8.294453,2.635294,1579.375,251.4365,1250,1,1.036807,0.329412,16.588906,5.270587,0.5625,trend_up,26,251.2,ib_break_up,251.6,250.6,8.805391,2.797628,2123.2,1.344329,8.016589,2.547011,1933.0,1.223902,1.0,2250.0,7.77605,2.470588,1250,0.7123,2026-04-13,6.550026,2.081058,commodity_futures,NATURALGAS,13.100052,4.162117,255.227,positional,NATURALGAS
SELL,0.75,-0.649,0.2857,1.442857,0.2857,0.114097,,20.4167,,1225,250.4,ib_break_down,ib_break,2026-04-13T14:55:00+00:00,249.1,trail_stop,2026-04-13T16:46:00+00:00,4.550228,0.90099,1.038339,111,weak,0.3125,5.60028,1.108911,1565.0,251.652,1250,1,1.050053,0.207921,9.450473,1.871287,0.481482,trend_up,46,251.2,ib_break_down,253.8,250.4,4.20056,0.831753,1500.12,0.958546,3.676059,0.727896,1312.81,0.838858,1.0,1625.0,-2.80014,-0.554455,1250,0.5192,2026-04-13,4.382219,0.867723,commodity_futures,NATURALGAS,8.764438,1.735446,247.896,positional,NATURALGAS
SELL,0.75,-1.512,0.3071,1.771429,0.3071,0.127164,,21.6333,,1298,241.5,ib_break_down,ib_break,2026-04-14T16:08:00+00:00,243.2,stop_loss,2026-04-14T17:23:00+00:00,-5.535656,-0.959677,-1.024096,75,weak,0.0952,13.676327,2.370968,2075.0,243.16,1250,1,5.535656,0.959677,3.581895,0.620968,-1.545455,trend_down,19,244.8,ib_break_down,246.4,242.6,-5.851319,-1.014401,-2246.18,-1.082494,-6.324813,-1.096488,-2427.94,-1.17009,1.0,-2125.0,-10.745685,-1.862903,1250,-0.7039,2026-04-14,5.405405,0.937097,commodity_futures,NATURALGAS,10.810811,1.874193,238.18,positional,NATURALGAS
SELL,0.75,-0.811,0.3357,0.735714,0.3357,0.138433,,17.1333,,1028,242.5,ib_break_down,ib_break,2026-04-15T11:38:00+00:00,243.8,stop_loss,2026-04-15T12:00:00+00:00,-3.872505,-1.766991,-1.072165,22,weak,0.0667,4.468275,2.038835,1515.625,243.7125,1250,1,4.468275,2.038836,1.489425,0.679612,-2.6,trend_down,33,244.0,ib_break_down,244.4,243.4,-4.162228,-1.899189,-1746.58,-1.152379,-4.596813,-2.097486,-1928.94,-1.272701,1.0,-1625.0,-4.468275,-2.038835,1250,-0.5361,2026-04-15,3.611856,1.648059,commodity_futures,NATURALGAS,7.223712,3.296118,240.075,positional,NATURALGAS
BUY,0.75,0.51,0.2071,0.635714,0.2071,0.08324,,12.0,,720,248.8,ib_break_up,ib_break,2026-04-17T06:30:00+00:00,250.0,trail_stop,2026-04-17T12:18:00+00:00,5.794302,1.887641,0.96463,348,neutral,0.0833,5.794302,1.88764,1555.0,247.556,1250,1,2.414293,0.786517,14.485756,4.719103,0.4,trend_up,13,248.0,ib_break_up,248.2,247.6,5.312603,1.730715,1375.3,0.884437,4.590053,1.495327,1188.25,0.764148,1.0,1500.0,3.862868,1.258427,1250,0.4823,2026-04-17,6.00676,1.956855,commodity_futures,NATURALGAS,12.01352,3.91371,251.288,positional,NATURALGAS
SELL,0.75,-3.919,0.45,1.0,0.45,0.182113,,18.3333,,1100,247.1,ib_break_down,ib_break,2026-04-17T12:50:00+00:00,245.5,trail_stop,2026-04-17T13:34:00+00:00,3.555556,1.6,1.295022,44,weak,0.3333,2.666667,1.2,1544.375,248.3355,1250,1,0.666667,0.3,7.111111,3.2,0.5,trend_down,38,249.0,ib_break_down,250.0,248.0,3.336622,1.50148,1876.85,1.215281,3.008222,1.3537,1692.12,1.09567,1.0,2000.0,-4.222222,-1.9,1250,0.6475,2026-04-17,2.745556,1.2355,commodity_futures,NATURALGAS,5.491111,2.471,244.629,positional,NATURALGAS
BUY,0.75,0.665,0.3,1.735714,0.3,0.120337,,21.5833,,1295,249.3,ib_break_up,ib_break,2026-04-17T16:05:00+00:00,252.7,trail_stop,2026-04-20T07:21:00+00:00,11.333333,1.958848,2.727637,346,neutral,0.5,4.0,0.691358,1558.125,248.0535,1250,1,4.0,0.691358,16.666667,2.880659,0.68,trend_up,51,249.0,ib_break_up,250.4,247.2,10.998667,1.901004,4124.5,2.647092,10.496667,1.814239,3936.25,2.526274,1.0,4250.0,1.0,0.17284,1250,1.3638,2026-04-20,4.155,0.718148,commodity_futures,NATURALGAS,8.31,1.436297,251.793,positional,NATURALGAS
SELL,0.75,-0.738,0.45,1.135714,0.45,0.179712,,19.0167,,1141,250.4,ib_break_down,ib_break,2026-04-20T13:31:00+00:00,251.7,stop_loss,2026-04-20T14:59:00+00:00,-2.888889,-1.144654,-1.038339,88,weak,0.04,5.555556,2.201258,1565.0,251.652,1250,1,2.888889,1.144654,2.666667,1.056604,-1.083333,trend_down,41,254.0,ib_break_down,254.8,252.8,-3.112044,-1.233075,-1750.53,-1.118546,-3.446778,-1.365705,-1938.81,-1.238858,1.0,-1625.0,-8.0,-3.169811,1250,-0.5192,2026-04-20,2.782222,1.10239,commodity_futures,NATURALGAS,3.111111,1.232705,249.0,positional,NATURALGAS
SELL,0.75,-0.413,0.1786,0.764286,0.1786,0.072132,,11.85,,711,247.6,ib_break_down,ib_break,2026-04-21T06:21:00+00:00,249.0,stop_loss,2026-04-21T07:03:00+00:00,-7.838746,-1.831775,-1.130856,42,weak,0.1765,9.518477,2.224299,1547.5,248.838,1250,1,7.838746,1.831775,1.119821,0.261682,-6.999999,trend_down,12,248.8,ib_break_down,249.2,248.2,-8.394849,-1.961726,-1874.15,-1.211082,-9.229003,-2.156653,-2060.38,-1.331422,1.0,-1750.0,-6.718925,-1.570093,1250,-0.5654,2026-04-21,6.931691,1.619812,commodity_futures,NATURALGAS,13.863382,3.239625,245.124,positional,NATURALGAS
BUY,0.75,0.366,0.1571,0.6,0.1571,0.061439,,14.0667,,844,255.7,ib_break_up,ib_break,2026-04-22T08:34:00+00:00,254.3,stop_loss,2026-04-22T12:09:00+00:00,-8.911521,-2.333333,-1.095033,215,neutral,0.1176,10.821133,2.833333,1598.125,254.4215,1250,1,8.911521,2.333333,8.274984,2.166667,-1.076923,trend_up,21,255.0,ib_break_up,255.4,254.8,-9.560789,-2.503333,-1877.5,-1.174814,-10.534691,-2.758333,-2068.75,-1.294486,1.0,-1750.0,4.455761,1.166667,1250,-0.5475,2026-04-22,8.138129,2.130833,commodity_futures,NATURALGAS,16.276257,4.261667,258.257,positional,NATURALGAS
SELL,0.75,-1.459,0.3429,0.735714,0.3429,0.134629,,17.6833,,1061,254.7,ib_break_down,ib_break,2026-04-23T12:11:00+00:00,253.0,trail_stop,2026-04-23T12:47:00+00:00,4.957714,2.310681,1.334904,36,weak,0.2941,4.957714,2.31068,1591.875,255.9735,1250,1,0.58326,0.271845,10.207057,4.757283,0.485714,trend_down,35,255.6,ib_break_down,256.2,255.2,4.661592,2.172665,1998.08,1.255171,4.21741,1.965642,1807.69,1.135571,1.0,2125.0,-2.624672,-1.223301,1250,0.6675,2026-04-23,3.713911,1.730972,commodity_futures,NATURALGAS,7.427822,3.461943,252.153,positional,NATURALGAS
SELL,0.75,-0.279,0.25,1.214286,0.25,0.103605,,14.95,,897,241.3,ib_break_down,ib_break,2026-04-24T09:27:00+00:00,239.6,trail_stop,2026-04-24T13:42:00+00:00,6.8,1.4,1.409034,255,weak,0.5,5.6,1.152941,1508.125,242.5065,1250,1,3.6,0.741176,15.2,3.129411,0.447368,trend_down,24,242.4,ib_break_down,243.2,241.6,6.41528,1.320793,2004.78,1.329316,5.8382,1.201982,1824.44,1.209739,1.0,2125.0,-4.4,-0.905882,1250,0.7045,2026-04-24,4.826,0.993588,commodity_futures,NATURALGAS,9.652,1.987176,238.887,positional,NATURALGAS
SELL,0.75,-0.291,0.1571,0.521429,0.1571,0.06101,,15.3,,918,257.5,ib_break_down,ib_break,2026-04-28T09:48:00+00:00,259.1,stop_loss,2026-04-28T11:32:00+00:00,-10.184596,-3.068491,-1.242718,104,weak,0.05,12.730745,3.835616,1609.375,258.7875,1250,1,10.184596,3.068491,12.730745,3.835613,-0.8,trend_down,26,258.8,ib_break_down,259.2,258.2,-10.842266,-3.266638,-2129.15,-1.322967,-11.828771,-3.56386,-2322.88,-1.44334,1.0,-2000.0,-8.274984,-2.493151,1250,-0.6214,2026-04-28,8.195417,2.469176,commodity_futures,NATURALGAS,16.390834,4.938352,254.925,positional,NATURALGAS
BUY,0.75,1.09,0.5,1.057143,0.5,0.191865,,17.8167,,1069,260.6,ib_break_up,ib_break,2026-04-28T12:19:00+00:00,258.8,stop_loss,2026-04-28T12:47:00+00:00,-3.6,-1.702702,-1.125,28,neutral,0.5,4.0,1.891892,2000.0,259.0,1250,1,4.0,1.891892,0.8,0.378378,-4.5,trend_up,36,258.8,ib_break_up,259.8,257.8,-3.80776,-1.800967,-2379.85,-1.189925,-4.1194,-1.948365,-2574.62,-1.287312,1.0,-2250.0,3.6,1.702703,1250,-0.6907,2026-04-28,3.2,1.513513,commodity_futures,NATURALGAS,6.4,3.027027,263.8,positional,NATURALGAS
BUY,0.75,0.297,0.1786,0.457143,0.1786,0.069684,,13.2,,792,256.3,ib_break_up,ib_break,2026-04-29T07:42:00+00:00,255.4,value_migration_reversal,2026-04-29T08:54:00+00:00,-5.039194,-1.968749,-0.702302,72,neutral,0.3529,9.518477,3.71875,1601.875,255.0185,1250,1,6.159015,2.406249,3.919373,1.53125,-1.285714,trend_up,17,255.4,ib_break_up,255.8,254.6,-5.612206,-2.192618,-1252.92,-0.782162,-6.471725,-2.528421,-1444.81,-0.901951,1.0,-1125.0,5.039194,1.96875,1250,-0.3512,2026-04-29,7.175252,2.80328,commodity_futures,NATURALGAS,12.87794,5.031248,258.6,positional,NATURALGAS
SELL,0.75,-1.629,0.1929,0.785714,0.1929,0.076035,,15.8167,,949,253.7,ib_break_down,ib_break,2026-04-29T10:19:00+00:00,251.7,trail_stop,2026-04-29T13:19:00+00:00,10.368066,2.545455,1.576665,180,neutral,0.1765,8.812856,2.163636,1585.625,254.9685,1250,1,6.22084,1.527273,19.180923,4.709093,0.540541,trend_down,28,255.4,ib_break_down,256.4,255.0,9.844064,2.416808,2373.65,1.496981,9.058061,2.223837,2184.12,1.377454,1.0,2500.0,-8.812856,-2.163636,1250,0.7883,2026-04-29,6.575946,1.614455,commodity_futures,NATURALGAS,13.151892,3.22891,251.163,positional,NATURALGAS
SELL,0.75,-0.873,0.4,1.435714,0.4,0.157978,,19.45,,1167,253.2,ib_break_down,ib_break,2026-04-29T13:57:00+00:00,249.7,trail_stop,2026-04-30T12:13:00+00:00,8.75,2.437811,2.671756,766,neutral,0.4706,4.25,1.18408,1637.5,254.51,1250,1,2.5,0.696518,12.5,3.482588,0.7,trend_down,42,254.4,ib_break_down,256.4,253.4,8.49855,2.367756,4249.27,2.594977,8.121375,2.262672,4060.69,2.479809,1.0,4375.0,-3.0,-0.835821,1250,1.3823,2026-04-30,3.275,0.912438,commodity_futures,NATURALGAS,6.55,1.824876,250.58,positional,NATURALGAS
BUY,0.75,3.019,0.6214,1.042857,0.6214,0.244646,,18.4,,1104,254.0,ib_break_up,ib_break,2026-04-30T12:54:00+00:00,252.4,stop_loss,2026-04-30T13:07:00+00:00,-2.574831,-1.534247,-1.259843,13,neutral,0.25,2.574831,1.534247,1587.5,252.73,1250,1,2.735758,1.630137,1.448342,0.863014,-1.777778,trend_up,38,253.6,ib_break_up,253.8,251.0,-2.737818,-1.631365,-2126.6,-1.339591,-2.982298,-1.777041,-2316.5,-1.459213,1.0,-2000.0,0.643708,0.383562,1250,-0.6299,2026-04-30,2.043772,1.217808,commodity_futures,NATURALGAS,2.896685,1.726028,255.8,positional,NATURALGAS
SELL,0.75,-1.521,0.5071,2.078571,0.5071,0.192448,,19.55,,1173,263.5,ib_break_down,ib_break,2026-05-01T14:03:00+00:00,270.4,stop_loss,2026-05-04T03:45:00+00:00,-13.606784,-3.319588,-3.254717,252,neutral,0.0926,10.648787,2.597938,2650.0,265.62,1250,1,14.001183,3.415808,3.352396,0.81787,-4.058824,trend_down,11,266.2,ib_break_down,267.6,264.6,-13.817354,-3.37096,-8758.48,-3.305085,-14.133208,-3.448018,-8958.69,-3.380637,1.0,-8625.0,-5.324394,-1.298969,1250,-2.6186,2026-05-04,4.180635,1.019931,commodity_futures,NATURALGAS,8.36127,2.039863,259.26,positional,NATURALGAS
BUY,0.75,0.796,0.2071,1.407143,0.2071,0.076421,,10.4,,624,271.0,ib_break_up,ib_break,2026-05-04T04:54:00+00:00,269.4,stop_loss,2026-05-04T09:55:00+00:00,-7.725736,-1.137056,-1.180812,301,neutral,0.0256,18.831482,2.771574,1693.75,269.645,1250,1,8.208595,1.208122,6.760019,0.994924,-1.142857,trend_up,6,270.2,ib_break_up,271.2,269.8,-8.24761,-1.213864,-2135.1,-1.260576,-9.03042,-1.329076,-2337.75,-1.380221,1.0,-2000.0,3.862868,0.568528,1250,-0.5904,2026-05-04,6.542733,0.962944,commodity_futures,NATURALGAS,13.085466,1.925888,273.71,positional,NATURALGAS
SELL,0.75,-0.753,0.3071,0.671429,0.3071,0.113825,,13.1167,,787,269.8,ib_break_down,ib_break,2026-05-05T07:37:00+00:00,271.6,stop_loss,2026-05-05T09:24:00+00:00,-5.861283,-2.680849,-1.040462,107,neutral,0.2581,10.094432,4.617021,2162.5,271.53,1250,1,5.861283,2.680849,1.302507,0.595744,-4.500001,trend_down,17,272.0,ib_break_down,272.6,271.2,-6.213872,-2.842117,-2385.35,-1.103052,-6.742755,-3.084019,-2588.38,-1.196936,1.0,-2250.0,-7.16379,-3.276596,1250,-0.6672,2026-05-05,5.633344,2.576594,commodity_futures,NATURALGAS,11.266688,5.153188,266.34,positional,NATURALGAS
SELL,0.75,-2.143,0.35,0.557143,0.35,0.133029,,13.45,,807,263.1,ib_break_down,ib_break,2026-05-06T07:57:00+00:00,261.1,trail_stop,2026-05-06T09:41:00+00:00,5.714286,3.589743,1.111111,104,weak,0.3,8.571429,5.384615,2250.0,264.9,1250,1,4.571429,2.871794,11.142857,6.999998,0.512821,trend_down,18,265.2,ib_break_down,265.8,264.8,5.414743,3.401568,2368.95,1.052867,4.965429,3.119307,2172.38,0.9655,1.0,2500.0,-6.0,-3.769231,1250,0.7602,2026-05-06,5.142857,3.230768,commodity_futures,NATURALGAS,10.285714,6.461537,259.5,positional,NATURALGAS
SELL,0.75,-0.303,0.1357,0.535714,0.1357,0.052536,,11.6333,,698,258.3,ib_break_down,ib_break,2026-05-07T06:08:00+00:00,256.5,trail_stop,2026-05-07T07:46:00+00:00,13.264554,3.360002,1.393728,98,weak,0.25,5.895357,1.493333,1614.375,259.5915,1250,1,2.947679,0.746667,24.318349,6.160003,0.545455,trend_down,11,259.0,ib_break_down,259.4,258.8,12.505822,3.16781,2121.3,1.314007,11.367723,2.879522,1928.25,1.194425,1.0,2250.0,-5.158438,-1.306667,1250,0.6969,2026-05-07,9.517318,2.410801,commodity_futures,NATURALGAS,18.422992,4.666669,255.8,positional,NATURALGAS
BUY,0.75,0.328,0.2214,0.685714,0.2214,0.083737,,13.5,,810,264.4,ib_break_up,ib_break,2026-05-08T08:00:00+00:00,266.1,trail_stop,2026-05-08T08:21:00+00:00,7.67841,2.479168,1.28593,21,neutral,0.3846,5.871725,1.895833,1652.5,263.078,1250,1,0.0,0.0,14.453478,4.666669,0.53125,trend_up,19,263.2,ib_break_up,263.6,262.8,7.199187,2.324438,1992.38,1.205673,6.480352,2.092345,1793.44,1.085287,1.0,2125.0,5.420054,1.75,1250,0.643,2026-05-08,5.971093,1.927917,commodity_futures,NATURALGAS,11.942186,3.855835,267.044,positional,NATURALGAS
BUY,0.75,1.908,0.3857,0.985714,0.3857,0.142535,,17.0167,,1021,270.6,ib_break_up,ib_break,2026-05-11T11:31:00+00:00,278.4,trail_stop,2026-05-12T11:09:00+00:00,20.222971,7.913046,2.943396,848,strong,0.0533,19.445165,7.608696,3312.5,267.95,1250,1,3.889033,1.52174,28.778844,11.260873,0.702703,trend_up,33,267.2,ib_break_up,268.2,266.4,19.938294,7.801654,9612.75,2.901962,19.511278,7.634567,9406.88,2.839811,1.0,9750.0,8.815141,3.449275,1250,2.8825,2026-05-12,6.870625,2.688407,commodity_futures,NATURALGAS,13.74125,5.376813,275.9,positional,NATURALGAS
SELL,0.75,-0.734,0.3286,0.957143,0.3286,0.118244,,17.0167,,1021,277.9,ib_break_down,ib_break,2026-05-12T11:31:00+00:00,275.0,trail_stop,2026-05-12T13:27:00+00:00,8.82532,3.02985,2.087082,116,neutral,0.1667,7.303713,2.507463,1736.875,279.2895,1250,1,1.521607,0.522388,13.694461,4.701492,0.644444,trend_down,33,280.2,ib_break_down,280.8,279.6,8.488801,2.914319,3486.78,2.007499,7.984023,2.741022,3279.44,1.888125,1.0,3625.0,-6.999391,-2.402985,1250,1.0435,2026-05-12,4.228545,1.451716,commodity_futures,NATURALGAS,8.457091,2.903432,275.121,positional,NATURALGAS
BUY,0.75,0.279,0.1786,0.671429,0.1786,0.065614,,12.75,,765,272.2,ib_break_up,ib_break,2026-05-13T07:15:00+00:00,271.6,value_migration_reversal,2026-05-13T10:30:00+00:00,-3.359462,-0.893616,-0.440852,195,neutral,0.2381,11.758119,3.12766,1701.25,270.839,1250,1,3.919373,1.042553,10.078387,2.680849,-0.333333,trend_up,16,271.2,ib_break_up,271.6,270.2,-3.968421,-1.055599,-885.95,-0.520764,-4.881859,-1.298574,-1089.88,-0.640632,1.0,-750.0,5.599104,1.489362,1250,-0.2204,2026-05-13,7.620381,2.02702,commodity_futures,NATURALGAS,15.240761,4.05404,274.922,positional,NATURALGAS
BUY,0.75,0.578,0.35,1.085714,0.35,0.128488,,17.1167,,1027,272.4,ib_break_up,ib_break,2026-05-13T11:37:00+00:00,271.2,value_migration_reversal,2026-05-13T11:42:00+00:00,-3.428571,-1.105263,-0.881057,5,neutral,0.3333,6.0,1.934211,1702.5,271.038,1250,1,4.0,1.289474,0.285714,0.092105,-12.000011,trend_down,33,272.0,ib_break_up,272.6,270.6,-3.7392,-1.2054,-1635.9,-0.960881,-4.205143,-1.355606,-1839.75,-1.080617,1.0,-1500.0,1.142857,0.368421,1250,-0.4405,2026-05-13,3.891429,1.254474,commodity_futures,NATURALGAS,7.782857,2.508948,275.124,positional,NATURALGAS
BUY,0.75,0.332,0.1786,1.228571,0.1786,0.064687,,10.3167,,619,276.1,ib_break_up,ib_break,2026-05-14T04:49:00+00:00,274.3,stop_loss,2026-05-14T10:11:00+00:00,-10.078387,-1.465117,-1.005587,322,neutral,0.2424,18.477044,2.686047,2237.5,274.31,1250,1,10.638298,1.546512,12.318029,1.790698,-0.818182,trend_up,6,275.0,ib_break_up,275.8,274.0,-10.694737,-1.554717,-2387.6,-1.067084,-11.619261,-1.689117,-2594.0,-1.15933,1.0,-2250.0,6.159015,0.895349,1250,-0.6519,2026-05-14,10.022396,1.456977,commodity_futures,NATURALGAS,20.044793,2.913955,279.68,positional,NATURALGAS
SELL,0.75,-0.492,0.4429,1.271429,0.4429,0.162891,,17.5333,,1052,271.9,ib_break_down,ib_break,2026-05-14T12:02:00+00:00,270.0,trail_stop,2026-05-14T14:28:00+00:00,4.289907,1.494382,1.397573,146,neutral,0.0303,7.450892,2.595506,1699.375,273.2595,1250,1,3.160984,1.101123,8.35403,2.910111,0.513513,trend_down,35,276.4,ib_break_down,277.4,273.6,4.045202,1.409139,2239.53,1.317852,3.678144,1.281275,2036.31,1.198271,1.0,2375.0,-10.160307,-3.539326,1250,0.6988,2026-05-14,3.069542,1.069269,commodity_futures,NATURALGAS,6.139083,2.138539,269.181,positional,NATURALGAS
BUY,0.75,1.111,0.2571,0.6,0.2571,0.091235,,12.6167,,757,281.8,ib_break_up,ib_break,2026-05-15T07:07:00+00:00,280.2,stop_loss,2026-05-15T10:20:00+00:00,-6.223259,-2.666667,-1.135557,193,strong,0.25,6.223259,2.666667,1761.25,280.391,1250,1,7.001167,3.0,7.779074,3.333333,-0.8,trend_up,15,280.2,ib_break_up,280.6,279.8,-6.660443,-2.854,-2140.5,-1.21533,-7.316219,-3.135,-2351.25,-1.334989,1.0,-2000.0,6.223259,2.666667,1250,-0.5678,2026-05-15,5.480358,2.348333,commodity_futures,NATURALGAS,10.960716,4.696667,284.618,positional,NATURALGAS
SELL,0.75,-1.223,0.3357,1.064286,0.3357,0.120193,,16.2833,,977,279.3,ib_break_down,ib_break,2026-05-15T10:47:00+00:00,280.8,stop_loss,2026-05-15T11:21:00+00:00,-4.468275,-1.409396,-1.074114,34,neutral,0.3125,4.76616,1.503356,1745.625,280.6965,1250,1,4.468275,1.409396,2.38308,0.751678,-1.875,trend_down,30,280.2,ib_break_down,282.2,279.8,-4.801966,-1.514649,-2015.03,-1.154329,-5.302502,-1.67253,-2225.06,-1.274651,1.0,-1875.0,-2.680965,-0.845638,1250,-0.5371,2026-05-15,4.159964,1.312147,commodity_futures,NATURALGAS,8.319929,2.624295,276.507,positional,NATURALGAS
BUY,0.75,0.366,0.2571,1.342857,0.2571,0.087747,,12.0167,,721,293.0,ib_break_up,ib_break,2026-05-18T06:31:00+00:00,294.8,trail_stop,2026-05-18T12:35:00+00:00,7.001167,1.340426,1.228669,364,strong,0.1852,10.50175,2.010638,1831.25,291.535,1250,1,7.001167,1.340426,16.72501,3.202128,0.418605,trend_up,13,291.8,ib_break_up,292.6,291.0,6.543913,1.252881,2103.05,1.148423,5.858032,1.121564,1882.62,1.028055,1.0,2250.0,4.667445,0.893617,1250,0.6143,2026-05-18,5.698172,1.090958,commodity_futures,NATURALGAS,11.396344,2.181915,295.93,positional,NATURALGAS
BUY,0.75,0.777,0.5786,1.735714,0.5786,0.197272,,18.5667,,1114,293.3,ib_break_up,ib_break,2026-05-18T13:04:00+00:00,291.2,stop_loss,2026-05-18T13:13:00+00:00,-3.62945,-1.209877,-1.304348,9,neutral,0.2963,4.666436,1.555556,2012.5,291.69,1250,1,3.62945,1.209877,1.036986,0.345679,-3.499999,trend_up,39,292.2,ib_break_up,294.2,291.4,-3.83149,-1.277227,-2771.12,-1.376957,-4.134549,-1.378251,-2990.31,-1.48587,1.0,-2625.0,1.901141,0.633745,1250,-0.716,2026-05-18,2.782579,0.927572,commodity_futures,NATURALGAS,5.565157,1.855144,296.52,positional,NATURALGAS
SELL,0.75,-1.568,0.5071,1.971429,0.5071,0.175225,,19.05,,1143,289.4,ib_break_down,ib_break,2026-05-18T13:33:00+00:00,290.9,stop_loss,2026-05-18T14:24:00+00:00,-2.957996,-0.760869,-1.036628,51,weak,0.1481,5.324394,1.369565,1808.75,290.847,1250,1,2.957996,0.760869,4.535595,1.166666,-0.652174,trend_down,41,292.2,ib_break_down,294.2,291.0,-3.186866,-0.81974,-2020.08,-1.116835,-3.530172,-0.908047,-2237.69,-1.237146,1.0,-1875.0,-5.521593,-1.42029,1250,-0.5183,2026-05-18,2.853481,0.733985,commodity_futures,NATURALGAS,5.706961,1.467971,286.506,positional,NATURALGAS
BUY,0.75,0.515,0.2643,0.635714,0.2643,0.090328,,13.9833,,839,292.6,ib_break_up,ib_break,2026-05-19T08:29:00+00:00,295.5,trail_stop,2026-05-19T12:02:00+00:00,10.97238,4.5618,1.982228,213,neutral,0.0435,8.702232,3.617978,1828.75,291.137,1250,1,1.135074,0.47191,17.404465,7.235958,0.630435,trend_up,20,291.0,ib_break_up,291.4,290.6,10.527355,4.376779,3477.97,1.901832,9.859818,4.099249,3257.44,1.781237,1.0,3625.0,6.053727,2.516854,1250,0.9911,2026-05-19,5.535376,2.301349,commodity_futures,NATURALGAS,11.070753,4.602699,295.526,positional,NATURALGAS
BUY,0.85,0.314,0.2143,1.057143,0.2143,0.071125,,10.1333,,608,301.3,open_drive_up_above_pvah,open_drive,2026-05-20T04:38:00+00:00,296.8,stop_loss,2026-05-20T12:29:00+00:00,-20.9986,-4.256756,-1.097561,471,strong,0.0714,6.532898,1.324324,5125.0,297.2,1250,1,21.465236,4.351351,9.799347,1.986486,-2.142857,trend_up,5,300.8,open_drive_up_above_pvah,301.0,300.2,-21.55679,-4.36991,-5774.52,-1.126737,-22.394074,-4.539641,-5998.81,-1.1705,1.0,-5625.0,2.333178,0.472973,1250,-1.4935,2026-05-20,19.132058,3.878378,commodity_futures,NATURALGAS,38.264116,7.756756,309.5,positional,NATURALGAS
SELL,0.75,-0.695,0.3143,0.792857,0.3143,0.108193,,13.9,,834,290.5,ib_break_down,ib_break,2026-05-21T08:24:00+00:00,292.4,stop_loss,2026-05-21T10:30:00+00:00,-6.04518,-2.396397,-1.30809,126,neutral,0.0385,8.272351,3.279279,1815.625,291.9525,1250,1,6.04518,2.396397,4.136176,1.63964,-1.461538,trend_down,20,292.2,ib_break_down,293.2,291.8,-6.416099,-2.543435,-2520.72,-1.388351,-6.972479,-2.763991,-2739.31,-1.508744,1.0,-2375.0,-5.408845,-2.144144,1250,-0.654,2026-05-21,4.621381,1.831982,commodity_futures,NATURALGAS,9.242762,3.663965,287.595,positional,NATURALGAS
BUY,0.75,1.692,0.5786,1.428571,0.5786,0.197071,,18.65,,1119,293.6,ib_break_up,ib_break,2026-05-21T13:09:00+00:00,291.6,stop_loss,2026-05-21T13:50:00+00:00,-3.456619,-1.4,-1.362398,41,neutral,0.1538,4.493605,1.82,1835.0,292.132,1250,1,3.456619,1.4,3.283788,1.33,-1.052632,trend_up,39,292.2,ib_break_up,292.8,290.6,-3.658901,-1.481928,-2646.3,-1.442125,-3.962323,-1.60482,-2865.75,-1.561717,1.0,-2500.0,2.419634,0.98,1250,-0.6812,2026-05-21,2.537159,1.0276,commodity_futures,NATURALGAS,5.074317,2.055201,296.536,positional,NATURALGAS
BUY,0.75,0.285,0.2714,0.721429,0.2714,0.098227,,12.8167,,769,276.3,ib_break_up,ib_break,2026-05-25T07:19:00+00:00,273.6,value_migration_reversal,2026-05-25T09:11:00+00:00,-9.948416,-3.742572,-0.89404,112,strong,0.0595,30.950626,11.643564,3775.0,273.28,1250,1,9.948416,3.742572,0.0,0.0,,trend_down,16,273.6,ib_break_up,275.6,273.0,-10.353648,-3.895019,-3512.47,-0.930457,-10.961496,-4.123691,-3718.69,-0.985083,1.0,-3375.0,9.948416,3.742574,1250,-0.9772,2026-05-25,11.127487,4.186136,commodity_futures,NATURALGAS,22.254974,8.372272,282.34,positional,NATURALGAS
BUY,0.75,0.252,0.2643,0.95,0.2643,0.095415,,17.8333,,1070,277.0,ib_break_up,ib_break,2026-05-25T12:20:00+00:00,281.0,trail_stop,2026-05-26T16:14:00+00:00,15.134317,4.210526,1.075269,1104,strong,0.1429,31.782066,8.842105,4650.0,273.28,1250,1,3.405221,0.947368,31.403708,8.736842,0.481928,trend_up,36,274.4,ib_break_up,275.4,273.2,14.71207,4.093053,4860.5,1.045269,14.078698,3.916842,4651.25,1.000269,1.0,5000.0,9.837306,2.736842,1250,1.444,2026-05-26,14.074915,3.915789,commodity_futures,NATURALGAS,28.14983,7.831579,284.44,positional,NATURALGAS
BUY,0.75,1.422,0.2857,0.685714,0.2857,0.098415,,16.0333,,962,290.3,ib_break_up,ib_break,2026-05-27T10:32:00+00:00,293.7,trail_stop,2026-05-27T12:22:00+00:00,11.900595,4.958335,2.342404,110,strong,0.2941,5.950298,2.479167,1814.375,288.8485,1250,1,1.750088,0.729167,20.301015,8.458337,0.586207,trend_up,29,288.6,ib_break_up,289.2,287.6,11.491775,4.788002,4104.0,2.261936,10.878544,4.532502,3885.0,2.141233,1.0,4250.0,5.950298,2.479167,1250,1.1712,2026-05-27,5.080504,2.116772,commodity_futures,NATURALGAS,10.161008,4.233543,293.203,positional,NATURALGAS
BUY,0.75,3.235,0.4571,1.928571,0.4571,0.15176,,19.0167,,1141,301.2,ib_break_up,ib_break,2026-05-28T13:31:00+00:00,304.4,trail_stop,2026-05-28T14:12:00+00:00,7.000656,1.65926,2.077922,41,strong,0.1053,8.313279,1.97037,1925.0,299.66,1250,1,0.0,0.0,12.032378,2.851852,0.581818,trend_up,9,300.0,ib_break_up,300.6,297.6,6.735681,1.596457,3848.6,1.999273,6.338219,1.502252,3621.5,1.881299,1.0,4000.0,2.625246,0.622222,1250,1.0624,2026-05-28,3.369066,0.798519,commodity_futures,NATURALGAS,6.738132,1.597037,304.28,positional,NATURALGAS
BUY,0.75,0.372,0.3571,1.085714,0.3571,0.112049,,13.15,,789,318.7,ib_break_up,ib_break,2026-05-29T07:39:00+00:00,316.6,stop_loss,2026-05-29T08:29:00+00:00,-5.880706,-1.934211,-1.044776,50,strong,0.4444,7.560907,2.486842,2512.5,316.69,1250,1,5.880706,1.934211,2.520302,0.828948,-2.333334,trend_up,17,316.6,ib_break_up,317.4,315.4,-6.236516,-2.05124,-2783.82,-1.10799,-6.770232,-2.226783,-3022.06,-1.202811,1.0,-2625.0,5.880706,1.934211,1250,-0.6589,2026-05-29,5.628675,1.851316,commodity_futures,NATURALGAS,11.257351,3.702633,322.72,positional,NATURALGAS
SELL,0.75,-0.772,0.2786,1.471429,0.2786,0.087363,,10.5833,,635,318.9,ib_break_down,ib_break,2026-06-01T05:05:00+00:00,320.9,stop_loss,2026-06-01T05:24:00+00:00,-7.178751,-1.359223,-1.254312,19,neutral,0.1481,9.691314,1.834951,1993.125,320.4945,1250,1,7.178751,1.359223,0.358938,0.067961,-19.999975,trend_down,7,320.6,ib_break_down,321.4,320.0,-7.638047,-1.446186,-2659.95,-1.334563,-8.326992,-1.576631,-2899.88,-1.454939,1.0,-2500.0,-6.101938,-1.15534,1250,-0.6272,2026-06-01,5.723259,1.08364,commodity_futures,NATURALGAS,6.819813,1.291262,317.0,positional,NATURALGAS
BUY,0.75,0.498,0.3357,1.05,0.3357,0.1039,,12.85,,771,323.1,ib_break_up,ib_break,2026-06-01T07:21:00+00:00,321.1,stop_loss,2026-06-01T08:34:00+00:00,-5.9577,-1.904762,-1.04712,73,strong,0.4074,8.042895,2.571429,2387.5,321.19,1250,1,6.255585,2.0,2.085195,0.666667,-2.857143,trend_up,16,321.2,ib_break_up,321.8,320.2,-6.341495,-2.027467,-2661.05,-1.114576,-6.917188,-2.211524,-2902.62,-1.215759,1.0,-2500.0,5.659815,1.809524,1250,-0.619,2026-06-01,5.689604,1.819048,commodity_futures,NATURALGAS,11.379208,3.638095,326.92,positional,NATURALGAS
SELL,0.75,-0.268,0.1643,1.214286,0.1643,0.054189,,10.6333,,638,303.2,ib_break_down,ib_break,2026-06-02T05:08:00+00:00,304.8,stop_loss,2026-06-02T07:25:00+00:00,-9.738284,-1.317647,-1.055409,137,neutral,0.1875,9.738284,1.317647,1895.0,304.716,1250,1,9.738284,1.317647,7.303713,0.988235,-1.333333,trend_down,7,304.0,ib_break_down,304.4,303.6,-10.478393,-1.417788,-2152.0,-1.13562,-11.588558,-1.568,-2380.0,-1.255937,1.0,-2000.0,-4.869142,-0.658824,1250,-0.5277,2026-06-02,9.227024,1.24847,commodity_futures,NATURALGAS,18.454047,2.496941,300.168,positional,NATURALGAS
BUY,0.75,0.426,0.35,0.742857,0.35,0.114754,,12.6833,,761,305.0,ib_break_up,ib_break,2026-06-03T07:11:00+00:00,310.0,trail_stop,2026-06-03T10:09:00+00:00,14.285714,6.730771,3.278689,178,neutral,0.2381,6.0,2.826923,1906.25,303.475,1250,1,0.0,0.0,19.142857,9.019233,0.746269,trend_up,15,303.4,ib_break_up,304.0,302.8,13.934286,6.565194,6096.25,3.198033,13.407143,6.316828,5865.62,3.077049,1.0,6250.0,4.571429,2.153846,1250,1.6393,2026-06-03,4.357143,2.052885,commodity_futures,NATURALGAS,8.714286,4.10577,308.05,positional,NATURALGAS
BUY,0.85,0.405,0.2429,1.278571,0.2429,0.078103,,10.0,,600,311.0,open_drive_up_above_pvah,open_drive,2026-06-04T04:30:00+00:00,309.1,stop_loss,2026-06-04T05:30:00+00:00,-7.822149,-1.486034,-1.055556,60,strong,0.0667,6.175381,1.173184,2250.0,309.2,1250,1,7.822149,1.486034,0.823384,0.156425,-9.500001,trend_up,5,310.4,open_drive_up_above_pvah,310.8,310.0,-8.33273,-1.583033,-2530.03,-1.124456,-9.0986,-1.728531,-2762.56,-1.227806,1.0,-2375.0,2.470152,0.469274,1250,-0.6109,2026-06-04,7.410457,1.407822,commodity_futures,NATURALGAS,14.820914,2.815643,314.6,positional,NATURALGAS
BUY,0.75,0.347,0.2214,0.907143,0.2214,0.071167,,14.6667,,880,311.1,ib_break_up,ib_break,2026-06-04T09:10:00+00:00,315.5,trail_stop,2026-06-04T13:09:00+00:00,19.873532,4.850393,2.828672,239,strong,0.1333,6.775068,1.653543,1944.375,309.5445,1250,1,4.968383,1.212598,28.455285,6.944881,0.698413,trend_up,23,310.0,ib_break_up,310.6,309.0,19.307498,4.712245,5343.35,2.748107,18.458446,4.505023,5108.38,2.627258,1.0,5500.0,4.968383,1.212598,1250,1.4143,2026-06-04,7.025745,1.714724,commodity_futures,NATURALGAS,14.051491,3.429448,314.211,positional,NATURALGAS
SELL,0.75,-0.301,0.15,1.2,0.15,0.049587,,10.5167,,631,302.5,ib_break_down,ib_break,2026-06-08T05:01:00+00:00,304.2,stop_loss,2026-06-08T05:33:00+00:00,-11.333333,-1.416667,-1.123967,32,weak,0.3333,8.0,1.0,1890.625,304.0125,1250,1,11.333333,1.416667,0.666667,0.083333,-16.999991,trend_down,7,303.0,ib_break_down,303.8,303.0,-12.142267,-1.517783,-2276.68,-1.204192,-13.355667,-1.669458,-2504.19,-1.324529,1.0,-2125.0,-3.333333,-0.416667,1250,-0.562,2026-06-08,10.083333,1.260417,commodity_futures,NATURALGAS,20.166667,2.520833,299.475,positional,NATURALGAS
BUY,0.75,0.362,0.3429,1.264286,0.3429,0.112574,,11.5667,,694,304.6,ib_break_up,ib_break,2026-06-08T06:04:00+00:00,303.2,value_migration_reversal,2026-06-08T06:39:00+00:00,-4.082823,-1.107344,-0.919238,35,strong,0.4167,3.499563,0.949153,1903.75,303.077,1250,1,4.666083,1.265536,0.874891,0.237288,-4.666665,trend_up,11,303.4,ib_break_up,304.4,302.8,-4.437329,-1.203494,-1901.95,-0.999054,-4.969087,-1.347717,-2129.88,-1.118779,1.0,-1750.0,3.499563,0.949153,1250,-0.4596,2026-06-08,4.441528,1.204632,commodity_futures,NATURALGAS,8.883056,2.409265,307.646,positional,NATURALGAS
SELL,0.75,-0.324,0.1786,0.907143,0.1786,0.059257,,11.2833,,677,301.4,ib_break_down,ib_break,2026-06-09T05:47:00+00:00,302.5,value_migration_reversal,2026-06-09T05:57:00+00:00,-6.159015,-1.212598,-0.729927,10,neutral,0.0435,12.87794,2.535433,1883.75,302.907,1250,1,7.838746,1.543307,0.55991,0.110236,-11.000009,trend_down,10,302.2,ib_break_down,303.4,302.0,-6.835274,-1.345742,-1525.97,-0.810073,-7.849664,-1.545456,-1752.44,-0.930292,1.0,-1375.0,-4.479283,-0.88189,1250,-0.365,2026-06-09,8.43785,1.66126,commodity_futures,NATURALGAS,10.078387,1.984252,299.6,positional,NATURALGAS
BUY,0.75,0.554,0.3714,0.95,0.3714,0.122171,,12.7167,,763,304.0,ib_break_up,ib_break,2026-06-09T07:13:00+00:00,302.4,stop_loss,2026-06-09T12:00:00+00:00,-4.308024,-1.684211,-1.052632,287,strong,0.087,6.192784,2.421053,1900.0,302.48,1250,1,5.115778,2.0,7.26979,2.842105,-0.592593,trend_up,15,302.2,ib_break_up,303.0,301.6,-4.634572,-1.811874,-2151.6,-1.132421,-5.124394,-2.003368,-2379.0,-1.252105,1.0,-2000.0,4.846527,1.894737,1250,-0.5263,2026-06-09,4.092623,1.6,commodity_futures,NATURALGAS,8.185245,3.2,307.04,positional,NATURALGAS
SELL,0.75,-3.173,0.5857,1.607143,0.5857,0.194649,,18.6667,,1120,300.9,ib_break_down,ib_break,2026-06-09T13:10:00+00:00,302.6,stop_loss,2026-06-09T14:15:00+00:00,-2.90251,-1.057778,-1.129944,65,neutral,0.2609,3.926925,1.431111,1880.625,302.4045,1250,1,2.90251,1.057778,5.292812,1.928889,-0.548387,trend_down,39,303.2,ib_break_down,304.4,302.2,-3.108588,-1.13288,-2275.88,-1.210169,-3.417705,-1.245533,-2502.19,-1.330508,1.0,-2125.0,-3.926925,-1.431111,1250,-0.565,2026-06-09,2.568721,0.936133,commodity_futures,NATURALGAS,5.137442,1.872267,297.891,positional,NATURALGAS
SELL,0.85,-0.352,0.2214,1.307143,0.2214,0.07437,,10.0333,,602,297.7,open_drive_down_below_pval,open_drive,2026-06-10T04:32:00+00:00,301.5,stop_loss,2026-06-10T07:45:00+00:00,-17.163505,-2.907104,-1.085714,193,weak,0.037,12.195122,2.065574,4375.0,301.2,1250,1,21.228546,3.595628,21.228546,3.595628,-0.808511,trend_down,5,299.2,open_drive_down_below_pval,300.0,298.0,-17.704788,-2.998784,-4899.8,-1.119954,-18.516712,-3.136306,-5124.5,-1.171314,1.0,-4750.0,-6.775068,-1.147541,1250,-1.2765,2026-06-10,15.808491,2.677595,commodity_futures,NATURALGAS,31.616983,5.355191,290.7,positional,NATURALGAS
BUY,0.75,0.259,0.1857,1.707143,0.1857,0.061551,,13.9833,,839,301.7,ib_break_up,ib_break,2026-06-10T08:29:00+00:00,299.5,stop_loss,2026-06-10T09:17:00+00:00,-11.847065,-1.288703,-1.094527,48,neutral,0.4444,14.53958,1.58159,2512.5,299.69,1250,1,11.847065,1.288703,1.615509,0.175732,-7.333333,trend_up,20,294.2,ib_break_up,299.2,293.0,-12.494561,-1.359136,-2900.3,-1.154348,-13.465805,-1.464786,-3125.75,-1.24408,1.0,-2750.0,40.387722,4.393305,1250,-0.7292,2026-06-10,10.82391,1.177406,commodity_futures,NATURALGAS,21.647819,2.354812,305.72,positional,NATURALGAS
SELL,0.75,-0.841,0.3214,1.264286,0.3214,0.105585,,10.2667,,616,304.4,ib_break_down,ib_break,2026-06-11T04:46:00+00:00,299.8,trail_stop,2026-06-11T11:46:00+00:00,14.312383,3.638417,3.022339,420,neutral,0.25,6.222775,1.581921,1902.5,305.922,1250,1,4.667082,1.18644,22.71313,5.77401,0.630137,trend_down,6,306.0,ib_break_down,306.8,305.6,13.936403,3.542838,5598.95,2.942943,13.372433,3.399468,5372.38,2.82385,1.0,5750.0,-4.97822,-1.265537,1250,1.5112,2026-06-11,4.735532,1.203842,commodity_futures,NATURALGAS,9.471064,2.407683,301.356,positional,NATURALGAS
SELL,0.75,-0.462,0.1929,1.307143,0.1929,0.066701,,10.0667,,604,289.2,ib_break_down,ib_break,2026-06-15T04:34:00+00:00,290.8,stop_loss,2026-06-15T06:09:00+00:00,-8.294453,-1.224044,-1.106501,95,neutral,0.0345,15.033696,2.218579,1807.5,290.646,1250,1,8.294453,1.224044,0.518403,0.076503,-16.00001,trend_down,5,290.0,ib_break_down,290.2,289.2,-8.895801,-1.312787,-2145.0,-1.186722,-9.797823,-1.445901,-2362.5,-1.307054,1.0,-2000.0,-4.147227,-0.612022,1250,-0.5533,2026-06-15,7.496112,1.106229,commodity_futures,NATURALGAS,14.992224,2.212459,286.308,positional,NATURALGAS
BUY,0.75,0.853,0.4214,1.078571,0.4214,0.143921,,17.9167,,1075,292.8,ib_break_up,ib_break,2026-06-15T12:25:00+00:00,290.5,stop_loss,2026-06-15T12:50:00+00:00,-5.457997,-2.132451,-1.564626,25,strong,0.2069,6.881822,2.688742,1837.5,291.33,1250,1,5.457997,2.132451,0.711913,0.278146,-7.666663,trend_down,36,289.6,ib_break_up,291.2,288.0,-5.734836,-2.240613,-3020.82,-1.643986,-6.150095,-2.402855,-3239.56,-1.763027,1.0,-2875.0,7.593735,2.966887,1250,-0.7855,2026-06-15,3.488372,1.362914,commodity_futures,NATURALGAS,6.976744,2.725829,295.74,positional,NATURALGAS
BUY,0.75,0.934,0.4143,0.971429,0.4143,0.134078,,16.2667,,976,309.0,ib_break_up,ib_break,2026-06-17T10:46:00+00:00,306.4,stop_loss,2026-06-17T11:59:00+00:00,-6.275646,-2.676469,-1.181818,73,strong,0.25,9.654839,4.117647,2750.0,306.8,1250,1,7.24113,3.088234,6.517017,2.779411,-0.962963,trend_up,30,306.4,ib_break_up,307.4,305.2,-6.572725,-2.803169,-3403.85,-1.237764,-7.018344,-2.993219,-3634.62,-1.321682,1.0,-3250.0,6.275646,2.676471,1250,-0.8414,2026-06-17,5.310162,2.264705,commodity_futures,NATURALGAS,10.620323,4.52941,313.4,positional,NATURALGAS
SELL,0.75,-0.437,0.5357,1.821429,0.5357,0.176449,,18.0333,,1082,303.6,ib_break_down,ib_break,2026-06-17T12:32:00+00:00,296.9,trail_stop,2026-06-17T14:11:00+00:00,12.507,3.678431,4.1875,99,neutral,0.1,7.466866,2.196078,2000.0,305.2,1250,1,2.986746,0.878431,15.86709,4.666666,0.788235,trend_down,37,306.0,ib_break_down,308.0,304.4,12.282808,3.612493,8224.88,4.112438,11.946519,3.513587,7999.69,3.999844,1.0,8375.0,-4.480119,-1.317647,1250,2.2069,2026-06-17,2.986746,0.878431,commodity_futures,NATURALGAS,5.973493,1.756862,300.4,positional,NATURALGAS
SELL,0.75,-0.338,0.2357,1.357143,0.2357,0.079387,,10.1333,,608,296.9,ib_break_down,ib_break,2026-06-18T04:38:00+00:00,298.4,stop_loss,2026-06-18T07:48:00+00:00,-6.364022,-1.105263,-1.010441,190,neutral,0.2143,11.879508,2.063158,1855.625,298.3845,1250,1,8.061095,1.4,7.212558,1.252631,-0.882353,trend_down,5,298.6,ib_break_down,299.2,297.4,-6.869156,-1.192991,-2023.83,-1.090643,-7.626856,-1.324584,-2247.06,-1.210946,1.0,-1875.0,-7.212558,-1.252632,1250,-0.5052,2026-06-18,6.298261,1.093842,commodity_futures,NATURALGAS,12.596521,2.187684,293.931,positional,NATURALGAS
BUY,0.75,2.943,0.4643,2.285714,0.4643,0.15415,,20.6,,1236,301.2,ib_break_up,ib_break,2026-06-18T15:06:00+00:00,302.8,trail_stop,2026-06-19T11:41:00+00:00,3.446048,0.7,0.91954,665,neutral,0.3214,6.030584,1.225,2175.0,299.46,1250,1,1.723024,0.35,9.045876,1.8375,0.380952,trend_up,47,297.6,ib_break_up,298.8,296.6,3.185871,0.64715,1849.0,0.850115,2.795606,0.567875,1622.5,0.745977,1.0,2000.0,7.753608,1.575,1250,0.5312,2026-06-19,3.747577,0.76125,commodity_futures,NATURALGAS,7.495154,1.5225,304.68,positional,NATURALGAS
SELL,0.75,-0.315,0.2714,0.864286,0.2714,0.089957,,17.7167,,1063,301.7,ib_break_down,ib_break,2026-06-19T12:13:00+00:00,303.4,stop_loss,2026-06-19T12:36:00+00:00,-6.263817,-1.966941,-1.126947,23,neutral,0.1667,6.632277,2.082645,1885.625,303.2085,1250,1,6.263817,1.966941,4.421518,1.388429,-1.416667,trend_down,35,302.8,ib_break_down,303.6,302.4,-6.709727,-2.106965,-2276.28,-1.207173,-7.378592,-2.316999,-2503.19,-1.327511,1.0,-2125.0,-4.053058,-1.272727,1250,-0.5635,2026-06-19,5.558217,1.745371,commodity_futures,NATURALGAS,11.116433,3.490743,298.683,positional,NATURALGAS
BUY,0.75,0.505,0.3286,1.407143,0.3286,0.108021,,18.7167,,1123,304.2,ib_break_up,ib_break,2026-06-19T13:13:00+00:00,302.6,stop_loss,2026-06-19T14:11:00+00:00,-4.869142,-1.137056,-1.05194,58,neutral,0.2222,5.477785,1.279188,1901.25,302.679,1250,1,5.173463,1.208122,7.912355,1.847716,-0.615385,trend_up,39,303.0,ib_break_up,303.6,302.2,-5.238466,-1.223301,-2151.7,-1.131729,-5.792453,-1.35267,-2379.25,-1.251414,1.0,-2000.0,3.651856,0.852792,1250,-0.526,2026-06-19,4.628728,1.080914,commodity_futures,NATURALGAS,9.257456,2.161827,307.242,positional,NATURALGAS
BUY,0.75,0.64,0.2714,0.771429,0.2714,0.086241,,13.5167,,811,314.7,ib_break_up,ib_break,2026-06-22T08:01:00+00:00,311.5,stop_loss,2026-06-22T11:30:00+00:00,-11.790715,-4.148146,-1.059603,209,strong,0.1081,27.266028,9.592593,3775.0,311.68,1250,1,11.790715,4.148146,4.789978,1.685184,-2.461538,trend_up,19,309.8,ib_break_up,312.4,308.6,-12.252174,-4.310494,-4156.55,-1.101073,-12.944363,-4.554016,-4391.38,-1.163278,1.0,-4000.0,18.054532,6.351852,1250,-1.0168,2026-06-22,11.127487,3.914813,commodity_futures,NATURALGAS,22.254974,7.829625,320.74,positional,NATURALGAS
BUY,0.75,0.372,0.2571,1.185714,0.2571,0.083555,,10.1167,,607,307.7,ib_break_up,ib_break,2026-06-23T04:37:00+00:00,308.4,trail_stop,2026-06-23T07:01:00+00:00,2.722676,0.590362,0.454989,144,neutral,0.3571,5.445352,1.180723,1923.125,306.1615,1250,1,1.166861,0.253012,10.112797,2.192772,0.269231,trend_up,5,306.8,ib_break_up,306.8,306.0,2.243407,0.486441,720.98,0.374898,1.524504,0.33056,489.94,0.254761,1.0,875.0,3.500583,0.759036,1250,0.2275,2026-06-23,5.984053,1.29753,commodity_futures,NATURALGAS,8.168028,1.771085,309.8,positional,NATURALGAS
SELL,0.75,-0.297,0.2429,0.935714,0.2429,0.079587,,15.6333,,938,305.2,ib_break_down,ib_break,2026-06-23T10:08:00+00:00,304.0,trail_stop,2026-06-23T13:47:00+00:00,4.940305,1.282443,0.78637,219,weak,0.4286,5.763689,1.496183,1907.5,306.726,1250,1,5.763689,1.496184,12.350762,3.206108,0.4,trend_down,27,309.0,ib_break_down,310.0,307.0,4.438699,1.152232,1347.7,0.706527,3.686291,0.956916,1119.25,0.586763,1.0,1500.0,-15.644298,-4.061069,1250,0.3932,2026-06-23,6.282421,1.63084,commodity_futures,NATURALGAS,9.057225,2.351146,303.0,positional,NATURALGAS
SELL,0.75,-0.386,0.1286,,0.1286,0.042541,,11.35,,681,302.3,ib_break_down,ib_break,2026-06-24T05:51:00+00:00,303.9,stop_loss,2026-06-24T06:32:00+00:00,-12.44168,,-1.058551,41,weak,0.3077,10.108865,,1889.375,303.8115,1250,1,13.219285,,0.0,,,trend_down,10,303.2,ib_break_down,303.4,302.8,-13.384448,,-2151.55,-1.138763,-14.7986,,-2378.88,-1.25908,1.0,-2000.0,-6.998445,,1250,-0.5293,2026-06-24,11.753499,,commodity_futures,NATURALGAS,23.506998,,299.277,positional,NATURALGAS
BUY,0.75,0.394,0.2071,0.685714,0.2071,0.067991,,13.25,,795,304.6,ib_break_up,ib_break,2026-06-24T07:45:00+00:00,306.2,trail_stop,2026-06-24T12:13:00+00:00,7.725736,2.333334,1.050558,268,neutral,0.4615,6.277161,1.895833,1903.75,303.077,1250,1,2.414293,0.729167,18.831482,5.687502,0.410256,trend_up,18,303.2,ib_break_up,303.8,302.8,7.135876,2.155184,1847.3,0.970348,6.251086,1.887959,1618.25,0.850033,1.0,2000.0,6.760019,2.041667,1250,0.5253,2026-06-24,7.353935,2.221043,commodity_futures,NATURALGAS,14.707871,4.442085,307.646,positional,NATURALGAS
BUY,0.75,0.326,0.2,0.8,0.2,0.064144,,12.5333,,752,311.8,ib_break_up,ib_break,2026-06-25T07:02:00+00:00,314.8,trail_stop,2026-06-25T09:41:00+00:00,15.0,3.75,1.92431,159,strong,0.1538,13.0,3.25,1948.75,310.241,1250,1,0.5,0.125,23.5,5.875,0.638298,trend_up,15,310.6,ib_break_up,311.4,310.2,14.3734,3.59335,3593.35,1.843926,13.4335,3.358375,3358.38,1.723348,1.0,3750.0,6.0,1.5,1250,0.9622,2026-06-25,7.795,1.94875,commodity_futures,NATURALGAS,15.59,3.8975,314.918,positional,NATURALGAS
SELL,0.75,-8.719,0.8429,1.728571,0.8429,0.273314,,20.0167,,1201,308.4,ib_break_down,ib_break,2026-06-25T14:31:00+00:00,310.2,stop_loss,2026-06-25T15:17:00+00:00,-2.135485,-1.041323,-1.167315,46,neutral,0.1538,3.084589,1.504132,1927.5,309.942,1250,1,2.372761,1.157025,4.033693,1.966943,-0.529412,trend_down,45,314.2,ib_break_down,316.8,311.8,-2.282264,-1.112896,-2404.65,-1.247549,-2.502432,-1.220257,-2636.62,-1.367899,1.0,-2250.0,-6.881006,-3.355372,1250,-0.5837,2026-06-25,1.829399,0.892066,commodity_futures,NATURALGAS,3.658797,1.784133,305.316,positional,NATURALGAS
BUY,0.75,2.347,0.4857,2.385714,0.4857,0.155524,,21.1167,,1267,312.3,ib_break_up,ib_break,2026-06-25T15:37:00+00:00,310.6,stop_loss,2026-06-25T15:53:00+00:00,-3.500103,-0.712575,-1.011905,16,strong,0.3462,5.353099,1.08982,2100.0,310.62,1250,1,3.91188,0.796407,0.0,0.0,,trend_up,49,314.2,ib_break_up,316.4,310.8,-3.756599,-0.764794,-2280.72,-1.08606,-4.141342,-0.843123,-2514.31,-1.197292,1.0,-2125.0,-3.91188,-0.796407,1250,-0.5443,2026-06-25,3.458925,0.704192,commodity_futures,NATURALGAS,6.917851,1.408383,315.66,positional,NATURALGAS
BUY,0.75,0.985,0.4143,1.75,0.4143,0.130201,,18.0667,,1084,318.2,ib_break_up,ib_break,2026-06-26T12:34:00+00:00,316.6,stop_loss,2026-06-26T12:43:00+00:00,-3.861936,-0.914286,-1.005657,9,strong,0.1,7.24113,1.714286,1988.75,316.609,1250,1,4.103307,0.971429,2.896452,0.685714,-1.333333,trend_up,5,317.2,ib_break_up,317.8,315.8,-4.16838,-0.986834,-2158.7,-1.085456,-4.628047,-1.095657,-2396.75,-1.205154,1.0,-2000.0,2.41371,0.571429,1250,-0.5028,2026-06-26,3.840212,0.909143,commodity_futures,NATURALGAS,7.680425,1.818286,321.382,positional,NATURALGAS
SELL,0.75,-0.257,0.2286,1.207143,0.2286,0.073316,,12.4167,,745,311.8,ib_break_down,ib_break,2026-06-29T06:55:00+00:00,308.9,trail_stop,2026-06-29T10:06:00+00:00,12.685914,2.402367,1.860167,191,neutral,0.4615,5.686789,1.076923,1948.75,313.359,1250,1,0.437445,0.08284,20.55993,3.893491,0.617021,trend_down,14,312.8,ib_break_down,313.4,311.4,12.14287,2.299529,3469.82,1.780539,11.328303,2.145272,3237.06,1.661097,1.0,3625.0,-4.374453,-0.828402,1250,0.9301,2026-06-29,6.819773,1.291479,commodity_futures,NATURALGAS,13.639545,2.582958,308.682,positional,NATURALGAS
BUY,0.75,0.635,0.15,1.021429,0.15,0.049735,,10.1833,,611,301.6,ib_break_up,ib_break,2026-06-30T04:41:00+00:00,312.7,trail_stop,2026-06-30T12:46:00+00:00,74.0,10.867128,7.360743,485,neutral,0.0667,10.0,1.468531,1885.0,300.092,1250,1,6.666667,0.979021,85.333333,12.531463,0.867188,trend_down,5,301.0,ib_break_up,301.2,300.4,73.180933,10.746846,13721.42,7.279271,71.952333,10.566422,13491.06,7.157062,1.0,13875.0,4.0,0.587413,1250,3.6804,2026-06-30,10.053333,1.476363,commodity_futures,NATURALGAS,20.106667,2.952726,304.616,positional,NATURALGAS
SELL,0.75,-1.089,0.1786,1.214286,0.1786,0.057968,,11.05,,663,308.1,ib_break_down,ib_break,2026-07-01T05:33:00+00:00,309.7,stop_loss,2026-07-01T09:34:00+00:00,-8.958567,-1.317647,-1.038624,241,neutral,0.0357,15.677492,2.305882,1925.625,309.6405,1250,1,8.958567,1.317647,14.557671,2.141176,-0.615385,trend_down,9,309.2,ib_break_down,309.8,308.6,-9.650392,-1.419402,-2154.45,-1.118832,-10.68813,-1.572035,-2386.12,-1.239143,1.0,-2000.0,-6.159015,-0.905882,1250,-0.5193,2026-07-01,8.62542,1.268647,commodity_futures,NATURALGAS,17.25084,2.537294,305.019,positional,NATURALGAS
BUY,0.75,5.106,0.7786,1.721429,0.7786,0.250193,,18.5167,,1111,311.2,ib_break_up,ib_break,2026-07-01T13:01:00+00:00,309.6,stop_loss,2026-07-01T13:08:00+00:00,-2.05497,-0.92946,-1.028278,7,neutral,0.0714,3.596198,1.626556,1945.0,309.644,1250,1,2.311842,1.045643,0.89905,0.406639,-2.285713,trend_down,39,309.2,ib_break_up,309.8,307.4,-2.214436,-1.001586,-2155.2,-1.108072,-2.453635,-1.109776,-2388.0,-1.227763,1.0,-2000.0,2.568713,1.161826,1250,-0.5141,2026-07-01,1.998459,0.9039,commodity_futures,NATURALGAS,2.05497,0.92946,312.8,positional,NATURALGAS
SELL,0.75,-0.644,0.1786,0.678571,0.1786,0.058808,,12.7833,,767,303.7,ib_break_down,ib_break,2026-07-02T07:17:00+00:00,305.4,stop_loss,2026-07-02T10:03:00+00:00,-9.518477,-2.505265,-1.119526,166,weak,0.25,6.718925,1.768421,1898.125,305.2185,1250,1,9.518477,2.505265,3.359462,0.884211,-2.833334,trend_down,16,304.8,ib_break_down,305.4,304.2,-10.20056,-2.684789,-2277.28,-1.19975,-11.223684,-2.954076,-2505.69,-1.320086,1.0,-2125.0,-6.159015,-1.621053,1250,-0.5598,2026-07-02,8.50224,2.237791,commodity_futures,NATURALGAS,17.004479,4.475582,300.663,positional,NATURALGAS
BUY,0.75,0.44,0.2429,0.7,0.2429,0.079483,,16.0,,960,305.6,ib_break_up,ib_break,2026-07-02T10:30:00+00:00,304.6,value_migration_reversal,2026-07-02T10:39:00+00:00,-4.116921,-1.428571,-0.65445,9,neutral,0.3333,4.940305,1.714286,1910.0,304.072,1250,1,4.528613,1.571429,0.411692,0.142857,-10.000002,trend_up,29,304.8,ib_break_up,305.4,303.8,-4.61935,-1.602914,-1402.55,-0.734319,-5.372993,-1.864429,-1631.38,-0.854123,1.0,-1250.0,3.293536,1.142857,1250,-0.3272,2026-07-02,6.290655,2.182857,commodity_futures,NATURALGAS,9.880609,3.428571,308.0,positional,NATURALGAS
BUY,0.75,1.605,0.3071,1.514286,0.3071,0.100458,,21.7667,,1306,305.7,ib_break_up,ib_break,2026-07-02T16:16:00+00:00,310.3,trail_stop,2026-07-03T08:33:00+00:00,14.978834,3.037735,3.009486,407,neutral,0.4167,3.907522,0.792453,1910.625,304.1715,1250,1,2.930641,0.59434,20.51449,4.160377,0.730159,trend_up,52,304.6,ib_break_up,305.2,303.2,14.577662,2.956377,5596.0,2.928885,13.975904,2.834339,5365.0,2.807982,1.0,5750.0,3.581895,0.726415,1250,1.5047,2026-07-03,4.977206,1.009387,commodity_futures,NATURALGAS,7.489417,1.518868,308.0,positional,NATURALGAS
BUY,0.75,0.279,0.2143,0.842857,0.2143,0.069107,,15.05,,903,310.1,ib_break_up,ib_break,2026-07-03T09:33:00+00:00,310.7,hold_to_end,2026-07-03T17:58:00+00:00,2.799813,0.711865,0.226415,506,neutral,0.4571,16.332245,4.152542,3312.5,307.45,1250,1,7.932804,2.016949,8.39944,2.135594,0.333333,trend_up,25,310.0,ib_break_up,312.0,308.8,2.220439,0.564556,594.8,0.179562,1.351377,0.343593,362.0,0.109283,1.0,750.0,0.466636,0.118644,1250,0.1935,2026-07-03,12.365842,3.144068,commodity_futures,NATURALGAS,24.731685,6.288137,315.4,positional,NATURALGAS
