date,poc,vah,val,ibh,ibl,ibr,open_price,close_price,session_high,session_low,daily_move,daily_pct,close_pct_range,fa_up,fa_dn,ib_broken_up,ib_broken_dn,ib_ext_up_fail,ib_ext_dn_fail,ib_ext_up_reversal,ib_ext_dn_reversal,poor_high,poor_low,excess_high,excess_low,tail_high_buckets,tail_low_buckets,buyer_fail_score,seller_fail_score,net_failure,next_day_move,next_3d_move
2025-04-03,76300.0,76450.0,76250.0,76423.82,75807.55,616.2700000000041,75811.86,76272.54,76493.74,75807.55,460.679999999993,0.6076621784506976,0.6776403037059547,True,False,True,False,False,False,False,False,False,True,False,True,0,7,2.0,2.0,0.0,-754.8199999999924,1380.140000000014
2025-04-04,75450.0,75750.0,75250.0,76258.12,75488.98,769.1399999999994,76160.09,75405.27,76258.12,75240.55,-754.8199999999924,-0.9910965178743781,0.16187584146545436,False,False,False,True,False,False,False,False,True,False,True,False,5,0,2.0,0.0,2.0,1875.1100000000006,1929.25
2025-04-07,72450.0,72850.0,72100.0,73149.12,71425.01,1724.1100000000006,71449.94,73325.05,73403.99,71425.01,1875.1100000000006,2.624368893801731,0.960110764131016,False,False,True,False,False,False,False,False,True,True,True,True,6,11,2.0,2.0,0.0,259.8500000000058,446.3899999999994
2025-04-08,74200.0,74700.0,73900.0,74421.65,73797.13,624.5199999999895,74013.73,74273.58,74859.39,73424.92,259.8500000000058,0.3510835084247285,0.5916192043054249,True,True,True,True,False,True,False,False,False,True,False,True,1,3,3.0,6.0,-3.0,-205.7100000000064,116.36000000000058
2025-04-09,73850.0,73950.0,73750.0,74103.83,73673.06,430.7700000000041,74103.83,73898.12,74103.83,73673.06,-205.7100000000064,-0.2775969879019835,0.5224597813218087,False,False,False,False,False,False,False,False,False,False,False,False,1,1,0.0,0.0,0.0,392.25,347.74000000000524
2025-04-11,75100.0,75350.0,74950.0,75319.35,74762.84,556.5100000000093,74835.49,75227.74,75467.33,74762.84,392.25,0.5241497049060546,0.6599100058198204,True,False,True,False,False,False,False,False,False,True,False,False,1,2,2.0,1.0,1.0,-70.17999999999302,1484.5099999999948
2025-04-15,76750.0,76850.0,76650.0,76907.63,76435.07,472.5599999999977,76852.06,76781.88,76907.63,76435.07,-70.17999999999302,-0.0913183068872754,0.7338962248180112,False,False,False,False,False,False,False,False,False,True,False,True,1,3,0.0,5.0,-5.0,25.669999999998254,2017.609999999986
2025-04-16,76700.0,76900.0,76550.0,77000.63,76569.59,431.04000000000815,76996.78,77022.45,77110.23,76543.77,25.669999999998254,0.03333905651638712,0.845037601948946,False,True,True,True,False,True,False,True,True,False,False,False,2,1,1.0,7.0,-6.0,1529.0199999999895,1732.3899999999849
2025-04-17,76950.0,78200.0,76650.0,77099.1,76665.77,433.33000000000175,76968.02,78497.04,78616.77,76665.77,1529.0199999999895,1.9865653293406658,0.9386314710404867,False,False,True,False,False,False,False,False,False,False,False,False,0,0,0.0,0.0,0.0,462.91999999999825,57.83999999999651
2025-04-21,79450.0,79650.0,79150.0,79260.64,78776.06,484.58000000000175,78903.09,79366.01,79635.05,78776.06,462.91999999999825,0.5866943867470821,0.686794956867942,False,False,True,False,False,False,False,False,False,True,False,False,0,2,0.0,1.0,-1.0,-259.5500000000029,-661.5199999999895
2025-04-22,79600.0,79750.0,79550.0,79728.39,79253.44,474.9499999999971,79728.39,79468.84,79824.3,79253.44,-259.5500000000029,-0.32554275835747204,0.37732543881160696,True,False,True,False,True,False,False,False,False,True,False,True,1,3,6.0,2.0,4.0,-145.52999999999884,-1019.589999999982
2025-04-23,80000.0,80150.0,79750.0,80254.55,79718.3,536.25,80142.09,79996.56,80254.55,79506.9,-145.52999999999884,-0.1815899735083011,0.6549321206446838,False,True,False,True,False,True,False,False,False,True,False,False,1,2,0.0,5.0,-5.0,-256.4399999999878,-67.27999999998428
2025-04-24,79850.0,80050.0,79800.0,80173.92,79829.11,344.8099999999977,80058.43,79801.99,80173.92,79724.55,-256.4399999999878,-0.32031604916557543,0.17233015110043645,False,False,False,True,False,False,False,False,True,False,False,False,2,0,1.0,0.0,1.0,-617.6199999999953,33.95000000001164
2025-04-25,79250.0,79600.0,78800.0,80130.66,78905.49,1225.1699999999985,79830.15,79212.53,80130.66,78605.81,-617.6199999999953,-0.7736675930084003,0.39788831688362714,False,True,False,True,False,False,False,False,False,False,False,False,1,0,0.0,2.0,-2.0,806.7799999999988,296.9600000000064
2025-04-28,80200.0,80350.0,79900.0,80062.25,79341.35,720.8999999999942,79343.63,80150.41,80321.88,79341.35,806.7799999999988,1.016817607160145,0.8251251873986504,False,False,True,False,False,False,False,False,False,True,False,True,0,4,0.0,2.0,-2.0,-155.20999999999185,-308.0199999999895
2025-04-29,80300.0,80450.0,80200.0,80661.31,80122.02,539.2899999999936,80396.92,80241.71,80661.31,80122.02,-155.20999999999185,-0.193054659307834,0.22193995809305522,False,False,False,False,False,False,False,False,False,False,False,False,1,1,2.0,0.0,2.0,-354.6100000000006,2.3700000000098953
2025-04-30,80300.0,80450.0,80200.0,80478.73,80055.87,422.8600000000006,80370.8,80016.19,80525.61,79879.15,-354.6100000000006,-0.4412174570864052,0.21198527364416483,True,False,True,True,True,False,True,False,False,True,False,True,0,4,7.0,2.0,5.0,201.8000000000029,-62.70999999999185
2025-05-02,80400.0,80750.0,80250.0,81177.93,80235.36,942.5699999999924,80300.19,80501.99,81177.93,80168.59,201.8000000000029,0.2513070018887912,0.3303148592149423,False,True,False,True,False,False,False,False,False,False,False,False,1,0,1.0,2.0,-1.0,155.18000000000757,536.3699999999953
2025-05-05,80800.0,80950.0,80750.0,81009.64,80657.71,351.929999999993,80661.62,80816.8,81049.03,80657.71,155.18000000000757,0.19238393674712656,0.40654707145047425,True,False,True,False,True,False,False,False,False,False,False,False,0,0,4.0,0.0,4.0,-419.6900000000023,-527.3100000000122
2025-05-06,80550.0,80700.0,80500.0,80981.58,80549.66,431.91999999999825,80907.24,80487.55,80981.58,80481.03,-419.6900000000023,-0.518729844201832,0.013025671761070895,False,False,False,True,False,False,False,False,True,False,True,False,3,1,2.0,0.0,2.0,800.8799999999901,483.40999999998894
2025-05-07,80600.0,80800.0,80500.0,80844.63,79937.48,907.1500000000088,79948.8,80749.68,80844.63,79937.48,800.8799999999901,1.0017411143131478,0.8953315328225644,False,False,False,False,False,False,False,False,False,True,False,True,0,9,0.0,4.0,-4.0,-908.5,1283.5399999999936
2025-05-08,80750.0,80850.0,80450.0,80927.99,80657.3,270.6900000000023,80912.34,80003.84,80927.99,79987.61,-908.5,-1.1228200791127783,0.017258980412169382,False,False,False,True,False,False,False,False,True,True,False,True,2,6,3.0,2.0,1.0,591.0299999999988,1135.4799999999814
2025-05-09,79450.0,79750.0,79350.0,80032.93,78968.34,1064.5899999999965,78968.34,79559.37,80032.93,78968.34,591.0299999999988,0.7484391846149975,0.5551714744643486,False,False,False,False,False,False,False,False,True,True,True,True,3,6,2.0,2.0,0.0,1601.0099999999948,680.3699999999808
2025-05-12,81700.0,82400.0,81550.0,81830.65,80651.07,1179.5799999999872,80803.8,82404.81,82495.97,80651.07,1601.0099999999948,1.981354837272498,0.9505881077565159,False,False,True,False,False,False,False,False,False,True,False,True,1,13,0.0,2.0,-2.0,-1056.5600000000122,188.0799999999872
2025-05-13,81750.0,82150.0,81300.0,82572.81,81468.82,1103.9899999999907,82249.6,81193.04,82572.81,81043.69,-1056.5600000000122,-1.2845776757577083,0.09767055561368089,False,False,False,True,False,False,False,False,True,False,True,False,9,1,2.0,0.0,2.0,135.91999999999825,1151.5099999999948
2025-05-14,81200.0,81600.0,81150.0,81664.2,81184.89,479.3099999999977,81278.49,81414.41,81691.87,80910.03,135.91999999999825,0.16722751616079268,0.645119205975656,True,True,True,True,True,False,False,False,False,True,False,False,0,2,4.0,5.0,-1.0,1108.7200000000012,702.2799999999988
2025-05-15,81100.0,81900.0,80800.0,81439.04,80762.16,676.8799999999901,81354.43,82463.15,82718.14,80762.16,1108.7200000000012,1.3628268306962525,0.8696356813464321,False,False,True,False,False,False,False,False,False,False,False,False,1,1,0.0,0.0,0.0,-93.13000000000466,-1336.1699999999983
2025-05-16,82250.0,82400.0,82200.0,82514.81,82201.49,313.31999999999243,82392.63,82299.5,82514.81,82146.95,-93.13000000000466,-0.11303195443573612,0.4146958081879048,False,True,False,True,False,False,False,False,False,False,False,False,1,0,0.0,2.0,-2.0,-313.3099999999977,-974.0199999999895
2025-05-19,82200.0,82400.0,82150.0,82380.08,82116.0,264.08000000000175,82354.92,82041.61,82424.1,81964.57,-313.3099999999977,-0.3804387157439989,0.16764955498007483,True,False,True,True,True,False,True,False,False,False,False,False,1,0,7.0,0.0,7.0,-929.7299999999959,-974.1499999999942
2025-05-20,81800.0,82300.0,81500.0,82250.42,81804.36,446.0599999999977,82116.17,81186.44,82250.42,81153.7,-929.7299999999959,-1.132213058646057,0.029852651542786858,False,False,False,True,False,False,False,False,True,False,True,False,3,0,2.0,0.0,2.0,269.0200000000041,754.4799999999959
2025-05-21,81600.0,81750.0,81350.0,81786.25,81255.73,530.5200000000041,81327.61,81596.63,82021.64,81237.06,269.0200000000041,0.3307855720830897,0.4582961584542127,True,True,True,True,False,True,False,False,True,False,False,False,2,1,3.0,6.0,-3.0,-313.4400000000023,741.0499999999884
2025-05-22,80800.0,81000.0,80600.0,81323.24,80727.11,596.1300000000047,81323.05,81009.61,81323.24,80489.92,-313.4400000000023,-0.38542578026771296,0.6236379782076489,False,True,False,True,False,False,False,False,True,False,True,False,6,1,2.0,2.0,0.0,798.8999999999942,567.9199999999983
2025-05-23,81750.0,81900.0,81450.0,81625.65,80897.0,728.6499999999942,80897.0,81695.9,81905.17,80897.0,798.8999999999942,0.9875520723883384,0.7924258805558543,False,False,True,False,False,False,False,False,False,True,False,True,1,6,0.0,2.0,-2.0,255.5899999999965,-340.6999999999971
2025-05-26,82100.0,82250.0,82000.0,82492.24,81867.23,625.0100000000093,81928.95,82184.54,82492.24,81867.23,255.5899999999965,0.311965428581712,0.5076878769939568,False,False,False,False,False,False,False,False,False,False,False,False,0,1,0.0,0.0,0.0,-486.56999999999243,-391.9699999999866
2025-05-27,81550.0,81950.0,81300.0,82091.54,81261.96,829.5799999999872,82038.2,81551.63,82410.52,81121.7,-486.56999999999243,-0.593101750160282,0.3335842088111647,True,True,True,True,True,False,False,False,True,False,True,False,4,1,6.0,2.0,4.0,-109.72000000000116,34.76000000000931
2025-05-28,81350.0,81500.0,81300.0,81613.36,81259.1,354.25999999999476,81457.61,81347.89,81613.36,81244.02,-109.72000000000116,-0.13469582522738044,0.28123138571504935,False,True,False,True,False,False,False,False,True,False,False,False,2,1,1.0,2.0,-1.0,204.32000000000698,202.1700000000128
2025-05-29,81300.0,81600.0,81200.0,81816.89,81436.89,380.0,81591.03,81795.35,81816.89,81106.98,204.32000000000698,0.2504196846148492,0.969658125677912,False,True,False,True,False,True,False,False,False,True,False,False,0,2,0.0,5.0,-5.0,-59.83999999999651,-791.3600000000006
2025-05-30,81400.0,81550.0,81350.0,81698.21,81414.02,284.1900000000023,81465.69,81405.85,81698.21,81286.45,-59.83999999999651,-0.07345423576476981,0.28997474256850114,False,False,False,True,False,False,False,False,False,False,False,False,0,0,0.0,0.0,0.0,57.69000000000233,-541.8600000000006
2025-06-02,81200.0,81400.0,80950.0,81285.85,80654.26,631.5900000000111,81214.42,81272.11,81474.26,80654.26,57.69000000000233,0.07103418333838046,0.7534756097561046,True,False,True,False,False,False,False,False,False,False,False,False,1,0,3.0,0.0,3.0,-789.2100000000064,-353.4400000000023
2025-06-03,81100.0,81300.0,80700.0,81774.23,80948.2,826.0299999999988,81492.5,80703.29,81774.23,80575.09,-789.2100000000064,-0.9684449489216879,0.10690995213235915,False,False,False,True,False,False,False,False,True,False,True,False,4,1,4.0,0.0,4.0,189.6600000000035,1177.7599999999948
2025-06-04,80900.0,81050.0,80850.0,80967.68,80705.18,262.5,80777.65,80967.31,81087.29,80705.18,189.6600000000035,0.23479266851660516,0.6860066473005267,True,False,True,False,False,False,False,False,False,False,False,False,1,0,3.0,0.0,3.0,246.11000000000058,876.9099999999889
2025-06-05,81300.0,81600.0,81250.0,81461.99,80983.73,478.2600000000093,81196.08,81442.19,81911.13,80983.73,246.11000000000058,0.30310576569706393,0.4943497951261614,True,False,True,False,False,False,False,False,True,True,True,True,5,5,4.0,2.0,2.0,741.9899999999907,330.4399999999878
2025-06-06,82150.0,82300.0,81550.0,81607.34,81140.11,467.2299999999959,81434.24,82176.23,82299.89,81140.11,741.9899999999907,0.9111523604812799,0.8933763299936164,False,False,True,False,False,False,False,False,False,False,False,False,0,1,0.0,0.0,0.0,-111.19000000000233,-434.0100000000093
2025-06-09,82450.0,82600.0,82450.0,82669.0,82434.77,234.22999999999593,82574.55,82463.36,82669.0,82369.24,-111.19000000000233,-0.1346540792532352,0.31398452095008333,False,True,False,True,False,False,False,False,False,False,False,False,1,1,0.0,3.0,-3.0,-300.3600000000006,-1247.7000000000116
2025-06-10,82450.0,82550.0,82350.0,82680.79,82240.4,440.3899999999994,82643.73,82343.37,82680.79,82240.4,-300.3600000000006,-0.3634395494975851,0.23381548173210404,False,False,False,False,False,False,False,False,True,True,False,False,2,2,3.0,1.0,2.0,-22.460000000006403,-212.68000000000757
2025-06-11,82450.0,82700.0,82450.0,82563.25,82308.91,254.3399999999965,82473.02,82450.56,82783.51,82308.91,-22.460000000006403,-0.02723314848905303,0.2984618626211479,True,False,True,False,False,False,False,False,False,True,False,False,0,2,2.0,1.0,1.0,-924.8800000000047,549.5899999999965
2025-06-12,82150.0,82700.0,81850.0,82661.04,82254.56,406.4799999999959,82571.67,81646.79,82661.04,81523.16,-924.8800000000047,-1.1200936107989639,0.10864941821632437,False,False,False,True,False,False,False,False,False,True,False,False,1,2,0.0,1.0,-1.0,734.6600000000035,1139.8099999999977
2025-06-13,81000.0,81200.0,80850.0,80914.02,80354.59,559.4300000000076,80427.81,81162.47,81238.68,80354.59,734.6600000000035,0.9134402640081876,0.9137983689443471,False,False,True,False,False,False,False,False,False,True,False,True,1,6,0.0,2.0,-2.0,739.8099999999977,520.1100000000006
2025-06-16,81700.0,81900.0,81350.0,81409.06,81012.31,396.75,81034.45,81774.26,81865.82,81012.31,739.8099999999977,0.9129573903444741,0.892725334208139,False,False,True,False,False,False,False,False,False,False,False,False,0,1,0.0,0.0,0.0,-334.6600000000035,-383.5200000000041
2025-06-17,81550.0,81650.0,81450.0,81890.15,81471.89,418.2599999999947,81869.47,81534.81,81890.15,81427.01,-334.6600000000035,-0.4087726474838588,0.23275899296109825,False,True,False,True,False,False,False,False,True,False,True,False,3,0,2.0,2.0,0.0,114.9600000000064,919.6599999999889
2025-06-18,81300.0,81600.0,81250.0,81858.97,81304.1,554.8699999999953,81314.62,81429.58,81858.97,81237.01,114.9600000000064,0.14137679054517677,0.3096179818637935,False,True,False,True,False,False,False,False,True,False,False,False,2,1,1.0,2.0,-1.0,-163.82000000000698,961.3599999999715
2025-06-19,81400.0,81500.0,81350.0,81583.94,81191.04,392.90000000000873,81403.94,81240.12,81583.94,81191.04,-163.82000000000698,-0.20124333048253804,0.12491728175108337,False,False,False,False,False,False,False,False,False,False,False,False,0,1,0.0,0.0,0.0,968.5199999999895,751.5099999999802
2025-06-20,82150.0,82500.0,81850.0,81777.19,81323.2,453.9900000000053,81354.85,82323.37,82494.49,81323.2,968.5199999999895,1.1904883359750396,0.8539046692108626,False,False,True,False,False,False,False,False,True,True,True,True,4,3,2.0,2.0,0.0,156.65999999998894,68.88999999998487
2025-06-23,81800.0,82050.0,81650.0,81984.44,81476.76,507.6800000000076,81704.07,81860.73,82169.67,81476.76,156.65999999998894,0.19174075416315114,0.5541412304628296,True,False,True,False,False,False,False,False,False,False,False,False,1,0,3.0,2.0,1.0,-373.66999999999825,738.2399999999907
2025-06-24,82650.0,83000.0,82300.0,82835.39,82360.04,475.3500000000058,82534.61,82160.94,83018.16,81900.12,-373.66999999999825,-0.4527434006170239,0.23328324567994443,True,False,True,True,True,False,True,False,False,False,False,False,1,0,7.0,1.0,6.0,285.8999999999942,1369.479999999996
2025-06-25,82600.0,82800.0,82550.0,82614.01,82339.57,274.4399999999878,82448.8,82734.7,82815.91,82339.57,285.8999999999942,0.3467606563103334,0.829512533064603,False,False,True,False,False,False,False,False,False,True,False,True,0,3,0.0,2.0,-2.0,826.0099999999948,654.2299999999959
2025-06-26,83150.0,83500.0,82950.0,83380.98,82816.26,564.7200000000012,82882.92,83708.93,83812.09,82816.26,826.0099999999948,0.9965985754362838,0.8964080214494409,False,False,True,False,False,False,False,False,True,True,False,True,2,3,1.0,2.0,-1.0,257.570000000007,-216.55999999999767
2025-06-27,83950.0,84050.0,83800.0,83985.09,83645.41,339.679999999993,83774.45,84032.02,84089.35,83645.41,257.570000000007,0.3074565097115015,0.8708609271523147,False,False,True,False,False,False,False,False,False,False,False,False,1,1,0.0,0.0,0.0,-429.3500000000058,-874.5900000000111
2025-06-30,83750.0,83950.0,83550.0,84099.53,83734.82,364.70999999999185,84027.33,83597.98,84099.53,83482.13,-429.3500000000058,-0.5109647063639959,0.1876417233559967,False,False,False,True,False,False,False,False,False,False,False,False,1,0,0.0,0.0,0.0,-44.779999999998836,-728.9300000000076
2025-07-01,83650.0,83750.0,83600.0,83874.29,83597.51,276.77999999999884,83685.66,83640.88,83874.29,83572.51,-44.779999999998836,-0.05350976499438355,0.22655576910335395,False,True,False,True,False,False,False,False,False,False,False,False,1,0,0.0,2.0,-2.0,-400.4600000000064,-523.1500000000087
2025-07-02,83500.0,83850.0,83300.0,83935.01,83649.74,285.2699999999895,83790.72,83390.26,83935.01,83150.77,-400.4600000000064,-0.4779288207572467,0.3053784555748158,False,False,False,True,False,False,False,False,True,False,False,False,2,0,3.0,0.0,3.0,-283.6900000000023,-113.58000000000175
2025-07-03,83600.0,83800.0,83400.0,83778.41,83348.49,429.91999999999825,83540.74,83257.05,83850.09,83186.74,-283.6900000000023,-0.3395828191131684,0.10599231175095891,True,False,True,True,True,False,True,False,False,False,False,False,1,0,7.0,0.0,7.0,161.0,492.0200000000041
2025-07-04,83200.0,83350.0,83100.0,83441.95,83102.55,339.3999999999942,83306.81,83467.81,83477.86,83015.83,161.0,0.19326151127380822,0.9782481657035194,False,True,True,True,False,True,False,True,False,False,False,False,1,0,0.0,9.0,-9.0,9.110000000000582,222.09000000001106
2025-07-07,83350.0,83450.0,83300.0,83516.82,83262.23,254.59000000001103,83398.08,83407.19,83516.82,83262.23,9.110000000000582,0.010923512867443209,0.5693860717231631,False,False,False,False,False,False,False,False,False,False,False,False,1,0,0.0,0.0,0.0,321.9100000000035,-293.0399999999936
2025-07-08,83450.0,83600.0,83400.0,83561.8,83320.95,240.85000000000585,83387.03,83708.94,83812.31,83320.95,321.9100000000035,0.38604324917196775,0.789624715076532,False,False,True,False,False,False,False,False,True,False,True,False,5,1,2.0,0.0,2.0,-108.92999999999302,-978.0999999999913
2025-07-09,83650.0,83800.0,83600.0,83741.78,83519.41,222.36999999999537,83625.89,83516.96,83781.36,83382.28,-108.92999999999302,-0.13025870337522627,0.33747619524909034,True,False,True,True,True,False,True,False,False,True,False,False,0,2,9.0,2.0,7.0,-506.0200000000041,-1155.5499999999884
2025-07-10,83300.0,83400.0,83150.0,83742.28,83330.28,412.0,83658.2,83152.18,83742.28,83134.97,-506.0200000000041,-0.6048659904229401,0.02833808104591052,False,False,False,True,False,False,False,False,True,False,True,False,5,1,2.0,0.0,2.0,-363.1499999999942,-266.25999999999476
2025-07-11,82500.0,82800.0,82450.0,83040.74,82791.83,248.9100000000035,82820.76,82457.61,83040.74,82442.25,-363.1499999999942,-0.438477019529879,0.025664589216194838,False,False,False,True,False,False,False,False,False,False,False,False,0,1,0.0,0.0,0.0,-286.3799999999901,186.11000000000058
2025-07-14,82100.0,82300.0,82050.0,82537.87,82109.44,428.429999999993,82537.87,82251.49,82537.87,82010.38,-286.3799999999901,-0.346968003899289,0.4570892339191356,False,True,False,True,False,False,False,False,True,False,True,False,3,0,2.0,2.0,0.0,383.2699999999895,-9.59000000001106
2025-07-15,82550.0,82700.0,82400.0,82462.38,82221.74,240.63999999999945,82233.16,82616.43,82743.62,82221.74,383.2699999999895,0.46607718832644823,0.7562849697248318,False,False,True,False,False,False,False,False,False,False,False,False,1,1,0.0,0.0,0.0,89.22000000000116,-846.3899999999994
2025-07-16,82350.0,82650.0,82350.0,82634.96,82371.52,263.4400000000023,82534.66,82623.88,82784.75,82342.94,89.22000000000116,0.10810003942586201,0.635884203616948,True,True,True,True,False,True,False,False,False,False,False,False,1,1,3.0,4.0,-1.0,-482.08000000000175,-608.5800000000017
2025-07-17,82450.0,82600.0,82350.0,82757.09,82455.49,301.59999999999127,82753.53,82271.45,82757.09,82219.27,-482.08000000000175,-0.5825491673889945,0.09702130824438242,False,False,False,True,False,False,False,False,True,False,True,False,3,1,4.0,0.0,4.0,-453.52999999999884,-473.8799999999901
2025-07-18,81700.0,81900.0,81600.0,82334.75,81885.15,449.6000000000058,82193.62,81740.09,82334.75,81608.13,-453.52999999999884,-0.5517824862805639,0.1816079931738635,False,False,False,True,False,False,False,False,True,False,True,False,4,0,2.0,0.0,2.0,327.02999999999884,208.36000000001513
2025-07-21,82050.0,82200.0,81900.0,82153.61,81518.66,634.9499999999971,81918.53,82245.56,82274.03,81518.66,327.02999999999884,0.39921370659361055,0.9623098613924285,False,False,True,False,False,False,False,False,True,False,False,False,2,1,1.0,0.0,1.0,-347.3799999999901,-751.2599999999802
2025-07-22,82250.0,82400.0,82200.0,82538.17,82245.64,292.52999999999884,82527.43,82180.05,82538.17,82110.63,-347.3799999999901,-0.4209267149116241,0.1623707723253948,False,False,False,True,False,False,False,False,True,False,False,False,2,0,3.0,0.0,3.0,228.7100000000064,-1017.6999999999825
2025-07-23,82350.0,82650.0,82300.0,82475.45,82279.73,195.72000000000116,82451.87,82680.58,82786.43,82279.73,228.7100000000064,0.2773860677750625,0.7910992697848986,False,False,True,False,False,False,False,False,False,False,False,False,1,1,0.0,0.0,0.0,-632.5899999999965,-1677.7199999999866
2025-07-24,82200.0,82500.0,82050.0,82784.24,82456.37,327.8700000000099,82779.95,82147.36,82784.24,82047.22,-632.5899999999965,-0.7641826311806138,0.13587148245637684,False,False,False,True,False,False,False,False,True,False,True,False,4,1,4.0,0.0,4.0,-613.8199999999924,-362.3799999999901
2025-07-25,81500.0,81750.0,81400.0,82069.51,81721.69,347.81999999999243,82065.76,81451.94,82069.51,81397.69,-613.8199999999924,-0.7479611472555576,0.08075079634425979,False,False,False,True,False,False,False,False,False,False,False,False,1,1,0.0,0.0,0.0,-431.3099999999977,121.31999999999243
2025-07-28,81250.0,81600.0,81050.0,81478.05,81093.51,384.54000000000815,81299.97,80868.66,81557.41,80776.44,-431.3099999999977,-0.530516800928706,0.11808392127738714,True,False,True,True,True,False,True,False,False,False,False,False,0,1,7.0,0.0,7.0,682.75,1055.409999999989
2025-07-29,80900.0,81100.0,80600.0,80990.72,80575.45,415.2700000000041,80620.25,81303.0,81429.88,80575.45,682.75,0.8468715986368188,0.8515033414088884,False,False,True,False,False,False,False,False,True,False,False,False,2,1,1.0,2.0,-1.0,-130.1200000000099,-117.43000000000757
2025-07-30,81450.0,81600.0,81350.0,81618.96,81307.27,311.6900000000023,81594.52,81464.4,81618.96,81187.06,-130.1200000000099,-0.15947149391896648,0.6421393841166726,False,True,False,True,False,True,False,False,False,True,False,False,0,2,0.0,5.0,-5.0,502.77999999999884,289.8000000000029
2025-07-31,80900.0,81600.0,80900.0,81050.83,80695.15,355.68000000000757,80695.5,81198.28,81803.27,80695.15,502.77999999999884,0.6230582870172424,0.45403927372486746,False,False,True,False,False,False,False,False,False,True,False,True,1,3,1.0,2.0,-1.0,-490.0899999999965,-420.36999999999534
2025-08-01,80850.0,81100.0,80750.0,81183.52,80892.69,290.83000000000175,81074.41,80584.32,81317.51,80495.57,-490.0899999999965,-0.6044940690903535,0.10797625130788296,True,False,True,True,True,False,True,False,False,True,False,True,1,5,7.0,2.0,5.0,277.1100000000006,-71.33999999999651
2025-08-04,80900.0,81050.0,80700.0,80902.93,80500.51,402.41999999999825,80765.83,81042.94,81093.19,80500.51,277.1100000000006,0.3431030176994412,0.9152156306944736,False,False,True,False,False,False,False,False,False,False,False,False,0,1,0.0,0.0,0.0,-207.38999999999942,96.74000000000524
2025-08-05,80650.0,80750.0,80550.0,81010.49,80558.94,451.5500000000029,80946.43,80739.04,81010.49,80554.4,-207.38999999999942,-0.25620648124938855,0.40483237957419577,False,True,False,True,False,False,False,False,True,False,True,False,3,0,2.0,3.0,-1.0,-141.05999999999767,-336.63999999998487
2025-08-06,80600.0,80750.0,80500.0,80834.43,80544.95,289.4799999999959,80694.98,80553.92,80834.43,80448.82,-141.05999999999767,-0.17480641298876048,0.2725551723243564,False,True,False,True,False,False,False,False,False,False,False,False,0,1,0.0,2.0,-2.0,445.1900000000023,433.25000000001455
2025-08-07,80150.0,80350.0,79950.0,80421.84,80204.54,217.3000000000029,80262.98,80708.17,80737.55,79811.29,445.1900000000023,0.5546641801737269,0.9682810441992482,False,True,True,True,False,True,False,True,True,False,True,False,6,1,2.0,9.0,-7.0,-640.7699999999895,-252.30999999998312
2025-08-08,80100.0,80250.0,79950.0,80550.4,80102.99,447.40999999998894,80478.01,79837.24,80550.4,79775.84,-640.7699999999895,-0.7962050751503293,0.07927081181575206,False,False,False,True,False,False,False,False,True,True,True,True,4,4,4.0,2.0,2.0,628.8300000000017,476.2700000000041
2025-08-11,80050.0,80400.0,79900.0,80059.46,79772.46,287.0,79885.36,80514.19,80636.05,79772.46,628.8300000000017,0.7871655081732144,0.8588913720631306,False,False,True,False,False,False,False,False,False,False,False,False,1,1,0.0,2.0,-2.0,-240.36999999999534,-230.47999999999593
2025-08-12,80550.0,80750.0,80400.0,80997.67,80398.23,599.4400000000023,80508.51,80268.14,80997.67,80164.36,-240.36999999999534,-0.29856471073678464,0.1245394871056379,False,False,False,True,False,False,False,False,False,False,False,False,1,1,2.0,0.0,2.0,87.80999999999767,-7.379999999990105
2025-08-13,80450.0,80600.0,80350.0,80563.38,80330.33,233.0500000000029,80492.17,80579.98,80683.74,80319.0,87.80999999999767,0.10909135633937769,0.7155233865218845,False,True,True,True,False,True,False,True,False,False,False,False,1,0,1.0,7.0,-6.0,-77.91999999999825,292.68000000000757
2025-08-14,80600.0,80700.0,80550.0,80741.34,80489.86,251.47999999999593,80625.28,80547.36,80751.18,80489.86,-77.91999999999825,-0.09664462560625929,0.22003673656819864,True,False,True,False,True,False,False,False,False,False,False,False,1,1,6.0,0.0,6.0,-17.269999999989523,530.0900000000111
2025-08-18,81400.0,81650.0,81350.0,81765.77,81315.79,449.9800000000105,81315.79,81298.52,81765.77,81202.42,-17.269999999989523,-0.021238187564788492,0.1705866690334691,False,False,False,True,False,False,False,False,False,False,False,False,1,0,0.0,0.0,0.0,387.86999999999534,308.1899999999878
2025-08-19,81450.0,81700.0,81400.0,81512.36,81315.44,196.91999999999825,81319.11,81706.98,81755.88,81315.44,387.86999999999534,0.47697275585037185,0.8889746617019152,False,False,True,False,False,False,False,False,False,False,False,False,1,0,0.0,2.0,-2.0,159.49000000000524,-701.6200000000099
2025-08-20,81800.0,82000.0,81650.0,81713.4,81494.5,218.89999999999415,81671.47,81830.96,81985.62,81494.5,159.49000000000524,0.1952823917581075,0.6850871477439517,False,False,True,False,False,False,False,False,False,False,False,False,0,0,1.0,0.0,1.0,-239.1700000000128,-695.140000000014
2025-08-21,82100.0,82200.0,82000.0,82231.17,81921.22,309.9499999999971,82220.46,81981.29,82231.17,81921.22,-239.1700000000128,-0.29088866688414633,0.19380545249231487,False,False,False,False,False,False,False,False,False,False,False,False,0,0,2.0,0.0,2.0,-621.9400000000023,-1013.2799999999988
2025-08-22,81450.0,81650.0,81350.0,81993.61,81551.86,441.75,81951.48,81329.54,81993.61,81291.77,-621.9400000000023,-0.758912468694894,0.053815684486477985,False,False,False,True,False,False,False,False,True,False,True,False,5,1,2.0,0.0,2.0,165.97000000000116,-941.570000000007
2025-08-25,81550.0,81750.0,81500.0,81639.11,81387.2,251.9100000000035,81501.06,81667.03,81799.06,81364.86,165.97000000000116,0.20364152319000658,0.6959235375403047,False,True,True,True,False,True,False,True,False,False,False,False,0,1,0.0,7.0,-7.0,-557.3099999999977,-1245.9200000000128
2025-08-26,81050.0,81150.0,80900.0,81450.28,80947.26,503.0200000000041,81377.39,80820.08,81450.28,80685.98,-557.3099999999977,-0.6848462453760162,0.17545466439880322,False,False,False,True,False,False,False,False,True,True,True,True,6,4,2.0,2.0,0.0,-550.2300000000105,-140.89000000001397
2025-08-28,80200.0,80550.0,80150.0,80775.71,80093.52,682.1900000000023,80754.66,80204.43,80775.71,80013.02,-550.2300000000105,-0.681360060212018,0.25096697216429786,False,True,False,True,False,False,False,False,True,False,True,False,3,0,2.0,2.0,0.0,-138.38000000000466,55.720000000001164
2025-08-29,80150.0,80300.0,80000.0,80277.68,79944.67,333.00999999999476,80010.83,79872.45,80310.74,79741.76,-138.38000000000466,-0.17295158667895916,0.22969172905901775,True,False,True,True,True,False,True,False,False,True,False,True,1,3,7.0,2.0,5.0,547.7200000000012,445.0
2025-09-01,80150.0,80350.0,80050.0,80233.22,79818.38,414.8399999999965,79828.99,80376.71,80406.84,79818.38,547.7200000000012,0.6861166601256025,0.948798558950497,False,False,True,False,False,False,False,False,False,True,False,True,1,4,0.0,4.0,-4.0,-353.61999999999534,-812.0299999999988
2025-09-02,80650.0,80800.0,80250.0,80748.94,80414.97,333.97000000000116,80520.09,80166.47,80761.14,80008.5,-353.61999999999534,-0.43916990157362634,0.20988786139455953,True,False,True,True,True,False,True,False,False,False,False,False,0,0,9.0,0.0,9.0,250.89999999999418,-725.6100000000006
2025-09-03,80150.0,80350.0,80050.0,80317.62,80004.6,313.0199999999895,80295.99,80546.89,80671.28,80004.6,250.89999999999418,0.3124689041133862,0.8134187316253664,False,False,True,False,False,False,False,False,True,False,True,False,4,0,2.0,0.0,2.0,-709.3099999999977,-1039.479999999996
2025-09-04,80900.0,81050.0,80650.0,81456.67,80973.7,482.9700000000011,81456.67,80747.36,81456.67,80608.94,-709.3099999999977,-0.8707819752513792,0.163283120804972,False,False,False,True,False,False,False,False,True,False,True,False,4,0,2.0,0.0,2.0,-267.1999999999971,-352.820000000007
2025-09-05,80450.0,80800.0,80350.0,81036.56,80485.1,551.4599999999919,81012.42,80745.22,81036.56,80321.19,-267.1999999999971,-0.32982596989448915,0.5927422173141194,False,True,False,True,False,False,False,False,False,False,False,False,1,0,0.0,2.0,-2.0,-62.970000000001164,-159.60000000000582
2025-09-08,80950.0,81050.0,80800.0,81048.67,80786.71,261.95999999999185,80904.4,80841.43,81171.38,80733.07,-62.970000000001164,-0.07783260242953556,0.24722228559692136,True,True,True,True,True,False,False,False,False,False,False,False,1,1,4.0,2.0,2.0,-22.65000000000873,218.2399999999907
2025-09-09,81000.0,81150.0,81000.0,81162.07,80970.87,191.20000000001164,81129.69,81107.04,81181.37,80927.97,-22.65000000000873,-0.027918262722326108,0.7066692975532618,True,True,True,True,False,True,False,False,False,False,False,False,0,0,2.0,7.0,-5.0,-73.97999999999593,380.02999999999884
2025-09-10,81450.0,81550.0,81350.0,81593.37,81360.01,233.36000000000055,81504.36,81430.38,81643.88,81235.42,-73.97999999999593,-0.09076815031735225,0.47730499926554215,True,True,True,True,True,False,False,False,False,True,False,False,0,2,4.0,4.0,0.0,314.86999999999534,343.25999999999476
2025-09-11,81450.0,81600.0,81400.0,81583.88,81216.91,366.9700000000011,81217.3,81532.17,81642.22,81216.91,314.86999999999534,0.3876883373369902,0.7412475606028461,True,False,True,False,False,False,False,False,False,True,False,True,0,3,2.0,4.0,-2.0,139.13999999999942,598.8399999999965
2025-09-12,81900.0,82000.0,81750.0,81836.66,81641.38,195.27999999999884,81758.95,81898.09,81992.85,81641.38,139.13999999999942,0.17018320318448246,0.7303895069280195,False,False,True,False,False,False,False,False,False,False,False,False,0,0,0.0,0.0,0.0,-110.75,665.1600000000035
2025-09-15,81850.0,81950.0,81800.0,81998.51,81821.85,176.65999999998894,81925.51,81814.76,81998.51,81744.7,-110.75,-0.1351837785324742,0.27603325322090666,False,False,False,True,False,False,False,False,False,False,False,False,0,1,0.0,0.0,0.0,570.4499999999971,679.6699999999983
2025-09-16,82100.0,82300.0,82050.0,82168.32,81779.94,388.38000000000466,81852.11,82422.56,82443.48,81779.94,570.4499999999971,0.6969276662507504,0.9684721343099159,False,False,True,False,False,False,False,False,True,True,False,True,2,3,1.0,2.0,-1.0,205.4600000000064,-132.5799999999872
2025-09-17,82650.0,82750.0,82600.0,82720.76,82490.47,230.2899999999936,82506.4,82711.86,82741.95,82490.47,205.4600000000064,0.2490231060863235,0.8803483378399992,True,False,True,False,False,False,False,False,False,False,False,False,0,1,2.0,0.0,2.0,-96.24000000000524,-300.5599999999977
2025-09-18,82950.0,83100.0,82850.0,83141.21,82920.76,220.45000000001164,83108.92,83012.68,83141.21,82704.92,-96.24000000000524,-0.11579984434884395,0.7054023699832428,False,True,False,True,False,False,False,False,False,False,False,False,1,0,0.0,5.0,-5.0,-241.79999999998836,-200.17999999999302
2025-09-19,82600.0,82750.0,82550.0,82978.63,82575.41,403.2200000000011,82946.04,82704.24,82978.63,82485.92,-241.79999999998836,-0.2915148209606973,0.44310040388870564,False,True,False,True,False,False,False,False,True,False,True,False,4,1,2.0,2.0,0.0,37.479999999995925,-136.10000000000582
2025-09-22,82400.0,82550.0,82250.0,82583.16,82151.07,432.0899999999965,82151.07,82188.55,82583.16,81997.29,37.479999999995925,0.04562326455394424,0.32645467424515007,False,True,False,True,False,False,False,False,False,True,False,True,0,3,0.0,4.0,-4.0,4.139999999999418,-552.8999999999942
2025-09-23,82100.0,82350.0,81950.0,82307.5,81881.34,426.1600000000035,82147.37,82151.51,82370.38,81776.53,4.139999999999418,0.005039723121993338,0.631438915551052,True,True,True,True,False,True,False,False,False,False,False,False,1,0,2.0,4.0,-2.0,-177.72000000000116,-1019.429999999993
2025-09-24,81750.0,81900.0,81700.0,82045.47,81701.52,343.9499999999971,81917.65,81739.93,82045.47,81607.84,-177.72000000000116,-0.2169495829042962,0.30183031327832893,False,True,False,True,False,False,False,False,False,False,False,False,1,0,0.0,3.0,-3.0,-379.31999999999243,-886.5199999999895
2025-09-25,81500.0,81700.0,81400.0,81840.73,81492.37,348.3600000000006,81574.31,81194.99,81840.73,81092.89,-379.31999999999243,-0.46499933618806266,0.13652652973899002,False,False,False,True,False,False,False,False,False,True,False,True,1,3,0.0,2.0,-2.0,-462.3899999999994,-698.6600000000035
2025-09-26,80800.0,81050.0,80550.0,81033.09,80708.34,324.75,80956.01,80493.62,81033.09,80332.41,-462.3899999999994,-0.5711620422004486,0.23007649711707692,False,False,False,True,False,False,False,False,False,False,False,False,1,0,0.0,0.0,0.0,-44.80999999999767,624.9599999999919
2025-09-29,80550.0,80700.0,80350.0,80768.22,80448.6,319.61999999999534,80588.77,80543.96,80851.38,80248.84,-44.80999999999767,-0.05560328070523681,0.4897932087496364,True,True,True,True,True,False,False,False,True,True,False,False,2,2,5.0,4.0,1.0,-191.4600000000064,1182.5299999999843
2025-09-30,80350.0,80500.0,80300.0,80677.82,80328.08,349.74000000000524,80541.77,80350.31,80677.82,80201.15,-191.4600000000064,-0.23771516320041935,0.31292088866511314,False,True,False,True,False,False,False,False,True,False,True,False,3,0,2.0,2.0,0.0,861.2299999999959,1883.679999999993
2025-10-01,80800.0,81100.0,80500.0,80525.46,80159.9,365.5600000000122,80173.24,81034.47,81068.43,80159.9,861.2299999999959,1.0742112954397203,0.9626209371182108,False,False,True,False,False,False,False,False,False,True,False,False,1,2,0.0,3.0,-3.0,512.7599999999948,1090.479999999996
2025-10-03,80900.0,81050.0,80800.0,81018.61,80649.57,369.0399999999936,80684.14,81196.9,81251.99,80649.57,512.7599999999948,0.6355152326095249,0.9085521729026075,False,False,True,False,False,False,False,False,False,True,False,True,1,3,0.0,2.0,-2.0,509.6900000000023,452.4400000000023
2025-10-06,81650.0,81850.0,81450.0,81471.59,81155.88,315.70999999999185,81274.79,81784.48,81846.42,81155.88,509.6900000000023,0.6271194302686016,0.9103020824282404,False,False,True,False,False,False,False,False,False,False,False,False,0,1,0.0,0.0,0.0,68.02999999999884,161.35000000000582
2025-10-07,82100.0,82200.0,81900.0,82211.77,81787.48,424.29000000000815,81883.95,81951.98,82309.56,81787.48,68.02999999999884,0.08308099450502673,0.31508581060373786,True,False,True,False,True,False,False,False,False,True,False,False,1,2,5.0,1.0,4.0,-125.27999999999884,488.7700000000041
2025-10-08,81850.0,82100.0,81750.0,82257.74,81849.98,407.7600000000093,81899.51,81774.23,82257.74,81646.08,-125.27999999999884,-0.1529679481598838,0.20951182029230855,False,False,False,True,False,False,False,False,True,False,False,False,2,1,1.0,0.0,1.0,218.60000000000582,908.4799999999959
2025-10-09,81950.0,82150.0,81850.0,82009.32,81667.68,341.64000000001397,81900.0,82118.6,82247.73,81667.68,218.60000000000582,0.266910866910874,0.7773812602362047,False,False,True,False,False,False,False,False,False,False,False,False,1,1,0.0,0.0,0.0,395.4499999999971,243.97000000000116
2025-10-10,82500.0,82650.0,82450.0,82551.66,82072.93,478.7300000000105,82075.45,82470.9,82654.11,82072.93,395.4499999999971,0.4818127710539475,0.6847620358580749,True,False,True,False,False,False,False,False,False,True,False,True,1,5,2.0,2.0,0.0,294.429999999993,276.320000000007
2025-10-13,82150.0,82300.0,82100.0,82329.5,82043.14,286.3600000000006,82049.16,82343.59,82438.5,82043.14,294.429999999993,0.35884584315060997,0.7599403075677779,False,False,True,False,False,False,False,False,False,False,False,False,0,0,0.0,0.0,0.0,-445.90999999998894,572.5000000000146
2025-10-14,82050.0,82300.0,81850.0,82573.37,82107.58,465.7899999999936,82404.54,81958.63,82573.37,81781.62,-445.90999999998894,-0.5411230983147154,0.22356804546890977,False,False,False,True,False,False,False,False,False,False,False,False,0,0,2.0,0.0,2.0,427.8000000000029,1630.9199999999983
2025-10-15,82450.0,82700.0,82350.0,82412.47,82084.37,328.1000000000058,82197.25,82625.05,82727.02,82084.37,427.8000000000029,0.5204553680323891,0.8413288726367388,False,False,True,False,False,False,False,False,False,True,False,False,0,2,0.0,1.0,-1.0,590.6100000000006,1311.5399999999936
2025-10-16,83000.0,83400.0,82900.0,83061.94,82791.35,270.5899999999965,82794.79,83385.4,83615.48,82791.35,590.6100000000006,0.7133419868569032,0.7208207443000443,False,False,True,False,False,False,False,False,False,True,False,False,0,2,1.0,1.0,0.0,612.5099999999948,43.36000000000058
2025-10-17,83950.0,84200.0,83750.0,83813.59,83206.08,607.5099999999948,83331.78,83944.29,84172.24,83206.08,612.5099999999948,0.735025700879058,0.7640659932102232,False,False,True,False,False,False,False,False,False,True,False,True,0,4,0.0,2.0,-2.0,108.41999999999825,-1000.2699999999895
2025-10-20,84350.0,84550.0,84300.0,84656.56,84239.7,416.8600000000006,84269.3,84377.72,84656.56,84196.79,108.41999999999825,0.12865895409122688,0.39352284838072504,False,True,False,True,False,False,False,False,True,False,False,False,2,1,1.0,2.0,-1.0,-677.5699999999924,-597.1399999999849
2025-10-23,85100.0,85300.0,84850.0,85272.4,84867.97,404.429999999993,85154.15,84476.58,85290.06,84445.25,-677.5699999999924,-0.795698154464571,0.03708526177483912,True,False,True,True,True,False,True,False,False,True,False,True,0,5,9.0,2.0,7.0,-431.11999999999534,166.6999999999971
2025-10-24,84350.0,84500.0,84100.0,84707.44,84392.15,315.29000000000815,84667.23,84236.11,84707.44,83957.15,-431.11999999999534,-0.5091934624529412,0.3718029028775585,False,False,False,True,False,False,False,False,True,False,False,False,2,1,1.0,1.0,0.0,511.5500000000029,970.6499999999942
2025-10-27,84750.0,84850.0,84600.0,84809.56,84294.2,515.3600000000006,84297.39,84808.94,84932.08,84294.2,511.5500000000029,0.6068396660916819,0.8069542860726179,True,False,True,False,False,False,False,False,False,True,False,True,1,5,2.0,2.0,0.0,86.26999999998952,176.59999999999127
2025-10-28,84450.0,84700.0,84300.0,84986.94,84472.81,514.1300000000047,84625.71,84711.98,84986.94,84219.39,86.26999999998952,0.10194301471738261,0.6417692658458662,False,True,False,True,False,False,False,False,False,False,False,False,1,0,0.0,2.0,-2.0,372.83000000000175,-334.31999999999243
2025-10-29,84950.0,85050.0,84800.0,84916.1,84638.68,277.4200000000128,84663.68,85036.51,85105.83,84638.68,372.83000000000175,0.4403659278689537,0.8516108316386478,False,False,True,False,False,False,False,False,False,False,False,False,1,1,0.0,0.0,0.0,-282.5,-535.179999999993
2025-10-30,84500.0,84750.0,84450.0,84906.95,84467.03,439.91999999999825,84750.9,84468.4,84906.95,84312.65,-282.5,-0.33332979354791514,0.26207302709069363,False,True,False,True,False,False,False,False,True,False,True,False,4,0,2.0,3.0,-1.0,-424.6499999999942,-801.5699999999924
2025-10-31,84100.0,84450.0,84000.0,84712.79,84258.91,453.8799999999901,84379.79,83955.14,84712.79,83905.66,-424.6499999999942,-0.5032603186142016,0.06130363138527441,False,False,False,True,False,False,False,False,True,False,False,False,2,1,1.0,0.0,1.0,171.97000000000116,-525.0599999999977
2025-11-03,83900.0,84050.0,83800.0,84006.47,83609.54,396.9300000000076,83835.1,84007.07,84127.0,83609.54,171.97000000000116,0.20512887799978904,0.7682332933946749,False,False,True,False,False,False,False,False,False,False,False,False,1,1,0.0,2.0,-2.0,-548.8899999999994,-593.2599999999948
2025-11-04,83750.0,83900.0,83600.0,84068.01,83752.1,315.90999999998894,84000.64,83451.75,84068.01,83412.77,-548.8899999999994,-0.6534354976343031,0.05948965264635321,False,False,False,True,False,False,False,False,True,False,True,False,4,1,2.0,0.0,2.0,-148.13999999999942,272.5500000000029
2025-11-06,83450.0,83600.0,83350.0,83846.35,83382.69,463.6600000000035,83516.69,83368.55,83846.35,83237.65,-148.13999999999942,-0.17737771935166421,0.2150484639395535,False,False,False,True,False,False,False,False,True,True,False,False,2,2,1.0,1.0,0.0,103.77000000000407,620.4900000000052
2025-11-07,83150.0,83400.0,82900.0,83150.15,82670.95,479.1999999999971,83150.15,83253.92,83390.11,82670.95,103.77000000000407,0.12479833169273186,0.8106262862228132,False,False,True,False,False,False,False,False,False,False,False,False,0,0,0.0,0.0,0.0,316.91999999999825,710.1600000000035
2025-11-10,83600.0,83750.0,83500.0,83552.87,83197.67,355.1999999999971,83198.2,83515.12,83754.49,83197.67,316.91999999999825,0.3809217026329875,0.5701124241226844,True,False,True,False,False,False,False,False,False,True,False,True,1,4,3.0,2.0,1.0,199.8000000000029,344.3700000000099
2025-11-11,83350.0,83750.0,83150.0,83726.51,83247.41,479.09999999999127,83671.52,83871.32,83936.47,83124.03,199.8000000000029,0.23879092909989313,0.9198094628526489,False,True,True,True,False,True,False,True,False,False,False,False,1,1,0.0,7.0,-7.0,193.44000000000233,738.4200000000128
2025-11-12,84450.0,84650.0,84350.0,84462.17,84166.75,295.41999999999825,84238.86,84432.3,84652.01,84166.75,193.44000000000233,0.22963273719516422,0.5472324114907592,True,False,True,False,False,False,False,False,False,False,False,False,1,1,3.0,0.0,3.0,-48.86999999999534,764.890000000014
2025-11-13,84450.0,84850.0,84450.0,84569.12,84253.05,316.06999999999243,84525.89,84477.02,84919.43,84253.05,-48.86999999999534,-0.05781660506620557,0.3360995227948085,True,False,True,False,False,False,False,False,False,False,False,False,1,0,2.0,0.0,2.0,593.8500000000058,397.3800000000192
2025-11-14,84150.0,84350.0,84100.0,84464.94,84042.75,422.1900000000023,84060.14,84653.99,84697.87,84029.32,593.8500000000058,0.7064584950727013,0.9343654176950252,False,True,True,True,False,True,False,True,True,False,True,False,4,0,2.0,9.0,-7.0,219.9100000000035,320.20000000001164
2025-11-17,84800.0,84900.0,84650.0,84844.69,84581.08,263.6100000000006,84700.5,84920.41,84988.09,84581.08,219.9100000000035,0.259632469702072,0.833714159357279,False,False,True,False,False,False,False,False,False,False,False,False,0,1,0.0,0.0,0.0,-416.3799999999901,267.8700000000099
2025-11-18,84750.0,84900.0,84650.0,85042.41,84564.01,478.40000000000873,85042.37,84625.99,85042.41,84558.36,-416.3799999999901,-0.48961476496949713,0.13971697138726216,False,True,False,True,False,False,False,False,False,False,False,False,1,0,2.0,2.0,0.0,516.6699999999983,552.5900000000111
2025-11-19,84900.0,85200.0,84750.0,84859.93,84525.98,333.9499999999971,84643.78,85160.45,85236.77,84525.98,516.6699999999983,0.6104051591268705,0.8926265141602919,False,False,True,False,False,False,False,False,False,True,False,False,0,2,0.0,3.0,-3.0,167.58000000000175,-501.8499999999767
2025-11-20,85600.0,85800.0,85400.0,85470.96,85201.22,269.74000000000524,85470.92,85638.5,85801.7,85201.22,167.58000000000175,0.1960666856048838,0.7282174260591556,False,False,True,False,False,False,False,False,False,False,False,False,1,1,1.0,0.0,1.0,-131.65999999998894,-1135.899999999965
2025-11-21,85300.0,85550.0,85250.0,85609.4,85289.28,320.11999999999534,85347.4,85215.74,85609.4,85187.84,-131.65999999998894,-0.15426363310421753,0.06618274978652834,False,False,False,True,False,False,False,False,False,False,False,False,1,0,0.0,0.0,0.0,-537.7699999999895,90.16000000001804
2025-11-24,85250.0,85450.0,85200.0,85450.36,85209.91,240.4499999999971,85320.04,84782.27,85473.47,84710.11,-537.7699999999895,-0.6302974072679638,0.0945294487528865,True,False,True,True,True,False,True,False,False,True,False,True,0,8,7.0,2.0,5.0,-466.4699999999866,657.7000000000116
2025-11-25,84950.0,85050.0,84800.0,85110.24,84775.76,334.4800000000105,85008.93,84542.46,85110.24,84536.73,-466.4699999999866,-0.5487305863042702,0.009991107391345198,False,False,False,True,False,False,False,False,False,True,False,True,0,3,0.0,2.0,-2.0,1094.3999999999942,1032.909999999989
2025-11-26,85400.0,85600.0,85100.0,85266.3,84478.13,788.1699999999983,84503.44,85597.84,85644.19,84478.13,1094.3999999999942,1.2950952055916236,0.9602507589660859,False,False,True,False,False,False,False,False,False,True,False,True,0,8,0.0,4.0,-4.0,29.770000000004075,-491.1200000000099
2025-11-27,85700.0,85950.0,85600.0,86026.18,85646.22,379.95999999999185,85745.05,85774.82,86055.86,85473.85,29.770000000004075,0.03471920536521242,0.5171216989398875,True,True,True,True,True,False,False,False,False,False,False,False,1,0,4.0,2.0,2.0,-91.26000000000931,-612.8800000000047
2025-11-28,85750.0,85900.0,85700.0,85926.67,85577.82,348.84999999999127,85791.55,85700.29,85969.89,85577.82,-91.26000000000931,-0.10637411260200955,0.31236768944318355,True,False,True,False,True,False,False,False,False,True,False,False,1,2,4.0,1.0,3.0,-429.63000000000466,-553.6299999999901
2025-12-01,85650.0,85950.0,85550.0,86159.02,85931.35,227.66999999999825,86065.92,85636.29,86159.02,85489.65,-429.63000000000466,-0.49918713469861786,0.21907166440085044,False,False,False,True,False,False,False,False,False,False,False,False,1,1,2.0,0.0,2.0,-91.98999999999069,19.850000000020373
2025-12-02,85250.0,85400.0,85150.0,85553.51,85250.7,302.8099999999977,85325.51,85233.52,85553.51,85053.0,-91.98999999999069,-0.10781066529809279,0.3606721144432798,False,False,False,True,False,False,False,False,True,False,False,False,2,0,1.0,1.0,0.0,-32.00999999999476,685.1000000000204
2025-12-03,84850.0,85050.0,84800.0,85269.68,84763.64,506.0399999999936,85150.64,85118.63,85269.68,84763.64,-32.00999999999476,-0.03759220130347201,0.7015058098174249,False,False,False,False,False,False,False,False,True,False,False,False,2,0,1.0,3.0,-2.0,143.85000000000582,82.47000000001572
2025-12-04,85200.0,85350.0,85050.0,85325.3,84949.98,375.320000000007,84987.56,85131.41,85487.21,84949.98,143.85000000000582,0.16926006582611128,0.3377138283416861,True,False,True,False,True,False,False,False,False,True,False,False,1,2,5.0,1.0,4.0,573.2600000000093,-117.30999999998312
2025-12-05,85600.0,85800.0,85350.0,85496.19,85078.12,418.070000000007,85125.48,85698.74,85796.72,85078.12,573.2600000000093,0.673429389179373,0.8636515446701988,False,False,True,False,False,False,False,False,False,True,False,False,0,2,0.0,1.0,-1.0,-634.6399999999994,-921.3600000000006
2025-12-08,85350.0,85600.0,85050.0,85722.97,85360.03,362.9400000000023,85624.84,84990.2,85722.97,84875.59,-634.6399999999994,-0.7411867864512207,0.13525218910052156,False,False,False,True,False,False,False,False,True,False,True,False,3,1,2.0,0.0,2.0,-55.929999999993015,48.429999999993015
2025-12-09,84600.0,84900.0,84600.0,84889.67,84382.96,506.70999999999185,84742.87,84686.94,84947.89,84382.96,-55.929999999993015,-0.06599965283214153,0.5380843644345311,True,False,True,False,False,False,False,False,False,False,False,False,0,0,2.0,0.0,2.0,-230.79000000000815,317.49999999998545
2025-12-10,84650.0,84900.0,84450.0,84959.08,84607.49,351.5899999999965,84607.49,84376.7,85020.34,84313.62,-230.79000000000815,-0.2727772683009603,0.08925741453475441,True,False,True,True,True,False,True,False,False,False,False,False,0,0,7.0,0.0,7.0,335.1499999999942,849.6199999999953
2025-12-11,84700.0,84900.0,84450.0,84540.57,84150.19,390.38000000000466,84456.75,84791.9,84906.93,84150.19,335.1499999999942,0.39683033031698967,0.8479927055527655,False,False,True,False,False,False,False,False,False,False,False,False,1,1,0.0,0.0,0.0,213.13999999999942,135.88999999999942
2025-12-12,85200.0,85300.0,85100.0,85282.76,85031.71,251.04999999998836,85051.03,85264.17,85320.82,84956.74,213.13999999999942,0.2506024912337916,0.8444023291584035,True,True,True,True,False,True,False,False,False,False,False,False,0,0,2.0,4.0,-2.0,301.33000000000175,-351.2299999999959
2025-12-15,85150.0,85250.0,85000.0,85156.83,84840.32,316.50999999999476,84891.75,85193.08,85278.63,84840.32,301.33000000000175,0.3549579317189265,0.804818507449058,False,False,True,False,False,False,False,False,False,False,False,False,0,1,0.0,2.0,-2.0,-378.58000000000175,-693.929999999993
2025-12-16,84800.0,84850.0,84700.0,85059.96,84716.7,343.2600000000093,85025.61,84647.03,85059.96,84620.61,-378.58000000000175,-0.4452540828580962,0.06013428929099329,False,False,False,True,False,False,False,False,True,False,True,False,3,1,2.0,0.0,2.0,-273.9799999999959,-159.20999999999185
2025-12-17,84500.0,84650.0,84400.0,84889.45,84569.95,319.5,84856.26,84582.28,84889.45,84415.98,-273.9799999999959,-0.32287541308089224,0.3512366147802448,False,True,False,True,False,False,False,False,False,False,False,False,0,0,2.0,2.0,0.0,-41.36999999999534,513.6800000000076
2025-12-18,84550.0,84700.0,84400.0,84570.6,84238.43,332.1700000000128,84518.33,84476.96,84780.19,84238.43,-41.36999999999534,-0.048947961939138335,0.4402872120496332,True,False,True,False,False,False,False,False,False,False,False,False,1,1,2.0,1.0,1.0,156.13999999999942,364.5500000000029
2025-12-19,84900.0,85050.0,84850.0,85014.83,84734.96,279.86999999999534,84756.79,84912.93,85067.5,84734.96,156.13999999999942,0.18422122876526995,0.5351837372947316,True,False,True,False,False,False,False,False,False,False,False,False,1,1,2.0,0.0,2.0,398.9100000000035,62.979999999995925
2025-12-22,85400.0,85500.0,85350.0,85461.19,85145.86,315.33000000000175,85145.9,85544.81,85601.33,85145.86,398.9100000000035,0.46850171294214227,0.8759084023096935,False,False,True,False,False,False,False,False,False,True,False,True,1,4,0.0,2.0,-2.0,-190.5,-480.09000000001106
2025-12-23,85500.0,85650.0,85450.0,85704.93,85342.99,361.9399999999878,85690.1,85499.6,85704.93,85342.99,-190.5,-0.2223127292417677,0.43269602696581166,False,False,False,False,False,False,False,False,False,True,False,False,0,2,2.0,1.0,1.0,-145.43000000000757,-586.660000000018
2025-12-24,85550.0,85650.0,85400.0,85685.65,85386.54,299.1100000000006,85533.11,85387.68,85738.18,85342.19,-145.43000000000757,-0.17002772376686356,0.11487663829892612,True,True,True,True,True,False,False,False,False,False,False,False,0,0,4.0,2.0,2.0,-144.1600000000035,-239.05000000001746
2025-12-26,85050.0,85250.0,85000.0,85378.51,85166.06,212.4499999999971,85225.28,85081.12,85378.51,84937.82,-144.1600000000035,-0.16915168832534608,0.3251718895368452,False,False,False,True,False,False,False,False,False,False,False,False,0,1,0.0,1.0,-1.0,-297.070000000007,320.1699999999837
2025-12-29,84750.0,85000.0,84650.0,85250.0,84975.04,274.9600000000064,85004.75,84707.68,85250.0,84637.86,-297.070000000007,-0.3494745881847861,0.11405887542064315,False,False,False,True,False,False,False,False,True,False,False,False,2,1,1.0,0.0,1.0,202.17999999999302,533.7999999999884
2025-12-30,84550.0,84750.0,84550.0,84709.35,84470.94,238.4100000000035,84600.99,84803.17,84804.82,84470.94,202.17999999999302,0.23898065495450233,0.9950581047082523,False,False,True,False,False,False,False,False,False,False,False,False,0,0,0.0,2.0,-2.0,415.0599999999977,882.5499999999884
2025-12-31,85300.0,85450.0,84900.0,84929.46,84705.57,223.88999999999945,84793.58,85208.64,85437.17,84705.57,415.0599999999977,0.48949460560575186,0.6876298523783467,False,False,True,False,False,False,False,False,False,False,False,False,0,0,1.0,0.0,1.0,-83.44000000000233,262.06999999999243
2026-01-01,85250.0,85350.0,85150.0,85451.7,85253.06,198.63999999999945,85255.55,85172.11,85451.7,85101.52,-83.44000000000233,-0.09787046121924299,0.20158204352046924,False,False,False,True,False,False,False,False,False,False,False,False,1,0,0.0,0.0,0.0,550.929999999993,41.94999999999709
2026-01-02,85600.0,85700.0,85450.0,85605.55,85068.88,536.6699999999983,85259.36,85810.29,85810.29,85068.88,550.929999999993,0.6461812521229259,1.0,False,False,True,False,False,False,False,False,True,True,False,True,2,5,1.0,2.0,-1.0,-205.41999999999825,-161.3299999999872
2026-01-05,85700.0,85850.0,85500.0,85800.87,85516.75,284.11999999999534,85640.05,85434.63,85883.5,85315.33,-205.41999999999825,-0.23986440923376182,0.20997236742524822,True,False,True,True,True,False,True,False,False,False,False,False,0,1,7.0,0.0,7.0,-303.5599999999977,-571.9099999999889
2026-01-06,85000.0,85250.0,84950.0,85397.78,85007.67,390.1100000000006,85331.14,85027.58,85397.78,84900.1,-303.5599999999977,-0.3557435187201269,0.2561485291753691,False,True,False,True,False,False,False,False,False,False,False,False,0,0,0.0,2.0,-2.0,347.65000000000873,-651.7799999999843
2026-01-07,84850.0,85000.0,84750.0,85039.48,84617.49,421.9899999999907,84620.4,84968.05,85075.99,84617.49,347.65000000000873,0.410834739613626,0.7645801526717506,True,False,True,False,False,False,False,False,False,True,False,False,0,2,2.0,3.0,-1.0,-616.0,-473.4399999999878
2026-01-08,84250.0,84700.0,84200.0,84965.27,84678.85,286.41999999999825,84778.02,84162.02,84965.27,84110.1,-616.0,-0.72660342857736,0.06071307459335379,False,False,False,True,False,False,False,False,True,True,False,False,2,2,1.0,1.0,0.0,-383.429999999993,-327.8799999999901
2026-01-09,83500.0,84100.0,83450.0,84406.22,84019.5,386.7200000000011,84022.09,83638.66,84406.22,83402.28,-383.429999999993,-0.45634427803449434,0.23545231786760573,False,False,False,True,False,False,False,False,True,False,True,False,3,1,2.0,0.0,2.0,525.9900000000052,63.8300000000163
2026-01-12,83050.0,83650.0,82950.0,83617.53,83043.45,574.0800000000017,83435.31,83961.3,83962.31,82861.07,525.9900000000052,0.6304165466635232,0.9990828520576852,False,True,True,True,False,True,False,True,False,False,False,False,1,1,0.0,9.0,-9.0,-470.4400000000023,-537.3499999999767
2026-01-13,83750.0,84000.0,83450.0,84258.03,83578.56,679.4700000000012,84079.32,83608.88,84258.03,83262.79,-470.4400000000023,-0.5595192729912686,0.3477452674731816,False,True,False,True,False,False,False,False,True,False,True,False,6,0,4.0,2.0,2.0,8.280000000013388,-421.24999999998545
2026-01-14,83400.0,83750.0,83350.0,83715.93,83288.13,427.7999999999883,83358.54,83366.82,83809.98,83185.2,8.280000000013388,0.009932995467547043,0.29069432440220594,True,True,True,True,True,False,False,False,False,False,False,False,1,1,7.0,2.0,5.0,-75.18999999998778,-1483.1699999999983
2026-01-16,83550.0,83900.0,83500.0,83871.67,83510.34,361.33000000000175,83670.79,83595.6,84134.97,83456.5,-75.18999999998778,-0.0898640971359154,0.20502011879671259,True,True,True,True,True,False,False,False,False,False,False,False,1,1,4.0,2.0,2.0,-354.34000000001106,-1283.570000000007
2026-01-19,83050.0,83300.0,82950.0,83539.93,82941.01,598.9199999999983,83494.49,83140.15,83539.93,82898.31,-354.34000000001106,-0.42438728591552694,0.376920918923971,False,True,False,True,False,False,False,False,True,False,False,False,2,1,1.0,2.0,-1.0,-1053.6399999999994,-1019.3899999999994
2026-01-20,82900.0,83050.0,82550.0,83254.28,82812.32,441.95999999999185,83207.38,82153.74,83254.28,82010.58,-1053.6399999999994,-1.2662819091287327,0.1151081450510604,False,False,False,True,False,False,False,False,True,True,True,True,5,9,2.0,2.0,0.0,124.41000000000349,-725.6999999999971
2026-01-21,81900.0,82300.0,81650.0,82282.25,81793.23,489.0200000000041,81794.65,81919.06,82407.05,81124.45,124.41000000000349,0.1521004124352919,0.6195306408856985,True,True,True,True,True,False,False,False,False,True,False,True,1,3,4.0,4.0,0.0,-90.16000000000349,-234.5799999999872
2026-01-22,82100.0,82450.0,81950.0,82783.18,82383.77,399.40999999998894,82459.66,82369.5,82783.18,81874.39,-90.16000000000349,-0.10933831160594586,0.5448013292399829,False,False,False,True,False,False,False,False,False,False,False,False,1,0,0.0,1.0,-1.0,-759.9499999999971,302.2900000000227
2026-01-23,82200.0,82550.0,81750.0,82516.27,82175.36,340.9100000000035,82335.94,81575.99,82516.27,81471.82,-759.9499999999971,-0.9229869726391622,0.09973670352817132,False,False,False,True,False,False,False,False,False,False,False,False,1,0,0.0,0.0,0.0,615.5300000000134,1225.6900000000169
2026-01-27,81550.0,81800.0,81350.0,81844.75,81088.59,756.1600000000035,81436.79,82052.32,82084.92,81088.59,615.5300000000134,0.7558377485163812,0.9672799172964869,False,False,True,False,False,False,False,False,True,False,True,False,4,1,2.0,2.0,0.0,446.7100000000064,924.0
2026-01-28,82250.0,82400.0,82000.0,82503.97,81887.93,616.0400000000081,81892.36,82339.07,82503.97,81814.75,446.7100000000064,0.5454843406637767,0.7607440294826123,False,True,False,True,False,True,False,False,False,False,False,False,1,1,0.0,4.0,-4.0,163.4499999999971,-1427.270000000004
2026-01-29,82000.0,82400.0,81750.0,82386.79,81707.94,678.8499999999913,82368.96,82532.41,82689.96,81707.94,163.4499999999971,0.19843640128514076,0.8395653856336915,False,False,True,False,False,False,False,False,False,False,False,False,1,0,1.0,0.0,1.0,313.8399999999965,-515.3799999999901
2026-01-30,82150.0,82300.0,82000.0,82272.68,81941.03,331.6499999999942,81947.31,82261.15,82430.82,81941.03,313.8399999999965,0.3829777939019554,0.6535862308336022,True,False,True,False,False,False,False,False,False,False,False,False,0,1,3.0,0.0,3.0,-1904.5599999999977,-2449.0299999999843
2026-02-01,82400.0,82750.0,81150.0,82499.5,82119.31,380.1900000000023,82388.97,80484.41,82726.65,79899.42,-1904.5599999999977,-2.311668661472522,0.20691277327985558,True,False,True,True,True,False,True,False,True,True,False,True,2,11,10.0,2.0,8.0,1075.340000000011,-82.99999999998545
2026-02-02,80950.0,81350.0,80700.0,81211.31,80480.61,730.6999999999971,80555.68,81631.02,81732.25,80387.25,1075.340000000011,1.334902765391604,0.924736059479557,False,True,True,True,False,True,False,True,True,True,True,False,5,2,2.0,10.0,-8.0,-1619.8099999999977,-1604.4999999999854
2026-02-03,83900.0,84350.0,83550.0,85871.73,83501.22,2370.5099999999948,85323.2,83703.39,85871.73,83501.22,-1619.8099999999977,-1.898440283533667,0.08528544490426056,False,False,False,False,False,False,False,False,True,False,True,False,34,1,2.0,0.0,2.0,461.47000000000116,297.09000000001106
2026-02-04,83700.0,83850.0,83550.0,83885.87,83119.95,765.9199999999983,83252.06,83713.53,83947.53,83119.95,461.47000000000116,0.5543046021924276,0.7172478793590958,True,False,True,False,False,False,False,False,False,True,False,True,0,8,2.0,4.0,-2.0,-446.15999999998894,-298.3999999999796
2026-02-05,83350.0,83550.0,83250.0,83784.17,83313.46,470.70999999999185,83757.54,83311.38,83784.17,83151.62,-446.15999999998894,-0.5326804010719381,0.2525650146233635,False,False,False,True,False,False,False,False,True,False,False,False,2,1,1.0,0.0,1.0,281.77999999999884,163.14000000001397
2026-02-06,83100.0,83450.0,83050.0,83331.35,82945.56,385.79000000000815,83249.32,83531.1,83612.12,82925.35,281.77999999999884,0.33847723921348405,0.8820274618868169,False,True,True,True,False,True,False,True,True,False,False,False,2,0,1.0,9.0,-8.0,-134.01999999998952,-259.8199999999779
2026-02-09,84000.0,84100.0,83950.0,84314.68,83860.42,454.2599999999947,84177.51,84043.49,84314.68,83860.42,-134.01999999998952,-0.15921117172507185,0.4030070884515676,False,False,False,False,False,False,False,False,True,False,True,False,4,0,2.0,0.0,2.0,15.380000000004657,-473.58999999998196
2026-02-10,84300.0,84450.0,84250.0,84400.13,84063.47,336.6600000000035,84210.0,84225.38,84482.95,84063.47,15.380000000004657,0.018263864149156463,0.38597787737199646,True,False,True,False,True,False,False,False,False,True,False,False,0,2,5.0,1.0,4.0,-141.17999999999302,-800.4299999999785
2026-02-11,84200.0,84350.0,84150.0,84487.34,84146.37,340.97000000000116,84339.15,84197.97,84487.34,84081.25,-141.17999999999302,-0.16739556896173724,0.28742397005590425,False,True,False,True,False,False,False,False,True,False,False,False,2,1,1.0,2.0,-1.0,-347.7899999999936,154.8400000000256
2026-02-12,83750.0,83950.0,83700.0,84061.62,83795.65,265.97000000000116,83968.43,83620.64,84061.62,83516.67,-347.7899999999936,-0.41419138121314597,0.19078814570144365,False,False,False,True,False,False,False,False,True,False,False,False,2,1,1.0,0.0,1.0,-311.45999999999185,739.0600000000268
2026-02-13,82800.0,83000.0,82750.0,83079.7,82791.52,288.179999999993,82902.73,82591.27,83079.7,82534.55,-311.45999999999185,-0.37569329743422425,0.10404475832340047,False,False,False,True,False,False,False,False,False,True,False,True,1,3,0.0,2.0,-2.0,814.0900000000111,1187.9400000000169
2026-02-16,82750.0,83000.0,82550.0,82884.78,82276.95,607.8300000000017,82480.4,83294.49,83333.49,82276.95,814.0900000000111,0.9870102472830042,0.9630870577545576,False,False,True,False,False,False,False,False,True,True,False,True,2,5,1.0,4.0,-3.0,236.43000000000757,-1247.7900000000081
2026-02-17,83450.0,83550.0,83250.0,83361.28,82987.43,373.8500000000058,83197.67,83434.1,83598.0,82987.43,236.43000000000757,0.28417863144485606,0.7315623106277866,False,False,True,False,False,False,False,False,False,False,False,False,0,1,0.0,0.0,0.0,137.41999999999825,-961.890000000014
2026-02-18,83350.0,83600.0,83250.0,83603.56,83182.56,421.0,83553.59,83691.01,83770.05,83163.62,137.41999999999825,0.16446929449709852,0.8696634401332269,False,True,True,True,False,True,False,True,True,False,False,False,2,0,1.0,7.0,-6.0,-1621.640000000014,-715.3300000000163
2026-02-19,82900.0,83700.0,82750.0,83979.36,83512.48,466.88000000000466,83969.82,82348.18,83979.36,82264.2,-1621.640000000014,-1.931217668443274,0.04896336201870132,False,False,False,True,False,False,False,False,True,True,True,True,5,6,4.0,2.0,2.0,522.3300000000017,177.08000000000175
2026-02-20,82850.0,83100.0,82650.0,82670.21,82206.21,464.0,82272.49,82794.82,83132.08,82206.21,522.3300000000017,0.6348780740682599,0.6357371985267949,False,False,True,False,False,False,False,False,False,False,False,False,0,0,1.0,2.0,-1.0,383.9799999999959,-600.3899999999994
2026-02-23,83150.0,83300.0,83050.0,83486.15,82906.83,579.3199999999924,82906.83,83290.81,83486.15,82906.83,383.9799999999959,0.4631464018103164,0.6628115721880842,False,False,False,False,False,False,False,False,False,False,False,False,0,1,0.0,0.0,0.0,-729.2299999999959,-1172.5999999999913
2026-02-24,82100.0,82600.0,82000.0,83079.51,82478.13,601.3799999999901,83052.54,82323.31,83079.51,81934.73,-729.2299999999959,-0.8780345549937377,0.33943639825992955,False,False,False,True,False,False,False,False,True,True,True,False,7,2,2.0,1.0,1.0,-255.13999999999942,-1347.3199999999924
2026-02-25,82650.0,83000.0,82300.0,82908.12,82488.26,419.8600000000006,82530.12,82274.98,82957.91,82132.63,-255.13999999999942,-0.30914773903151893,0.17248691353236656,True,False,True,True,True,False,True,False,False,False,False,False,1,0,7.0,0.0,7.0,-188.22999999999593,559.6800000000076
2026-02-26,82300.0,82500.0,82100.0,82579.16,82244.99,334.16999999999825,82418.78,82230.55,82579.16,81970.47,-188.22999999999593,-0.22838241478458665,0.42727825329806757,False,False,False,True,False,False,False,False,False,False,False,False,0,0,0.0,0.0,0.0,-903.9499999999971,1339.8300000000017
2026-02-27,81650.0,81900.0,81550.0,82246.17,81727.0,519.1699999999983,82220.48,81316.53,82246.17,81159.15,-903.9499999999971,-1.099421944508226,0.14478114478114854,False,False,False,True,False,False,False,False,True,True,True,True,6,8,2.0,2.0,0.0,1651.8600000000006,2640.4100000000035
2026-03-02,80000.0,80500.0,79600.0,80632.55,78543.73,2088.820000000007,78543.73,80195.59,80632.55,78543.73,1651.8600000000006,2.1031086758930355,0.7908101224614831,False,False,False,False,False,False,False,False,True,True,False,True,2,18,1.0,2.0,-1.0,591.9199999999983,317.8600000000006
2026-03-04,78700.0,79100.0,78500.0,78928.92,78443.2,485.7200000000011,78528.82,79120.74,79527.41,78443.2,591.9199999999983,0.7537614852738118,0.624915837337789,False,False,True,False,False,False,False,False,False,False,False,False,1,1,1.0,0.0,1.0,396.63000000000466,179.13999999999942
2026-03-05,79500.0,79700.0,79300.0,79666.46,79227.16,439.3000000000029,79530.48,79927.11,80303.83,79201.69,396.63000000000466,0.49871445513720614,0.6581922441795041,False,True,True,True,False,True,False,True,False,False,False,False,0,0,1.0,7.0,-6.0,-670.6900000000023,-300.11999999999534
2026-03-06,79400.0,79700.0,79300.0,79753.03,79443.47,309.5599999999977,79658.99,78988.3,79753.03,78812.18,-670.6900000000023,-0.841951423185258,0.18719243237498942,False,False,False,True,False,False,False,False,False,True,False,False,1,2,0.0,1.0,-1.0,453.1999999999971,-1070.7899999999936
2026-03-09,77050.0,77250.0,76650.0,77333.85,76424.55,909.3000000000028,77056.75,77509.95,77711.35,76424.55,453.1999999999971,0.588137963254351,0.843487721479633,False,False,True,False,False,False,False,False,True,True,True,False,4,2,2.0,1.0,1.0,-82.6299999999901,-1817.2299999999814
2026-03-10,78050.0,78250.0,77900.0,78526.25,77745.47,780.7799999999988,78375.73,78293.1,78526.25,77745.47,-82.6299999999901,-0.10542804513589872,0.701388355234516,False,False,False,False,False,False,False,False,True,False,True,False,4,1,2.0,3.0,-1.0,-1441.3600000000006,-2532.189999999988
2026-03-11,77150.0,77700.0,76900.0,78324.37,77679.65,644.7200000000012,78238.91,76797.55,78324.37,76759.26,-1441.3600000000006,-1.8422547042130322,0.024464734108150952,False,False,False,True,False,False,False,False,True,True,True,False,5,2,2.0,1.0,1.0,-293.2399999999907,-199.64999999997963
2026-03-12,76300.0,76500.0,76100.0,76369.65,75871.18,498.4700000000011,76369.65,76076.41,76681.71,75871.18,-293.2399999999907,-0.38397452391099174,0.25320469322542916,True,False,True,False,True,False,False,False,True,False,False,False,2,1,5.0,0.0,5.0,-797.5899999999965,273.2200000000157
2026-03-13,75200.0,75600.0,74700.0,75576.2,75083.85,492.34999999999127,75444.22,74646.63,75576.2,74454.6,-797.5899999999965,-1.0571916576246616,0.171210770328103,False,False,False,True,False,False,False,False,False,False,False,False,1,0,0.0,0.0,0.0,891.1800000000076,1381.5600000000122
2026-03-16,74550.0,75000.0,74150.0,74983.29,74384.61,598.679999999993,74415.79,75306.97,75805.27,73949.76,891.1800000000076,1.1975684192830685,0.7314484966397377,False,True,True,True,False,True,False,True,True,True,True,True,3,4,3.0,11.0,-8.0,179.63000000000466,243.73000000001048
2026-03-17,75550.0,76000.0,75400.0,75871.9,75324.73,547.1699999999983,75826.68,76006.31,76304.26,75324.73,179.63000000000466,0.23689550960163977,0.6958235071922274,False,False,True,False,False,False,False,False,False,False,False,False,1,0,1.0,0.0,1.0,310.75,100.5
2026-03-18,76700.0,76950.0,76500.0,76609.46,76187.92,421.54000000000815,76367.55,76678.3,77000.22,76187.92,310.75,0.4069136694839628,0.6036932167918293,False,False,True,False,False,False,False,False,False,False,False,False,1,1,1.0,0.0,1.0,-246.64999999999418,-1323.1399999999994
2026-03-19,74900.0,75200.0,74550.0,75354.18,74685.52,668.6599999999889,74750.92,74504.27,75354.18,73950.95,-246.64999999999418,-0.32996249410708817,0.39431882157594167,False,False,False,True,False,False,False,False,True,False,True,False,4,1,2.0,1.0,1.0,36.39999999999418,-1063.4200000000128
2026-03-20,74900.0,75200.0,74650.0,75204.64,74535.26,669.3800000000047,74559.38,74595.78,75286.39,74385.04,36.39999999999418,0.04882014845079744,0.23380484828313516,True,True,True,True,True,False,False,False,False,False,False,False,1,1,6.0,2.0,4.0,-1112.8899999999994,-466.66999999999825
2026-03-23,72700.0,73100.0,72600.0,73732.58,72825.4,907.1800000000076,73732.58,72619.69,73732.58,72558.44,-1112.8899999999994,-1.5093599057567215,0.052165840530090136,False,False,False,True,False,False,False,False,True,False,True,False,7,0,2.0,0.0,2.0,13.069999999992433,-573.4199999999983
2026-03-24,73450.0,74200.0,73300.0,74212.47,73262.39,950.0800000000016,74212.47,74225.54,74489.39,73084.46,13.069999999992433,0.017611595463663227,0.8121970489632885,False,True,True,True,False,True,False,True,False,False,False,False,1,1,0.0,7.0,-7.0,633.1500000000087,-1051.5599999999977
2026-03-25,75600.0,75800.0,75250.0,75321.22,74550.47,770.75,74652.01,75285.16,75849.76,74550.47,633.1500000000087,0.8481352344029435,0.565454979257907,True,False,True,False,False,False,False,False,False,True,False,True,0,8,2.0,2.0,0.0,-1219.6399999999994,-2201.5800000000017
2026-03-27,73950.0,74500.0,73900.0,74904.91,74189.04,715.8700000000099,74883.79,73664.15,74904.91,73534.41,-1219.6399999999994,-1.6287102989845994,0.09466618022618803,False,False,False,True,False,False,False,False,True,True,True,False,9,2,2.0,1.0,1.0,-465.070000000007,71.38999999999942
2026-03-30,72400.0,72950.0,72300.0,73165.32,72391.98,773.3400000000111,72565.22,72100.15,73165.32,71774.13,-465.070000000007,-0.6408993178825986,0.23434613532298892,False,False,False,True,False,False,False,False,True,True,True,True,4,4,2.0,2.0,0.0,-516.8699999999953,
2026-04-01,73500.0,73900.0,73300.0,73964.58,73546.51,418.070000000007,73762.43,73245.56,73964.58,72971.68,-516.8699999999953,-0.7007225765203171,0.2758384530164188,False,False,False,True,False,False,False,False,False,True,False,False,1,2,0.0,2.0,-2.0,1053.3300000000017,
2026-04-02,71650.0,72750.0,71550.0,72262.05,71545.81,716.2400000000052,72262.05,73315.38,73568.54,71545.81,1053.3300000000017,1.4576530834649746,0.8748424159428152,False,False,True,False,False,False,False,False,True,False,True,False,6,1,2.0,2.0,0.0,,
