market,band,side,h,arm,n,sess,net,med,win,t,t_deov,lift,rand_mean,rand_pct
index,slight_ITM,CE,3,unselected,300,145,0.05392195869743701,-0.04075734070764907,0.48333333333333334,1.3938662470573018,0.8055815008278181,0.0,,
index,slight_ITM,CE,3,rv_bottom_quintile,267,129,-0.004437316822590301,-0.09618235451863776,0.45692883895131087,-0.1261753380068434,-0.07770170827013408,-0.05835927552002731,-0.00020230977831512206,0.03
index,slight_ITM,PE,3,unselected,286,138,-0.05153052758863838,-0.3119689817317053,0.2902097902097902,-1.0835494346253591,-0.6138488593777983,0.0,,
index,slight_ITM,PE,3,rv_bottom_quintile,254,118,-0.03683691315368517,-0.3065840141276238,0.28346456692913385,-0.7526431522952658,-0.4258326238137269,0.014693614434953213,-0.038564371177696205,0.86
stock,deep_ITM,CE,3,unselected,7543,159,-0.13331119435588937,-0.17419642857142853,0.3310353970568739,-7.05667330042367,-4.065034817714103,0.0,,
stock,deep_ITM,CE,3,RS_decile,1267,152,-0.09669658861136449,-0.14666666666666667,0.3472770323599053,-4.818139556289685,-2.791567743052031,0.03661460574452488,-0.13271289773399142,1.0
stock,deep_ITM,CE,3,RS_quintile,2542,152,-0.10837834392729527,-0.15822041792692604,0.33477576711250984,-5.850598288303186,-3.3573002103675105,0.024932850428594097,-0.13253509383287693,1.0
stock,deep_ITM,CE,3,alpha_decile,905,98,-0.127560403557009,-0.1771428571428571,0.34033149171270716,-4.950727885199872,-2.8461521052666616,0.005750790798880356,-0.16086529513984388,1.0
stock,deep_ITM,CE,3,moverich_quintile,1472,156,-0.1084526653829328,-0.09570939739744132,0.4001358695652174,-4.396544774925379,-2.531885480488001,0.024858528972956567,-0.137732496083739,0.98
stock,deep_ITM,CE,3,moverich_decile,593,129,-0.12788002556205333,-0.23384615384615376,0.28836424957841483,-4.426291813771485,-2.586842936495419,0.005431168793836039,-0.15027104070843453,0.8766666666666667
stock,deep_ITM,CE,3,rv_quintile,1598,153,-0.13344905120442524,-0.18822729714211622,0.304755944931164,-5.561156275561428,-3.250041443992643,-0.0001378568485358722,-0.13899850650277135,0.7033333333333334
stock,deep_ITM,CE,3,RS_and_moverich,526,142,-0.13190636810324646,-0.12781573217201958,0.34220532319391633,-4.937290832909542,-2.828339172896337,0.0014048262526429045,-0.1302114640433914,0.46
stock,deep_ITM,CE,3,RS_decile_WRONGWAY,173,78,-0.1309330156069451,-0.16779342723004692,0.3352601156069364,-2.5262363052706593,-1.4830219339331505,0.0023781787489442763,-0.09748227129633293,0.15
stock,deep_ITM,CE,3,rv_bottom_quintile,885,147,-0.1169771093680557,-0.1514285714285713,0.3525423728813559,-4.622639428203628,-2.7709465192177736,0.01633408498783366,-0.14774094393953702,0.9866666666666667
stock,deep_ITM,CE,5,unselected,3529,85,-0.13409109206523323,-0.2237758383096003,0.34344006800793425,-4.317807831757073,-1.976388293535766,0.0,,
stock,deep_ITM,CE,5,RS_decile,618,81,-0.09558226341343679,-0.1747460550630059,0.3592233009708738,-2.991865195236727,-1.5879764355038073,0.038508828651796445,-0.11106826218860538,0.79
stock,deep_ITM,CE,5,RS_quintile,1229,82,-0.09592563317677842,-0.17113924050632917,0.36859235150528885,-3.076166525632222,-1.474221111323661,0.03816545888845481,-0.12028314605471853,0.9833333333333333
stock,deep_ITM,CE,5,alpha_decile,426,52,-0.16400691361753947,-0.23303104168739425,0.323943661971831,-4.717218749687521,,-0.029915821552306238,-0.17675585257340828,0.6933333333333334
stock,deep_ITM,CE,5,moverich_quintile,707,84,-0.0768529043691931,-0.081814882032668,0.42998585572843,-1.8667252375569343,-0.8366842702562067,0.057238187696040124,-0.13284949043153274,0.9666666666666667
stock,deep_ITM,CE,5,moverich_decile,291,67,-0.15543810661947488,-0.32393155590927186,0.24054982817869416,-3.4939773660581976,-1.5348515594418104,-0.02134701455424165,-0.162273327913526,0.6
stock,deep_ITM,CE,5,rv_quintile,789,83,-0.12691671975862576,-0.2491176470588235,0.3244613434727503,-3.4583103631276138,-1.8422998366338885,0.007174372306607474,-0.12726471537004386,0.5
stock,deep_ITM,CE,5,RS_and_moverich,262,72,-0.06983874651071237,-0.1414826480679453,0.37786259541984735,-1.4579981559118187,-0.7133849712570746,0.06425234555452086,-0.08216938194312595,0.6266666666666667
stock,deep_ITM,CE,5,RS_decile_WRONGWAY,103,48,-0.0528057802732517,-0.1287804878048781,0.4077669902912621,-0.6268154173325042,,0.08128531179198153,-0.05893135289682455,0.55
stock,deep_ITM,CE,5,rv_bottom_quintile,352,79,-0.0810569862827479,-0.1751393856715855,0.39204545454545453,-1.8037930973189322,-0.7952150463194902,0.053034105782485325,-0.12700292714535386,0.9033333333333333
stock,deep_ITM,CE,10,unselected,281,10,-0.13785749852243465,-0.2810027347310848,0.37722419928825623,-1.124373778131171,,0.0,,
stock,deep_ITM,CE,10,RS_quintile,115,9,-0.11784906528704904,-0.2747069943289225,0.3826086956521739,-0.9900575663111059,,0.020008433235385606,,
stock,deep_ITM,PE,3,unselected,6159,159,-0.18341965811897717,-0.2640490797546012,0.2690371813606105,-8.034735565359275,-4.656851110618424,0.0,,
stock,deep_ITM,PE,3,RS_decile,1174,152,-0.16615834372737337,-0.19904044041696672,0.30664395229982966,-6.849323337637743,-3.944925220871165,0.017261314391603805,-0.17123354307819424,0.6533333333333333
stock,deep_ITM,PE,3,RS_quintile,2313,153,-0.17128750423354136,-0.19400651465798052,0.3099870298313878,-7.1658638392152625,-4.20523957775419,0.012132153885435815,-0.17330982107060494,0.59
stock,deep_ITM,PE,3,alpha_decile,803,97,-0.15068958830482249,-0.19400651465798052,0.32503113325031135,-4.799704317695299,-2.746100246877928,0.03273006981415469,-0.18752707583977826,0.9966666666666667
stock,deep_ITM,PE,3,moverich_quintile,1116,141,-0.15491901397349458,-0.21962822207534705,0.3100358422939068,-5.336009326529494,-3.059452296429899,0.02850064414548259,-0.17473117954139664,0.93
stock,deep_ITM,PE,3,moverich_decile,683,108,-0.11749721877897847,-0.1923595505617977,0.31332357247437775,-3.5048736076612736,-2.092523824019991,0.06592243933999871,-0.16012413424829117,0.98
stock,deep_ITM,PE,3,rv_quintile,1175,148,-0.18917967899221386,-0.26149253731343286,0.2731914893617021,-6.8953474814208064,-4.015195469292713,-0.005760020873236682,-0.1685268349421233,0.03666666666666667
stock,deep_ITM,PE,3,RS_and_moverich,437,124,-0.1997496743691846,-0.23714087053261018,0.28832951945080093,-6.030364478792562,-3.5830602048783526,-0.016330016250207413,-0.1711946922127879,0.08666666666666667
stock,deep_ITM,PE,3,RS_decile_WRONGWAY,148,54,-0.35008271680963393,-0.4582515564363777,0.16216216216216217,-6.231475092328174,-3.5891968412495583,-0.16666305869065676,-0.28692432311898464,0.043333333333333335
stock,deep_ITM,PE,3,rv_bottom_quintile,915,144,-0.18744058257860027,-0.23200000000000004,0.2907103825136612,-7.351220627540507,-4.238698287144683,-0.004020924459623099,-0.18294018377902138,0.35
stock,deep_ITM,PE,5,unselected,3357,85,-0.2750428744939845,-0.4551930005146681,0.18826333035448317,-8.575406580953807,-3.9230565038265888,0.0,,
stock,deep_ITM,PE,5,RS_decile,598,80,-0.2620344041607058,-0.3684418683941357,0.23578595317725753,-7.569810362859516,-3.510242088320082,0.013008470333278732,-0.2531641663351321,0.3433333333333333
stock,deep_ITM,PE,5,RS_quintile,1135,81,-0.2730860309811103,-0.3915942028985508,0.2105726872246696,-8.656338440109735,-3.9639315113094127,0.001956843512874229,-0.257160657747066,0.14666666666666667
stock,deep_ITM,PE,5,alpha_decile,421,51,-0.225794475705932,-0.3419047619047619,0.2684085510688836,-4.654348315834907,,0.04924839878805251,-0.252135410583238,0.8933333333333333
stock,deep_ITM,PE,5,moverich_quintile,622,74,-0.22298907476707994,-0.3715562895180355,0.24437299035369775,-4.955067288512209,-2.2081299404097616,0.052053799726904576,-0.2750900852352989,0.9933333333333333
stock,deep_ITM,PE,5,moverich_decile,369,55,-0.18811313419791298,-0.32735063738289055,0.24661246612466126,-3.6962897948187705,,0.08692974029607153,-0.2464311032058629,0.95
stock,deep_ITM,PE,5,rv_quintile,645,80,-0.31797153717843407,-0.4509677419354839,0.17674418604651163,-7.922510236338641,-3.475210745934503,-0.04292866268444956,-0.2783044216650272,0.03
stock,deep_ITM,PE,5,RS_and_moverich,220,64,-0.2759029553958617,-0.3684418683941357,0.20909090909090908,-5.270885068868881,-2.6100409947539447,-0.0008600809018771693,-0.28170444699687425,0.59
stock,deep_ITM,PE,5,RS_decile_WRONGWAY,112,37,-0.4231014391745039,-0.5583133005296173,0.13392857142857142,-7.044531854646827,,-0.14805856468051937,-0.40456215697865666,0.38
stock,deep_ITM,PE,5,rv_bottom_quintile,470,75,-0.2836457007508461,-0.42419488613818274,0.20425531914893616,-7.0637124314938955,-3.2204225327683544,-0.008602826256861595,-0.29525160586811294,0.7133333333333334
stock,deep_ITM,PE,10,unselected,364,9,-0.46250039906830565,-0.6551004016064257,0.14560439560439561,-6.9628974532429595,,0.0,,
stock,deep_ITM,PE,10,RS_quintile,117,9,-0.4074167065559052,-0.5567932489451476,0.21367521367521367,-4.881272955023147,,0.05508369251240047,,
stock,slight_ITM,CE,3,unselected,8558,159,-0.12241515222626845,-0.21094619167917594,0.3329048843187661,-5.278574088364758,-3.0334601972294615,0.0,,
stock,slight_ITM,CE,3,RS_decile,684,143,-0.06749438695061731,-0.1739253305677988,0.3391812865497076,-1.8457140577717681,-1.077750148464772,0.05492076527565114,-0.12001712577769695,0.97
stock,slight_ITM,CE,3,RS_quintile,1601,151,-0.06869055770915554,-0.16648648648648662,0.3529044347282948,-2.3534769591923888,-1.442693267220644,0.05372459451711291,-0.12979372534332295,0.9566666666666667
stock,slight_ITM,CE,3,alpha_decile,571,97,-0.04184862103443641,-0.1664197530864197,0.3309982486865149,-0.9754022575293849,-0.6219111130725563,0.08056653119183205,-0.1473007491937133,1.0
stock,slight_ITM,CE,3,moverich_quintile,1119,155,-0.0759979385340601,-0.12982206405693958,0.40840035746201964,-2.39017228059063,-1.3703271909526114,0.046417213692208345,-0.1309718791232929,0.9866666666666667
stock,slight_ITM,CE,3,moverich_decile,523,117,-0.1060641004617078,-0.2772087378640777,0.30401529636711283,-2.830609791521123,-1.6494238012389342,0.016351051764560642,-0.16017937748901037,0.96
stock,slight_ITM,CE,3,rv_quintile,1271,154,-0.13236509063970864,-0.23187376725838277,0.3241542092840283,-4.806345017125744,-2.82355954286937,-0.00994993841344019,-0.1311207931931591,0.49333333333333335
stock,slight_ITM,CE,3,RS_and_moverich,220,106,-0.03441057779957694,-0.1326544862097056,0.41818181818181815,-0.7196732618524292,-0.4210415076479593,0.08800457442669152,-0.12535052458076734,0.98
stock,slight_ITM,CE,3,RS_decile_WRONGWAY,421,108,-0.17763493637655317,-0.24333333333333346,0.2684085510688836,-4.913350272778713,-3.020172348389417,-0.05521978415028472,-0.1061874333698669,0.013333333333333334
stock,slight_ITM,CE,3,rv_bottom_quintile,1751,156,-0.12911771960395285,-0.20634088200238393,0.32324386065105654,-5.240616802063876,-3.06743742121397,-0.006702567377684404,-0.13077734158436843,0.5633333333333334
stock,slight_ITM,CE,5,unselected,4600,85,-0.08729100714115105,-0.24666666666666676,0.3506521739130435,-2.593832362605267,-1.2169945843738668,0.0,,
stock,slight_ITM,CE,5,RS_decile,411,78,-0.051537783086205664,-0.2,0.36009732360097324,-1.118622608392166,-0.608509260965297,0.03575322405494539,-0.07607743739721608,0.7466666666666667
stock,slight_ITM,CE,5,RS_quintile,925,80,-0.020031887269824966,-0.17090909090909095,0.3935135135135135,-0.5304546640446715,-0.25857062659734137,0.06725911987132609,-0.07571535790076359,1.0
stock,slight_ITM,CE,5,alpha_decile,339,52,-0.0513293068076847,-0.2318056467498359,0.35103244837758113,-0.8680973584926179,,0.03596170033346635,-0.14230659893909853,0.9933333333333333
stock,slight_ITM,CE,5,moverich_quintile,635,84,0.023418847063864795,-0.0001863354037267423,0.49921259842519683,0.45415667435730767,0.18201543339387713,0.11070985420501585,-0.08282449837657178,0.98
stock,slight_ITM,CE,5,moverich_decile,273,62,-0.03219012438343685,-0.2497297297297298,0.3443223443223443,-0.5196504840918963,-0.29596781999569544,0.0551008827577142,-0.14423567756218897,0.9666666666666667
stock,slight_ITM,CE,5,rv_quintile,690,83,-0.10709977705879668,-0.2786538630185039,0.32463768115942027,-2.47087519807072,-1.3681530560313124,-0.01980876991764563,-0.08804427290710311,0.24
stock,slight_ITM,CE,5,RS_and_moverich,135,60,0.046995618844398644,-0.026629213483145994,0.4962962962962963,0.6524519136992881,0.26341938376372986,0.1342866259855497,-0.08239200826218296,0.9866666666666667
stock,slight_ITM,CE,5,RS_decile_WRONGWAY,252,63,-0.06559109553526017,-0.28344616526801536,0.3253968253968254,-0.9464579549808021,-0.6055142280543125,0.02169991160589088,-0.0658202109806582,0.5233333333333333
stock,slight_ITM,CE,5,rv_bottom_quintile,960,84,-0.08373727201661832,-0.23402443866250416,0.3614583333333333,-2.112618200109213,-1.0096824719632036,0.0035537351245327337,-0.08822015470899294,0.6
stock,slight_ITM,CE,10,unselected,466,10,0.04185961880347997,-0.28417366946778716,0.3969957081545064,0.32489128408301715,,0.0,,
stock,slight_ITM,CE,10,RS_quintile,101,9,0.002519400729569012,-0.36688524590163935,0.39603960396039606,0.020043139900173597,,-0.03934021807391096,,
stock,slight_ITM,PE,3,unselected,7816,159,-0.1677511629325763,-0.28698362939742245,0.28467246673490276,-6.406103763147793,-3.677399531751265,0.0,,
stock,slight_ITM,PE,3,RS_decile,687,140,-0.13631199440290628,-0.23219298245614034,0.34934497816593885,-4.19128387125159,-2.543612329197709,0.03143916852967002,-0.15442742317948652,0.7833333333333333
stock,slight_ITM,PE,3,RS_quintile,1732,148,-0.13751700449109658,-0.22807497269464816,0.32909930715935337,-4.64068786208098,-2.900626705703361,0.030234158441479725,-0.1585741700564071,0.9566666666666667
stock,slight_ITM,PE,3,alpha_decile,444,89,-0.08475656763940588,-0.17825497576220845,0.38063063063063063,-1.843984406614193,-1.252971923049262,0.08299459529317042,-0.1483343012563167,0.9866666666666667
stock,slight_ITM,PE,3,moverich_quintile,952,153,-0.13573971145968847,-0.26879749314531926,0.31092436974789917,-4.106849206714206,-2.457782193421753,0.032011451472887836,-0.1593744388741851,0.88
stock,slight_ITM,PE,3,moverich_decile,605,103,-0.13973863388155675,-0.23458422174840082,0.32892561983471075,-3.839822809848956,-2.2013239665660254,0.028012529051019558,-0.14722326615768414,0.6166666666666667
stock,slight_ITM,PE,3,rv_quintile,1055,152,-0.14864640715574168,-0.3060273972602739,0.2729857819905213,-4.7049410614945115,-2.7803803943887258,0.019104755776834625,-0.151858057807588,0.57
stock,slight_ITM,PE,3,RS_and_moverich,186,92,-0.15391549203949687,-0.3028034785727094,0.27956989247311825,-2.8448134937136316,-2.0939698516522895,0.013835670893079438,-0.15613807415755473,0.5566666666666666
stock,slight_ITM,PE,3,RS_decile_WRONGWAY,282,89,-0.28193377873885433,-0.3571522918468434,0.20921985815602837,-5.616341919923602,-3.3598002850301945,-0.11418261580627803,-0.22282953390488036,0.03
stock,slight_ITM,PE,3,rv_bottom_quintile,1681,157,-0.1809499160757873,-0.2903960396039604,0.27900059488399764,-7.181360693858677,-4.143782013477572,-0.013198753143211006,-0.1598160724356913,0.023333333333333334
stock,slight_ITM,PE,5,unselected,4303,85,-0.27814218604862745,-0.42839999999999995,0.22031141064373694,-9.272039182829792,-4.187360491970042,0.0,,
stock,slight_ITM,PE,5,RS_decile,395,78,-0.22189318058250385,-0.41074935400516804,0.27341772151898736,-4.599405887460456,-2.0993212895278948,0.0562490054661236,-0.2643944251618055,0.9333333333333333
stock,slight_ITM,PE,5,RS_quintile,941,81,-0.2503244952685523,-0.3715360501567398,0.26461211477151964,-6.262181425389643,-3.119199474757412,0.02781769078007512,-0.27098511934063346,0.9
stock,slight_ITM,PE,5,alpha_decile,260,51,-0.15230501394242701,-0.2737530099759201,0.3269230769230769,-2.513105889472424,,0.12583717210620043,-0.222402961291873,0.97
stock,slight_ITM,PE,5,moverich_quintile,535,82,-0.1943447217273353,-0.4002979515828678,0.2523364485981308,-4.154202438281703,-1.8319262994818701,0.08379746432129215,-0.27928655210748504,1.0
stock,slight_ITM,PE,5,moverich_decile,339,59,-0.15322394686395105,-0.3628282828282829,0.25663716814159293,-2.6958583747332314,-1.6961514683379648,0.1249182391846764,-0.23210865659280935,0.9733333333333334
stock,slight_ITM,PE,5,rv_quintile,594,84,-0.29089866065587516,-0.44567014123475857,0.18855218855218855,-7.329145395870793,-3.3120605222533923,-0.012756474607247714,-0.2763568041217857,0.28
stock,slight_ITM,PE,5,RS_and_moverich,103,55,-0.18936787512881695,-0.4033333333333334,0.2815533980582524,-2.4801714454603645,,0.0887743109198105,-0.25627807489288956,0.9133333333333333
stock,slight_ITM,PE,5,RS_decile_WRONGWAY,191,56,-0.25084401655741034,-0.4598449612403101,0.225130890052356,-3.754152339759258,-1.5345909719873447,0.027298169491217106,-0.3183807758685493,0.9366666666666666
stock,slight_ITM,PE,5,rv_bottom_quintile,953,85,-0.26765968348408536,-0.4099492385786802,0.23504721930745015,-7.56112696786244,-3.566014368578209,0.010482502564542084,-0.2777783443980793,0.7233333333333334
stock,slight_ITM,PE,10,unselected,470,9,-0.441945272392644,-0.625383399119231,0.18723404255319148,-7.6650942889294535,,0.0,,
stock,slight_ITM,PE,10,RS_quintile,107,9,-0.4550216913698184,-0.5197905759162305,0.21495327102803738,-4.77951018977634,,-0.013076418977174431,,
