market,band,side,h,arm,sess,lift,t,t_deov
index,deep_ITM,CE,3,RS_RIGHT_minus_WRONG,0,,,
index,deep_ITM,CE,3,rv_bottom_quintile,59,-0.005329082695019126,-1.1026070565760233,-0.6941146446480267
index,deep_ITM,CE,5,RS_RIGHT_minus_WRONG,0,,,
index,deep_ITM,PE,3,RS_RIGHT_minus_WRONG,0,,,
index,deep_ITM,PE,3,rv_bottom_quintile,66,0.0016328520503269828,1.7422293295038391,1.2134982513657198
index,deep_ITM,PE,5,RS_RIGHT_minus_WRONG,0,,,
index,deep_ITM,PE,5,rv_bottom_quintile,38,0.002429600707614011,1.4051881622580917,
index,slight_ITM,CE,3,RS_RIGHT_minus_WRONG,0,,,
index,slight_ITM,CE,3,rv_bottom_quintile,129,-0.004259894632821007,-1.705832425038332,-0.8942258599557827
index,slight_ITM,CE,5,RS_RIGHT_minus_WRONG,0,,,
index,slight_ITM,CE,5,rv_bottom_quintile,73,-0.01135551776127638,-1.7293114860102172,-0.8849502141683194
index,slight_ITM,PE,3,RS_RIGHT_minus_WRONG,0,,,
index,slight_ITM,PE,3,rv_bottom_quintile,118,0.0016200635897853897,0.9058162604393634,0.6713204779447525
index,slight_ITM,PE,5,RS_RIGHT_minus_WRONG,0,,,
index,slight_ITM,PE,5,rv_bottom_quintile,75,-0.0006586445511944946,-0.3789576074433832,0.2558392462631537
stock,deep_ITM,CE,3,RS_RIGHT_minus_WRONG,78,0.049424925700139115,1.0598906741593868,0.6407450252225183
stock,deep_ITM,CE,3,RS_decile,152,0.03542722292274005,2.7633381745052166,1.6509731826798513
stock,deep_ITM,CE,3,RS_quintile,152,0.023745467606809283,2.825592050390323,1.7826930411711694
stock,deep_ITM,CE,3,alpha_decile,98,0.033278158932052784,2.0435624382829976,1.3496311280414865
stock,deep_ITM,CE,3,moverich_quintile,156,0.03149890132324296,2.394100384529363,1.361472166887854
stock,deep_ITM,CE,3,moverich_decile,129,0.02163054814119563,1.1497552586192012,0.6958625413920819
stock,deep_ITM,CE,3,rv_quintile,153,0.006450675636018515,0.4783689822195363,0.11431350584583812
stock,deep_ITM,CE,3,RS_and_moverich,142,-0.0016041098160405629,-0.08332257285860983,-0.045415720480172526
stock,deep_ITM,CE,3,RS_decile_WRONGWAY,78,-0.03489077826432299,-0.8368292049930146,-0.4888273178523823
stock,deep_ITM,CE,3,rv_bottom_quintile,147,0.03214646118146282,1.792285326288123,0.919324331241707
stock,deep_ITM,CE,5,RS_RIGHT_minus_WRONG,48,-0.006674364619405769,-0.08118921622453401,
stock,deep_ITM,CE,5,RS_decile,81,0.016436896081879773,0.7437535138833834,0.3702729687386072
stock,deep_ITM,CE,5,RS_quintile,82,0.024750533993942034,1.7922663286886094,1.0054258817177406
stock,deep_ITM,CE,5,alpha_decile,52,0.01155841633251611,0.49723284564594966,
stock,deep_ITM,CE,5,moverich_quintile,84,0.05597466654593892,2.597153031206593,1.1303833375923897
stock,deep_ITM,CE,5,moverich_decile,67,0.0067069194562723086,0.19301131783188,0.08332587465971722
stock,deep_ITM,CE,5,rv_quintile,83,0.000145668523451571,0.008821094691121929,-0.14845561414092395
stock,deep_ITM,CE,5,RS_and_moverich,72,0.013180839951820712,0.3694997937716444,0.213602027385937
stock,deep_ITM,CE,5,RS_decile_WRONGWAY,48,0.0106823264240692,0.16133291087506357,
stock,deep_ITM,CE,5,rv_bottom_quintile,79,0.049407620707503666,1.5730073308283543,0.7489361646712356
stock,deep_ITM,PE,3,RS_RIGHT_minus_WRONG,53,0.0599886960140216,1.1164829328124226,0.5963418162697415
stock,deep_ITM,PE,3,RS_decile,152,0.004903864835027799,0.3727001683688649,0.2883616419549622
stock,deep_ITM,PE,3,RS_quintile,153,0.0018623585930803732,0.2020669453140043,0.06982912705119515
stock,deep_ITM,PE,3,alpha_decile,97,0.0360297364857136,2.4073306817056563,1.4311661308045445
stock,deep_ITM,PE,3,moverich_quintile,141,0.020015482293723505,1.5039843136225568,0.8049032742270134
stock,deep_ITM,PE,3,moverich_decile,108,0.04431170479609058,2.2511222195154144,1.3118916577774258
stock,deep_ITM,PE,3,rv_quintile,148,-0.020533390596016478,-1.5227493513694272,-0.9658055152694187
stock,deep_ITM,PE,3,RS_and_moverich,124,-0.02872197855204915,-1.2419117980271173,-0.7703477663551784
stock,deep_ITM,PE,3,RS_decile_WRONGWAY,54,-0.06544883398334662,-1.4882839879066934,-0.8506549317500044
stock,deep_ITM,PE,3,rv_bottom_quintile,144,-0.0038391185324983474,-0.25770003984625633,-0.19263823008469771
stock,deep_ITM,PE,5,RS_RIGHT_minus_WRONG,36,-0.001985614134136424,-0.03866340973091949,
stock,deep_ITM,PE,5,RS_decile,80,-0.0073550282320388755,-0.4171606025250342,-0.23528633574146904
stock,deep_ITM,PE,5,RS_quintile,81,-0.01449390802751603,-0.9587003340386657,-0.3607964115538761
stock,deep_ITM,PE,5,alpha_decile,51,0.025435510376888727,1.2940708039645423,
stock,deep_ITM,PE,5,moverich_quintile,74,0.05370768347283327,2.058101738348208,0.920022582624553
stock,deep_ITM,PE,5,moverich_decile,55,0.05813882501048015,1.578110646022846,
stock,deep_ITM,PE,5,rv_quintile,80,-0.039165552705202,-1.5472384584330499,-0.6792363281494849
stock,deep_ITM,PE,5,RS_and_moverich,64,0.004477919524129705,0.10858016983176842,-0.04713755682536493
stock,deep_ITM,PE,5,RS_decile_WRONGWAY,37,-0.01777019894855302,-0.3642605720437495,
stock,deep_ITM,PE,5,rv_bottom_quintile,75,0.01374354518118745,0.5361135301514149,0.3190418319132512
stock,slight_ITM,CE,3,RS_RIGHT_minus_WRONG,103,0.13161765321196714,2.6898723201952293,1.55527784428657
stock,slight_ITM,CE,3,RS_decile,143,0.05530303084541069,1.8765374886767259,1.0573980943565058
stock,slight_ITM,CE,3,RS_quintile,151,0.06220637568150583,3.3492689763298,1.9509628039093982
stock,slight_ITM,CE,3,alpha_decile,97,0.102775322826788,3.3441604255971344,1.8974171133671938
stock,slight_ITM,CE,3,moverich_quintile,155,0.053339690867585866,2.575753447408536,1.5039850258864889
stock,slight_ITM,CE,3,moverich_decile,117,0.05577276733372652,2.055747339260359,1.170643727798283
stock,slight_ITM,CE,3,rv_quintile,154,-0.0023253864523152972,-0.1598667020771367,-0.11730335792163044
stock,slight_ITM,CE,3,RS_and_moverich,106,0.08344883706489628,2.2824106067636176,1.298484626859856
stock,slight_ITM,CE,3,RS_decile_WRONGWAY,108,-0.07194758915824173,-2.5408910772846363,-1.6492827107570605
stock,slight_ITM,CE,3,rv_bottom_quintile,156,0.0012596612679496293,0.09031662119090499,0.09560409987802883
stock,slight_ITM,CE,5,RS_RIGHT_minus_WRONG,60,0.048647749861454766,0.691459385280048,0.47554653210756836
stock,slight_ITM,CE,5,RS_decile,78,0.02534435499789328,0.6278769907342575,0.24766730789582492
stock,slight_ITM,CE,5,RS_quintile,80,0.05547737727970368,2.2941592289835597,1.1196835357180612
stock,slight_ITM,CE,5,alpha_decile,52,0.09200090417193746,2.1700331512407383,
stock,slight_ITM,CE,5,moverich_quintile,84,0.10739748862619299,3.2266660360476,1.4403123740421537
stock,slight_ITM,CE,5,moverich_decile,62,0.10936455846180759,2.4378105195998985,1.2175298855994248
stock,slight_ITM,CE,5,rv_quintile,83,-0.018655719982306845,-0.7672290566114146,-0.5916895163056419
stock,slight_ITM,CE,5,RS_and_moverich,60,0.1267732195441427,2.276507087115917,1.0390354300078706
stock,slight_ITM,CE,5,RS_decile_WRONGWAY,63,-0.004768206086157049,-0.0911694824072187,-0.14045659311671016
stock,slight_ITM,CE,5,rv_bottom_quintile,84,0.00024136954570984755,0.010397351936262246,-0.020959512592209274
stock,slight_ITM,PE,3,RS_RIGHT_minus_WRONG,78,0.11533469987299604,2.4982030349336615,1.4931629407439893
stock,slight_ITM,PE,3,RS_decile,140,0.01714946557810903,0.7887032848448144,0.4555848165688349
stock,slight_ITM,PE,3,RS_quintile,148,0.02120942978629109,1.9584677580447936,1.1942299269983263
stock,slight_ITM,PE,3,alpha_decile,89,0.06224830497724395,1.9774623307719792,1.2279407195600598
stock,slight_ITM,PE,3,moverich_quintile,153,0.02171015293368892,1.236481792287284,0.706983091861446
stock,slight_ITM,PE,3,moverich_decile,103,0.007046853807212728,0.31543692313939664,0.1482012348729287
stock,slight_ITM,PE,3,rv_quintile,152,0.003581747711350824,0.2104868046901198,0.06900130610033227
stock,slight_ITM,PE,3,RS_and_moverich,92,-0.0013072840112190438,-0.030543069025835336,-0.21849390996757914
stock,slight_ITM,PE,3,RS_decile_WRONGWAY,89,-0.06133339996291473,-1.8008270128190698,-1.0151864964391282
stock,slight_ITM,PE,3,rv_bottom_quintile,157,-0.021900488738386226,-1.6869064094484045,-1.0067189978067235
stock,slight_ITM,PE,5,RS_RIGHT_minus_WRONG,52,-0.0232963086780472,-0.36879166662303503,
stock,slight_ITM,PE,5,RS_decile,78,0.0441449663913081,1.319637713735048,0.5361123834826353
stock,slight_ITM,PE,5,RS_quintile,81,0.019869987437162923,1.0469564080014127,0.610540539265506
stock,slight_ITM,PE,5,alpha_decile,51,0.06906085938439598,1.6444029278681107,
stock,slight_ITM,PE,5,moverich_quintile,82,0.08439497137965524,2.823494796042411,1.3286232652239343
stock,slight_ITM,PE,5,moverich_decile,59,0.0791600297142716,2.0392443343902653,0.811702684659255
stock,slight_ITM,PE,5,rv_quintile,84,-0.015776598862672197,-0.6652765607304084,-0.5819833727824565
stock,slight_ITM,PE,5,RS_and_moverich,55,0.06205743291921766,1.1524931460946375,
stock,slight_ITM,PE,5,RS_decile_WRONGWAY,56,0.06597825552885025,1.3776172045984394,0.20011113153453305
stock,slight_ITM,PE,5,rv_bottom_quintile,85,0.010482502564542114,0.5020550625078339,0.19937135005210566
