date,poc,vah,val,var,ibh,ibl,ibr,ib_broken_up,ib_broken_dn,fa_up,fa_dn,session_high,session_low,open_price,close_price,total_tpos,daily_move,daily_pct,close_pct_range,day_type,ib_ext_up_fail,ib_ext_dn_fail,ib_ext_up_reversal,ib_ext_dn_reversal,poor_high,poor_low,excess_high,excess_low,tail_high_buckets,tail_low_buckets,buyer_fail_score,seller_fail_score,net_failure,next_day_move,next_3d_move
2025-04-03,51400,51700,51400,300,51437.7,50906.65,531.0499999999956,True,False,False,False,51661.6,50906.65,50910.0,51581.55,463,671.5500000000029,1.3190925162050735,0.8939664878468826,TREND_UP,False,False,False,False,True,False,False,True,0,5,1,1,0,-66.30000000000291,-1006.4500000000044
2025-04-04,51600,51700,51500,200,51893.6,51474.85,418.75,False,True,False,True,51893.6,51360.4,51711.6,51515.25,447,-196.34999999999854,-0.3797020397744385,0.290416354088521,FAILED_AUCTION,False,True,False,False,False,True,False,False,2,1,1,5,4,-1529.300000000003,-1231.5
2025-04-07,49500,50000,49200,800,50426.25,49242.25,1184.0,False,True,False,True,50426.25,49156.95,49336.1,49985.95,583,649.8499999999985,1.317189644094281,0.6531158906483874,FAILED_AUCTION,False,True,False,True,False,True,False,False,4,0,0,7,7,589.1500000000015,1021.6000000000058
2025-04-08,50500,50700,50300,400,50793.7,50261.45,532.25,False,True,False,True,50793.7,50030.8,50388.55,50575.1,557,186.54999999999563,0.3702229970896079,0.7134617905361119,FAILED_AUCTION,False,True,False,True,True,False,False,True,1,3,1,6,5,-291.34999999999854,1840.050000000003
2025-04-09,50200,50300,50100,200,50496.9,50144.1,352.8000000000029,False,True,False,True,50496.9,49910.85,50487.1,50283.75,490,-203.34999999999854,-0.40277615470090095,0.6362938315843352,FAILED_AUCTION,False,True,False,True,False,False,True,True,2,2,0,5,5,723.8000000000029,2825.5
2025-04-11,50900,51200,50900,300,51066.55,50634.1,432.45000000000437,True,False,True,False,51244.7,50634.1,50634.1,51007.55,483,373.45000000000437,0.7375464360974212,0.6116115296429827,FAILED_AUCTION,True,False,False,False,True,False,False,True,0,3,5,0,-5,1407.5999999999985,3244.5
2025-04-15,52300,52400,52200,200,52299.0,51863.3,435.6999999999971,True,False,False,False,52486.35,51863.3,52299.0,52415.15,436,116.15000000000146,0.22208837645079532,0.8857234571864255,NORMAL_VAR_UP,False,False,False,False,True,False,False,True,1,3,1,1,0,694.0999999999985,2880.3499999999985
2025-04-16,52700,53100,52700,400,52821.05,52471.35,349.70000000000437,True,False,False,False,53164.45,52471.35,52690.9,53109.25,488,418.34999999999854,0.7939701162819359,0.9203578127254405,TREND_UP,False,False,False,False,True,False,False,True,1,2,1,1,0,1142.800000000003,2449.949999999997
2025-04-17,54300,54400,53300,1100,53525.15,53084.9,440.25,True,False,False,False,54407.2,53084.9,53153.75,54252.05,480,1098.300000000003,2.066270018578187,0.882666565832266,TREND_UP,False,False,True,False,True,False,False,False,0,2,2,1,-1,1043.449999999997,1066.8499999999985
2025-04-21,55300,55500,55200,300,55291.05,54674.95,616.1000000000058,True,False,False,False,55461.65,54674.95,54891.25,55295.5,485,404.25,0.7364561747090839,0.7888013219778817,NORMAL_VAR_UP,False,False,True,False,True,False,False,True,0,5,2,1,-1,263.6999999999971,-164.59999999999854
2025-04-22,55700,55900,55600,300,55705.55,55243.55,462.0,True,False,True,False,55961.2,55243.55,55414.3,55559.2,485,144.89999999999418,0.2614848513831162,0.43983836131818677,FAILED_AUCTION,True,False,True,False,True,False,False,True,1,4,6,0,-6,-240.29999999999563,-1006.75
2025-04-23,55300,55500,55200,300,56098.7,55339.05,759.6499999999942,False,True,False,False,56098.7,55162.5,56097.1,55318.9,502,-778.1999999999971,-1.3872374864297745,0.1670583208716107,TREND_DN,False,False,False,True,False,True,True,False,6,0,1,2,1,-188.0,109.19999999999709
2025-04-24,55300,55400,55300,100,55550.45,55086.55,463.8999999999942,False,False,False,False,55550.45,55086.55,55103.9,55130.9,431,27.0,0.048998346759485265,0.09560250053890731,NORMAL,False,False,False,False,False,False,False,False,2,2,1,0,-1,-578.4500000000044,170.1999999999971
2025-04-25,54600,54800,54300,500,55350.55,54480.35,870.2000000000044,False,True,False,True,55350.55,54176.45,55233.55,54552.45,513,-681.1000000000058,-1.2331273293134442,0.32024529426794834,FAILED_AUCTION,False,True,False,False,False,True,True,False,6,1,1,5,4,875.6500000000015,409.0
2025-04-28,55400,55500,55200,300,55293.55,54582.35,711.2000000000044,True,False,False,False,55577.4,54582.35,54610.3,55428.1,481,817.7999999999956,1.4975196986648958,0.8499572885784609,TREND_UP,False,False,False,False,True,False,False,True,1,6,1,1,0,-127.0,-372.9499999999971
2025-04-29,55400,55500,55300,200,55957.75,55473.7,484.0500000000029,False,True,False,False,55957.75,55262.4,55524.35,55301.1,478,-223.25,-0.40207584600269974,0.05565542532537164,NORMAL_VAR_DN,False,False,False,False,False,True,True,False,5,0,1,1,0,-339.65000000000146,-393.90000000000146
2025-04-30,55100,55300,55100,200,55478.25,55093.2,385.0500000000029,False,True,False,False,55478.25,54723.7,55382.4,54961.45,461,-420.95000000000437,-0.7600790142716899,0.3150884633225089,TREND_DN,False,False,False,False,False,False,False,True,2,4,1,0,-1,93.70000000000437,-777.5999999999985
2025-05-02,55100,55600,55000,600,55691.95,55099.05,592.8999999999942,False,True,False,False,55691.95,54994.4,55100.95,55055.15,479,-45.799999999995634,-0.08312016398990514,0.08709053114472136,NORMAL_VAR_DN,False,False,False,False,True,True,False,False,1,0,2,1,-1,-147.95000000000437,-422.20000000000437
2025-05-05,54900,55100,54800,300,55345.5,54891.35,454.15000000000146,False,True,False,True,55345.5,54786.5,55065.8,54907.2,480,-158.60000000000582,-0.2880190608326871,0.21592128801430607,FAILED_AUCTION,False,True,False,True,False,True,True,False,2,0,1,6,5,-723.3499999999985,-765.4499999999971
2025-05-06,54500,54700,54400,300,55036.95,54600.15,436.79999999999563,False,True,False,False,55036.95,54172.95,54918.25,54183.85,473,-734.4000000000015,-1.3372603824775944,0.012615740740742424,TREND_DN,False,False,False,False,False,False,True,True,3,2,1,0,-1,449.09999999999854,-509.79999999999563
2025-05-07,54300,54500,54200,300,54672.9,53919.9,753.0,True,False,True,False,54684.3,53919.9,54013.4,54632.95,473,619.5499999999956,1.1470301813994224,0.9328231292516932,FAILED_AUCTION,True,False,False,False,False,False,False,False,2,3,4,1,-3,-491.1999999999971,778.3500000000058
2025-05-08,54700,54900,54600,300,54937.25,54600.5,336.75,False,True,False,False,54937.25,54108.0,54801.75,54141.75,469,-660.0,-1.2043411022458226,0.04069942719324691,TREND_DN,False,False,False,False,True,False,False,True,0,5,2,0,-2,-467.6999999999971,822.6999999999971
2025-05-09,53600,53800,53500,300,54054.8,53525.5,529.3000000000029,False,True,False,True,54054.8,53483.05,53595.95,53674.05,500,78.10000000000582,0.14571996578100738,0.3340620900743332,FAILED_AUCTION,False,True,False,True,False,True,False,False,3,0,1,6,5,1737.25,1186.5
2025-05-12,55200,55400,55100,300,55292.8,54558.05,734.75,True,False,False,False,55466.3,54558.05,54658.75,55411.3,466,752.5500000000029,1.3768152400118974,0.9394439856867602,TREND_UP,False,False,False,False,True,False,False,True,1,5,1,1,0,-446.8500000000058,-74.60000000000582
2025-05-13,54900,55200,54900,300,55499.65,54981.9,517.75,False,True,False,False,55499.65,54888.5,55233.5,54964.45,509,-269.0500000000029,-0.4871137986910171,0.1242739098420959,NORMAL_VAR_DN,False,False,False,True,False,True,True,False,3,0,1,2,1,-103.89999999999418,386.3500000000058
2025-05-14,54600,55100,54600,500,55208.6,54885.15,323.4499999999971,False,True,False,False,55208.6,54491.0,55008.55,54860.55,478,-148.0,-0.2690490841878217,0.5149804905239739,NORMAL_VAR_DN,False,False,False,True,True,True,False,False,1,1,1,2,1,476.1499999999942,540.0999999999985
2025-05-15,54600,55400,54500,900,54935.15,54442.3,492.84999999999854,True,False,False,False,55490.55,54442.3,54853.7,55336.7,495,483.0,0.8805240120538815,0.8532315764369132,TREND_UP,False,False,False,False,True,True,False,False,1,1,1,2,1,14.10000000000582,-404.34999999999854
2025-05-16,55300,55400,55200,200,55418.9,55170.25,248.65000000000146,False,False,False,False,55418.9,55170.25,55276.0,55350.8,440,74.80000000000291,0.1353209349446467,0.7261210536899331,NORMAL,False,False,False,False,True,True,False,False,0,0,1,2,1,49.849999999998545,-285.20000000000437
2025-05-19,55500,55700,55400,300,55512.95,55296.55,216.39999999999418,True,False,True,False,55695.55,55296.55,55326.05,55400.65,465,74.59999999999854,0.13483702523494545,0.2609022556390941,FAILED_AUCTION,True,False,True,False,True,True,False,False,0,1,7,1,-6,-468.3000000000029,-437.40000000000146
2025-05-20,55100,55300,54900,400,55568.35,55120.35,448.0,False,True,False,False,55568.35,54829.45,55445.3,54932.35,446,-512.9500000000044,-0.9251460448405984,0.13926106374340405,TREND_DN,False,False,False,False,False,True,True,False,3,1,1,1,0,133.25,457.25
2025-05-21,55000,55300,54900,400,55266.55,54931.3,335.25,True,True,True,True,55336.85,54690.8,55060.2,55065.6,462,5.400000000001455,0.009807447121516913,0.5801408559708973,FAILED_AUCTION,True,True,False,True,True,False,False,True,0,2,5,5,0,-102.34999999999854,493.75
2025-05-22,54600,54900,54600,300,54936.85,54719.85,217.0,True,True,False,True,54996.1,54576.6,54875.9,54963.25,450,87.34999999999854,0.15917734378843634,0.9216924910607901,FAILED_AUCTION,False,True,False,True,True,True,False,False,1,0,1,7,6,426.34999999999854,389.1999999999971
2025-05-23,55300,55500,55200,300,55202.0,54854.5,347.5,True,False,False,False,55441.3,54854.5,54959.3,55389.6,484,430.29999999999563,0.782943014194132,0.9118950238582071,TREND_UP,False,False,False,False,True,False,False,True,0,3,1,1,0,169.75,57.950000000004366
2025-05-26,55500,55600,55400,200,55875.75,55516.8,358.9499999999971,False,True,False,True,55875.75,55307.5,55534.9,55559.35,478,24.44999999999709,0.04402636900399044,0.443202815662118,FAILED_AUCTION,False,True,False,True,False,True,True,False,3,1,0,6,6,-206.90000000000146,187.5
2025-05-27,55100,55500,55100,400,55511.55,55037.85,473.70000000000437,True,False,True,False,55831.35,55037.85,55458.95,55352.45,514,-106.5,-0.19203392779704628,0.39647132955261316,FAILED_AUCTION,True,False,False,False,False,True,True,False,3,1,4,1,-3,95.10000000000582,403.25
2025-05-28,55300,55500,55300,200,55521.8,55235.55,286.25,False,False,False,False,55521.8,55235.55,55328.6,55447.55,465,118.95000000000437,0.21498827008094254,0.7406113537117904,NORMAL,False,False,False,False,True,True,False,False,0,1,1,2,1,299.29999999999563,414.5
2025-05-29,55200,55500,55100,400,55725.35,55316.25,409.09999999999854,True,True,False,True,55782.75,55096.45,55571.4,55746.85,488,175.4499999999971,0.31571995666835295,0.9476905143523222,FAILED_AUCTION,False,True,False,True,False,True,True,False,3,0,0,7,7,8.849999999998545,-206.84999999999854
2025-05-30,55400,55800,55400,400,55704.25,55459.8,244.4499999999971,True,True,False,True,55813.3,55356.6,55615.55,55755.7,442,140.14999999999418,0.2519978675028732,0.8738778191372777,FAILED_AUCTION,False,True,False,True,True,True,False,False,0,0,1,7,6,106.35000000000582,-90.14999999999418
2025-06-02,55700,55900,55600,300,55787.1,55400.55,386.54999999999563,True,False,False,False,55966.3,55400.55,55598.25,55862.05,464,263.8000000000029,0.474475365681479,0.8157313300927972,NORMAL_VAR_UP,False,False,False,False,True,False,False,True,1,2,1,1,0,-322.0500000000029,-52.30000000000291
2025-06-03,55600,55800,55500,300,56161.4,55714.35,447.0500000000029,False,True,False,False,56161.4,55455.8,56104.8,55540.0,498,-564.8000000000029,-1.0066874848497862,0.11933106575963331,TREND_DN,False,False,False,False,False,True,True,False,4,0,1,1,0,125.55000000000291,1044.800000000003
2025-06-04,55600,55700,55600,100,55791.0,55408.35,382.65000000000146,False,False,False,False,55791.0,55408.35,55650.35,55665.55,418,15.200000000004366,0.02731339515385683,0.6721547105710267,NORMAL,False,False,False,False,True,False,False,True,1,2,1,1,0,144.1999999999971,1180.6499999999942
2025-06-05,55700,55800,55600,200,55849.45,55580.45,269.0,True,False,True,False,56010.15,55580.45,55806.75,55809.75,483,3.0,0.005375693800481125,0.5336281126367246,FAILED_AUCTION,True,False,False,False,False,True,True,False,2,0,4,1,-3,775.0500000000029,769.8000000000029
2025-06-06,56500,56700,55600,1100,56002.25,55559.55,442.6999999999971,True,True,False,True,56695.0,55534.75,55699.45,56584.8,504,885.3500000000058,1.5895130023725654,0.9050204697263546,FAILED_AUCTION,False,True,False,True,True,True,False,False,0,1,1,7,6,261.3999999999942,-146.75
2025-06-09,56900,57000,56800,200,57049.5,56792.7,256.8000000000029,False,False,False,False,57049.5,56792.7,57049.5,56846.2,441,-203.3000000000029,-0.35635719857317405,0.20833333333333098,NORMAL,False,False,False,False,True,True,False,False,0,0,2,1,-1,-266.6499999999942,-848.3999999999942
2025-06-10,56600,56800,56600,200,57015.4,56570.3,445.09999999999854,False,True,False,True,57015.4,56564.15,56993.9,56579.55,457,-414.34999999999854,-0.7270076271320238,0.034127423822717905,FAILED_AUCTION,False,True,False,False,False,True,False,False,2,0,1,5,4,-141.5,-1002.4500000000044
2025-06-11,56700,56800,56400,400,56669.3,56443.85,225.45000000000437,True,True,True,False,56782.5,56399.4,56639.85,56438.05,439,-201.79999999999563,-0.3562862542891544,0.10088749673714853,FAILED_AUCTION,True,False,True,False,True,True,False,False,0,0,7,1,-6,-440.25,-464.5500000000029
2025-06-12,56200,56400,56000,400,56611.05,56382.0,229.0500000000029,False,True,False,False,56611.05,55968.5,56480.9,55997.8,476,-483.09999999999854,-0.8553333958913518,0.04559956423625053,TREND_DN,False,False,False,False,False,True,True,False,2,0,1,1,0,-420.70000000000437,-319.1000000000058
2025-06-13,55400,55600,55400,200,55515.2,55149.3,365.8999999999942,True,False,False,False,55688.0,55149.3,55149.3,55577.1,438,427.79999999999563,0.7757124750450062,0.7941340263597512,TREND_UP,False,False,False,False,True,False,False,True,1,3,1,1,0,396.40000000000146,225.75
2025-06-16,55800,56000,55400,600,55604.3,55381.45,222.85000000000582,True,False,False,False,55999.85,55381.45,55554.1,55973.5,439,419.40000000000146,0.7549397794222235,0.9573900388098343,TREND_UP,False,False,False,False,True,True,False,False,0,0,1,2,1,-294.8000000000029,-476.4499999999971
2025-06-17,55700,55900,55600,300,56067.3,55788.85,278.45000000000437,False,True,False,False,56067.3,55643.95,55975.0,55678.7,484,-296.3000000000029,-0.5293434569004072,0.08208338254399321,TREND_DN,False,False,False,False,False,True,True,False,2,0,1,1,0,124.15000000000146,537.8000000000029
2025-06-18,55700,55900,55700,200,55933.6,55511.8,421.79999999999563,False,False,False,False,55933.6,55511.8,55544.95,55802.85,454,257.90000000000146,0.464308636518714,0.6900189663347526,NORMAL,False,False,False,False,True,False,False,False,0,2,1,1,0,-305.79999999999563,231.70000000000437
2025-06-19,55600,55800,55600,200,55942.45,55684.7,257.75,False,True,False,False,55942.45,55475.45,55784.85,55497.05,438,-287.79999999999563,-0.5159106818428223,0.04625267665954137,TREND_DN,False,False,False,False,True,True,True,False,1,1,1,1,0,719.4499999999971,974.3499999999985
2025-06-20,56100,56200,55700,500,55833.6,55566.4,267.1999999999971,True,False,False,False,56328.2,55566.4,55566.7,56216.5,451,649.8000000000029,1.1694054172733002,0.8533735888684724,TREND_UP,False,False,False,False,True,True,False,False,1,1,1,2,1,-181.9499999999971,374.5
2025-06-23,55900,56100,55800,300,56061.5,55779.25,282.25,True,False,True,False,56233.55,55779.25,55832.35,56034.55,438,202.20000000000437,0.36215563199472056,0.5619634602685478,FAILED_AUCTION,True,False,False,False,True,True,False,False,1,0,5,1,-4,436.84999999999854,1127.3499999999985
2025-06-24,56600,56800,56400,400,56736.1,56460.85,275.25,True,True,True,True,56862.0,56276.15,56529.45,56471.4,493,-58.049999999995634,-0.10268983689032112,0.333276435947769,FAILED_AUCTION,True,True,True,False,True,True,False,False,1,1,7,5,-2,119.59999999999854,928.5499999999956
2025-06-25,56600,56700,56500,200,56664.9,56420.65,244.25,True,False,True,False,56681.4,56420.65,56564.5,56591.0,469,26.5,0.046849172183966975,0.6533077660594383,FAILED_AUCTION,True,False,True,False,True,True,False,False,0,1,6,2,-4,570.9000000000015,727.5500000000029
2025-06-26,56600,57200,56600,600,56806.6,56567.4,239.1999999999971,True,True,False,True,57263.45,56558.35,56693.55,57161.9,494,468.34999999999854,0.8261080846057417,0.8559778754786614,FAILED_AUCTION,False,True,False,True,True,True,False,False,1,0,1,7,6,238.04999999999563,280.79999999999563
2025-06-27,57300,57500,57200,300,57259.0,56993.85,265.15000000000146,True,False,False,False,57475.4,56993.85,57234.7,57399.95,469,165.25,0.2887234492362151,0.8433184508358345,NORMAL_VAR_UP,False,False,False,False,True,False,False,True,0,2,1,1,0,-81.39999999999418,-427.79999999999563
2025-06-30,57300,57500,57300,200,57614.5,57323.15,291.34999999999854,False,True,False,False,57614.5,57193.8,57529.95,57318.55,445,-211.39999999999418,-0.36746077477903977,0.29652959353458724,NORMAL_VAR_DN,False,False,False,True,True,True,False,False,1,1,2,2,0,124.14999999999418,-545.8000000000029
2025-07-01,57400,57500,57200,300,57423.0,57197.15,225.84999999999854,True,True,False,True,57533.85,57150.35,57375.8,57442.7,432,66.89999999999418,0.11659968139876772,0.7623207301173365,FAILED_AUCTION,False,True,False,True,True,True,False,False,0,0,1,7,6,-470.54999999999563,-397.8999999999942
2025-07-02,57100,57300,56800,500,57628.4,57205.8,422.59999999999854,False,True,False,False,57628.4,56833.8,57558.2,56972.15,438,-586.0499999999956,-1.018186809177486,0.17411276113767782,TREND_DN,False,False,False,False,False,True,True,False,3,0,1,1,0,-199.40000000000146,-53.650000000001455
2025-07-03,56900,57200,56900,300,57193.25,56894.65,298.59999999999854,False,True,False,False,57193.25,56764.1,57050.4,56772.75,497,-277.65000000000146,-0.4866749400530083,0.020156122567870034,TREND_DN,False,False,False,False,True,True,False,False,0,1,2,1,-1,272.0500000000029,468.09999999999854
2025-07-04,56800,56900,56600,300,56938.75,56680.05,258.6999999999971,True,True,False,True,57075.1,56623.6,56825.25,57044.8,451,219.5500000000029,0.3863599368238642,0.9328903654485147,FAILED_AUCTION,False,True,False,True,False,True,True,False,2,0,0,7,7,-126.30000000000291,126.79999999999563
2025-07-07,56900,57000,56900,100,57071.2,56854.05,217.14999999999418,True,True,True,True,57152.2,56838.55,56938.7,56918.5,439,-20.19999999999709,-0.03547674955697459,0.25490196078430916,FAILED_AUCTION,True,True,False,True,False,True,True,False,2,1,5,6,1,322.34999999999854,38.44999999999709
2025-07-08,57100,57200,57000,200,57258.1,56923.05,335.04999999999563,True,False,True,False,57303.3,56923.05,56942.55,57240.85,452,298.29999999999563,0.5238613304110821,0.8357659434582396,FAILED_AUCTION,True,False,False,False,True,True,False,False,1,1,5,2,-3,-69.25,-528.0
2025-07-09,57100,57300,57100,200,57233.45,57037.9,195.54999999999563,True,False,True,False,57290.65,57037.9,57199.75,57171.6,438,-28.150000000001455,-0.049213501807265685,0.5289812067260024,FAILED_AUCTION,True,False,False,False,True,True,False,False,0,1,5,1,-4,-214.65000000000146,-408.0
2025-07-10,57100,57200,57000,200,57363.7,57152.8,210.89999999999418,False,True,False,False,57363.7,56886.6,57339.75,56956.95,472,-382.8000000000029,-0.6675997017775678,0.14745336407461487,TREND_DN,False,False,False,False,False,True,True,True,2,1,1,0,-1,-244.09999999999854,92.65000000000146
2025-07-11,56700,56800,56600,200,57091.05,56807.35,283.70000000000437,False,True,False,False,57091.05,56607.75,56843.45,56712.85,436,-130.59999999999854,-0.2297538238794418,0.2174632733291908,NORMAL_VAR_DN,False,False,False,True,False,True,True,False,3,0,1,2,1,50.75,395.5500000000029
2025-07-14,56600,56800,56600,200,56896.3,56653.5,242.8000000000029,False,True,False,True,56896.3,56594.25,56780.75,56763.6,445,-17.150000000001455,-0.030203898328221193,0.5606687634497498,FAILED_AUCTION,False,True,False,True,True,True,False,False,1,0,1,6,5,286.0,41.5
2025-07-15,57000,57100,56900,200,57063.35,56707.8,355.54999999999563,True,False,True,False,57134.95,56707.8,56709.2,57049.6,452,340.40000000000146,0.6002553377582499,0.8001872878379968,FAILED_AUCTION,True,False,False,False,True,False,False,True,0,2,5,1,-4,58.80000000000291,-795.9000000000015
2025-07-16,57000,57300,57000,300,57175.15,56991.55,183.59999999999854,True,True,True,True,57276.55,56937.6,57111.25,57108.4,437,-2.849999999998545,-0.004990260237691426,0.5039091311402882,FAILED_AUCTION,True,True,False,True,True,True,False,False,0,1,5,6,1,-303.3000000000029,-191.65000000000146
2025-07-17,56900,57000,56800,200,57262.85,56980.65,282.1999999999971,False,True,False,False,57262.85,56780.15,57231.95,56805.1,470,-426.84999999999854,-0.7458246661174371,0.05168841930805312,TREND_DN,False,False,False,False,False,True,True,False,3,0,1,1,0,-551.4000000000015,-83.34999999999854
2025-07-18,56200,56400,56200,200,56705.15,56403.9,301.25,False,True,False,False,56705.15,56204.85,56524.25,56253.7,464,-270.5500000000029,-0.4786441217707496,0.09764141515090598,TREND_DN,False,False,False,True,False,True,True,False,3,0,1,2,1,663.0500000000029,937.9500000000044
2025-07-21,56700,57000,56700,300,56761.5,56255.7,505.8000000000029,True,False,False,False,56983.45,56255.7,56558.9,56916.75,447,357.84999999999854,0.6327032527153084,0.9083476468567543,NORMAL_VAR_UP,False,False,False,False,True,False,False,True,0,4,1,1,0,-195.0,116.94999999999709
2025-07-22,56800,57100,56800,300,57286.15,56916.65,369.5,False,True,False,False,57286.15,56692.0,57253.35,56721.75,456,-531.5999999999985,-0.9285046202536595,0.050071530758225916,TREND_DN,False,False,False,False,False,True,True,False,2,1,1,1,0,469.90000000000146,-201.3000000000029
2025-07-23,56800,57200,56700,500,56949.6,56715.8,233.79999999999563,True,False,False,False,57249.0,56715.8,56918.15,57191.65,449,273.5,0.48051456345647214,0.8924418604651184,TREND_UP,False,False,False,False,True,True,False,False,0,0,1,2,1,-157.95000000000437,-1138.3499999999985
2025-07-24,57000,57100,56900,200,57316.6,56993.0,323.59999999999854,False,True,False,True,57316.6,56850.9,57316.6,57033.7,451,-282.90000000000146,-0.493574287379226,0.3925273781404268,FAILED_AUCTION,False,True,False,True,False,True,True,False,2,0,0,6,6,-513.25,-803.5499999999956
2025-07-25,56500,57000,56400,600,57136.75,56869.45,267.3000000000029,False,True,False,False,57136.75,56439.4,57001.85,56520.45,458,-481.40000000000146,-0.8445339931949603,0.11622571162256515,TREND_DN,False,False,False,True,True,True,True,False,1,0,1,2,1,-467.1499999999942,-405.84999999999854
2025-07-28,56300,56500,56000,500,56522.2,56186.85,335.34999999999854,True,True,True,False,56578.4,55997.45,56215.1,56053.3,454,-161.79999999999563,-0.2878230226398168,0.09613563990017282,FAILED_AUCTION,True,False,True,False,True,True,False,False,1,0,7,1,-6,176.84999999999854,-60.650000000001455
2025-07-29,56000,56200,55900,300,56148.95,55843.25,305.6999999999971,True,False,False,False,56296.4,55843.25,55881.8,56230.15,443,348.34999999999854,0.6233693259701701,0.8538011695906438,TREND_UP,False,False,False,False,True,True,False,False,1,1,1,2,1,-115.55000000000291,-594.0
2025-07-30,56200,56300,56100,200,56320.35,56104.65,215.6999999999971,True,True,True,True,56321.15,56064.55,56310.1,56114.6,458,-195.5,-0.34718460808984536,0.19505066250972689,FAILED_AUCTION,True,True,True,False,True,True,False,False,0,0,7,5,-2,-121.94999999999709,-470.65000000000146
2025-07-31,56200,56400,55600,800,55959.4,55561.65,397.75,True,True,False,True,56406.2,55547.35,55728.15,55992.65,525,264.5,0.47462548101812096,0.5184840193281757,FAILED_AUCTION,False,True,True,False,True,True,False,False,0,1,2,5,3,-356.5,-600.1500000000015
2025-08-01,55800,55900,55700,200,55986.45,55774.7,211.75,True,True,True,False,56097.6,55562.1,55897.15,55636.15,472,-261.0,-0.46692899369645857,0.1382819794584555,FAILED_AUCTION,True,False,True,False,False,True,True,True,2,1,6,0,-6,7.799999999995634,-213.90000000000146
2025-08-04,55600,55700,55500,200,55752.45,55437.3,315.1499999999942,False,False,False,False,55752.45,55437.3,55557.5,55643.95,470,86.44999999999709,0.15560455384061034,0.6557194986514294,NORMAL,False,False,False,False,True,True,False,False,1,1,1,2,1,-251.4499999999971,-52.599999999998545
2025-08-05,55400,55500,55200,300,55648.15,55419.35,228.8000000000029,False,True,False,False,55648.15,55202.85,55545.05,55392.5,459,-152.5500000000029,-0.274641934789874,0.42589265663597625,NORMAL_VAR_DN,False,False,False,False,True,True,True,False,1,0,0,1,1,29.75,-467.0500000000029
2025-08-06,55400,55500,55300,200,55507.2,55276.15,231.04999999999563,True,True,True,True,55559.4,55227.7,55329.8,55422.25,441,92.44999999999709,0.16708898279046208,0.5865239674404593,FAILED_AUCTION,True,True,False,True,True,True,False,False,1,1,5,6,1,169.09999999999854,1.3000000000029104
2025-08-07,55100,55300,55000,300,55364.7,55148.3,216.39999999999418,True,True,False,True,55614.8,54973.55,55215.65,55591.35,464,375.6999999999971,0.6804230322381373,0.9634307992202661,FAILED_AUCTION,False,True,False,True,False,True,True,False,3,0,0,7,7,-665.9000000000015,-552.0
2025-08-08,55100,55300,55100,200,55652.6,55230.3,422.29999999999563,False,True,False,False,55652.6,54905.6,55609.35,54925.45,455,-683.9000000000015,-1.2298291564278334,0.026572958500667397,TREND_DN,False,False,False,False,False,False,True,False,4,2,1,0,-1,498.1000000000058,263.6000000000058
2025-08-11,55200,55500,55100,400,55249.4,54927.55,321.84999999999854,True,False,False,False,55582.15,54927.55,54999.35,55423.55,453,424.20000000000437,0.771281842421782,0.7577146348915385,TREND_UP,False,False,False,False,True,False,False,True,1,2,1,1,0,-384.20000000000437,-105.5
2025-08-12,55200,55400,55100,300,55566.7,55217.3,349.3999999999942,False,True,False,False,55566.7,55001.5,55441.1,55039.35,456,-401.75,-0.7246429093217848,0.0669674451521563,TREND_DN,False,False,False,False,False,True,False,False,2,1,1,1,0,149.70000000000437,706.2000000000044
2025-08-13,55100,55300,55100,200,55340.05,55094.85,245.20000000000437,False,True,False,True,55340.05,55026.95,55340.05,55189.05,451,-151.0,-0.272858445194755,0.5177259661450105,FAILED_AUCTION,False,True,False,True,True,True,False,False,0,1,1,6,5,129.0,660.75
2025-08-14,55300,55500,55300,200,55419.9,55074.3,345.59999999999854,True,False,True,False,55472.8,55074.3,55102.55,55318.05,438,215.5,0.3910889786407344,0.6116687578419071,FAILED_AUCTION,True,False,False,False,True,False,False,True,0,2,5,0,-5,427.5,384.04999999999563
2025-08-18,55700,56100,55700,400,56156.3,55822.7,333.6000000000058,False,True,False,False,56156.3,55647.65,55940.6,55745.55,449,-195.04999999999563,-0.3486734143001606,0.1924702644254422,NORMAL_VAR_DN,False,False,False,True,True,True,False,False,1,1,2,2,0,104.25,-11.650000000001455
2025-08-19,55800,55900,55600,300,55791.8,55608.15,183.65000000000146,True,False,False,False,55965.55,55608.15,55622.3,55849.8,432,227.5,0.4090086170474791,0.6761331841074439,TREND_UP,False,False,False,False,True,True,False,False,1,0,1,2,1,-147.70000000000437,-697.3500000000058
2025-08-20,55600,55800,55600,200,55812.6,55577.35,235.25,False,False,False,False,55812.6,55577.35,55751.5,55702.1,476,-49.400000000001455,-0.08860748141305877,0.5302869287991498,NORMAL,False,False,False,False,True,True,False,False,0,0,1,1,0,31.80000000000291,-540.3499999999985
2025-08-21,55800,55900,55700,200,55993.65,55720.45,273.20000000000437,False,True,False,True,55993.65,55708.2,55972.05,55733.9,446,-238.15000000000146,-0.42548021735848773,0.0900332807847398,FAILED_AUCTION,False,True,False,False,True,True,False,False,1,0,2,5,3,-581.4500000000044,-1317.4500000000044
2025-08-22,55300,55400,55200,200,55745.0,55300.9,444.09999999999854,False,True,False,False,55745.0,55102.6,55669.25,55152.45,448,-516.8000000000029,-0.9283401518791845,0.07759962640099383,TREND_DN,False,False,False,False,False,True,True,False,3,1,1,1,0,9.30000000000291,-1258.199999999997
2025-08-25,55100,55300,55100,200,55306.0,55060.25,245.75,False,True,False,True,55306.0,55048.4,55147.75,55161.75,460,14.0,0.025386348491098915,0.4400232919254627,FAILED_AUCTION,False,True,False,True,True,True,False,False,0,1,1,6,5,-745.3000000000029,-1468.9000000000015
2025-08-26,54500,54700,54500,200,55068.9,54478.4,590.5,False,True,False,False,55068.9,54396.1,54999.05,54416.45,486,-582.6000000000058,-1.0592910241176998,0.030246730083231952,TREND_DN,False,False,False,False,False,True,True,False,4,1,1,1,0,-522.1999999999971,-423.04999999999563
2025-08-28,54100,54300,53900,400,54382.25,53916.1,466.15000000000146,False,True,False,False,54382.25,53768.45,54256.0,53894.25,495,-361.75,-0.6667465349454439,0.20495275333985388,NORMAL_VAR_DN,False,False,False,False,True,True,False,False,1,1,2,1,-1,-201.40000000000146,-267.0
2025-08-29,53900,54100,53800,300,54006.95,53660.35,346.59999999999854,True,True,True,True,54086.0,53606.45,53660.35,53692.85,456,32.5,0.06056613495812085,0.18016890835158156,FAILED_AUCTION,True,True,True,False,True,False,False,True,0,2,7,4,-3,300.5500000000029,378.90000000000146
2025-09-01,53800,54000,53800,200,53988.25,53658.15,330.09999999999854,True,False,False,False,54035.85,53658.15,53658.15,53993.4,452,335.25,0.6247885922269031,0.887609213661643,TREND_UP,False,False,False,False,True,True,False,False,0,1,1,2,1,-366.15000000000146,107.69999999999709
2025-09-02,54000,54200,53600,600,54160.95,53912.2,248.75,False,True,False,False,54160.95,53578.0,54038.25,53627.25,444,-411.0,-0.7605723723473651,0.08448408954455827,TREND_DN,False,False,False,False,True,True,False,False,0,0,2,1,-1,444.5,470.9499999999971
2025-09-03,53700,53900,53600,300,53866.75,53561.75,305.0,True,False,False,False,54136.15,53561.75,53630.75,54071.75,470,441.0,0.822289451480727,0.8878830083565437,TREND_UP,False,False,False,False,False,True,True,False,2,0,0,2,2,29.349999999998545,150.5500000000029
2025-09-04,54200,54300,54100,200,54450.55,54195.7,254.85000000000582,False,True,False,False,54450.55,53971.85,54379.6,54101.1,484,-278.5,-0.5121405821300635,0.27000208899101485,TREND_DN,False,False,False,False,False,True,True,True,2,1,1,0,-1,-2.900000000001455,127.09999999999854
2025-09-05,53800,54200,53800,400,54308.05,53881.45,426.6000000000058,False,True,False,True,54308.05,53719.55,54308.05,54098.2,445,-209.85000000000582,-0.38640680341129136,0.6434154630416213,FAILED_AUCTION,False,True,False,True,True,True,False,False,1,1,1,6,5,124.10000000000582,434.45000000000437
2025-09-08,54200,54400,54100,300,54329.2,54088.7,240.5,True,True,True,True,54518.7,54067.15,54215.4,54222.3,466,6.900000000001455,0.01272701114443766,0.34359428634703343,FAILED_AUCTION,True,True,False,True,True,True,False,False,1,0,6,6,0,5.899999999994179,422.29999999999563
2025-09-09,54100,54300,54100,200,54350.65,54188.3,162.34999999999854,False,True,False,True,54350.65,54079.45,54330.55,54228.2,450,-102.35000000000582,-0.1883838834688878,0.5484882005899617,FAILED_AUCTION,False,True,False,True,True,True,False,False,1,0,1,6,5,304.45000000000437,556.3500000000058
2025-09-10,54500,54700,54500,200,54554.75,54400.0,154.75,True,False,True,False,54705.2,54400.0,54554.75,54532.65,461,-22.099999999998545,-0.04050976312786429,0.4346330275229447,FAILED_AUCTION,True,False,False,False,True,True,False,True,0,1,5,0,-5,111.94999999999709,320.04999999999563
2025-09-11,54600,54700,54500,200,54649.85,54402.4,247.4499999999971,True,False,True,False,54757.45,54402.4,54413.05,54644.6,466,231.54999999999563,0.42554129937578505,0.6821574426137166,FAILED_AUCTION,True,False,False,False,True,True,False,False,1,1,5,2,-3,139.95000000000437,522.2000000000044
2025-09-12,54700,54900,54700,200,54847.7,54580.35,267.34999999999854,True,False,True,False,54852.25,54580.35,54781.55,54784.55,498,3.0,0.0054762963077897575,0.7510114012504717,FAILED_AUCTION,True,False,False,False,True,True,False,False,0,1,5,2,-3,68.14999999999418,696.2999999999956
2025-09-15,54900,55000,54800,200,54953.15,54808.1,145.0500000000029,True,True,True,True,55018.7,54807.5,54884.05,54852.7,432,-31.35000000000582,-0.0571204202313893,0.2140151515151407,FAILED_AUCTION,True,True,True,False,True,True,False,False,0,0,7,5,-2,314.1000000000058,863.8000000000029
2025-09-16,55100,55200,55000,200,55120.95,54777.75,343.1999999999971,True,False,False,False,55185.45,54777.75,54778.4,55166.8,420,388.40000000000146,0.7090385991558743,0.9542555800834086,TREND_UP,False,False,False,False,True,False,False,True,0,2,1,1,0,314.04999999999563,327.29999999999563
2025-09-17,55300,55500,55300,200,55371.6,55146.55,225.04999999999563,True,False,False,False,55540.75,55146.55,55158.35,55480.85,435,322.5,0.5846802886598312,0.8480466768137953,TREND_UP,False,False,False,False,True,False,False,True,0,2,1,1,0,235.65000000000146,-200.15000000000146
2025-09-18,55700,55800,55600,200,55835.25,55611.55,223.6999999999971,False,True,False,True,55835.25,55490.9,55797.1,55716.5,462,-80.59999999999854,-0.14445195180394418,0.6551473791200798,FAILED_AUCTION,False,True,False,True,True,True,False,False,0,1,1,7,6,-222.40000000000146,-160.84999999999854
2025-09-19,55400,55600,55400,200,55688.75,55461.8,226.9499999999971,False,True,False,True,55688.75,55355.3,55647.95,55494.1,455,-153.84999999999854,-0.2764702024063754,0.41625431099114363,FAILED_AUCTION,False,True,False,True,True,True,False,False,1,0,1,6,5,-213.40000000000146,-362.6999999999971
2025-09-22,55500,55600,55400,200,55620.9,55315.55,305.34999999999854,True,True,True,False,55666.35,55215.6,55429.3,55280.7,444,-148.60000000000582,-0.26808925965149444,0.1444259567387655,FAILED_AUCTION,True,False,True,False,True,False,False,True,1,2,7,0,-7,274.95000000000437,-329.75
2025-09-23,55500,55600,55100,500,55367.6,55159.0,208.59999999999854,True,False,False,False,55662.0,55159.0,55248.7,55555.65,473,306.95000000000437,0.5555786832993435,0.7885685884691878,TREND_UP,False,False,False,False,True,True,False,False,1,0,1,2,1,-424.25,-1138.300000000003
2025-09-24,55100,55300,55100,200,55511.1,55226.6,284.5,False,True,False,False,55511.1,55040.45,55387.1,55131.4,467,-255.6999999999971,-0.461659844981949,0.19324338680549047,TREND_DN,False,False,False,True,False,True,True,False,2,1,1,2,1,-180.45000000000437,-590.0500000000029
2025-09-25,55100,55200,55000,200,55252.8,54993.55,259.25,True,True,True,False,55276.65,54903.3,55061.65,54950.95,475,-110.70000000000437,-0.2010473714463776,0.1276282308825348,FAILED_AUCTION,True,False,True,False,True,True,False,False,1,1,7,1,-6,-533.5999999999985,-271.1999999999971
2025-09-26,54500,54700,54300,400,54897.0,54593.2,303.8000000000029,False,True,False,False,54897.0,54310.95,54797.9,54417.35,447,-380.5500000000029,-0.6944609191228185,0.18155447487415907,TREND_DN,False,False,False,False,False,True,True,False,2,0,1,1,0,124.0,969.3000000000029
2025-09-29,54500,54700,54400,300,54625.7,54366.2,259.5,True,True,True,True,54686.05,54226.6,54460.4,54541.35,484,80.94999999999709,0.14864011281591227,0.6850582217869127,FAILED_AUCTION,True,True,False,True,True,False,False,True,0,2,5,6,1,138.40000000000146,1055.5999999999985
2025-09-30,54600,54800,54600,200,54793.05,54564.65,228.40000000000146,False,True,False,True,54793.05,54502.95,54705.5,54679.75,457,-25.75,-0.04707022145853708,0.6094450189589775,FAILED_AUCTION,False,True,False,True,True,True,False,False,0,1,1,6,5,706.9000000000015,1407.8499999999985
2025-10-01,55300,55400,54900,500,54968.1,54582.55,385.54999999999563,True,False,False,False,55406.75,54582.55,54653.9,55386.65,451,732.75,1.3407094461694409,0.9756127153603511,TREND_UP,False,False,False,False,True,False,False,True,0,3,1,1,0,210.29999999999563,828.9499999999971
2025-10-03,55500,55600,55400,200,55536.25,55177.0,359.25,True,False,False,False,55616.45,55177.0,55182.6,55596.95,473,414.34999999999854,0.7508707454886115,0.9556263511207188,TREND_UP,False,False,False,False,True,False,False,True,0,2,1,1,0,490.65000000000146,341.40000000000146
2025-10-06,56000,56200,55900,300,55975.15,55727.25,247.90000000000146,True,False,False,False,56164.2,55727.25,55834.7,56087.6,473,252.90000000000146,0.45294413688978624,0.8246939009039957,TREND_UP,False,False,False,False,True,False,False,True,0,2,1,1,0,128.0,36.75
2025-10-07,56300,56500,56300,200,56384.25,56025.05,359.1999999999971,True,False,True,False,56502.45,56025.05,56126.4,56215.6,463,89.19999999999709,0.15892699335784424,0.39914118139924165,FAILED_AUCTION,True,False,True,False,True,False,False,True,0,3,6,0,-6,-277.25,405.34999999999854
2025-10-08,56000,56200,55900,300,56303.6,56038.75,264.84999999999854,False,True,False,False,56303.6,55821.0,56098.5,55938.35,475,-160.15000000000146,-0.28548000392167605,0.24316203895565458,NORMAL_VAR_DN,False,False,False,False,True,True,False,False,1,1,2,1,-1,186.0,694.75
2025-10-09,56100,56300,56000,300,56076.25,55843.9,232.34999999999854,True,False,False,False,56286.25,55843.9,55979.0,56124.35,467,145.34999999999854,0.259650940531268,0.6340002260653284,NORMAL_VAR_UP,False,False,False,False,True,False,False,True,0,2,1,0,-1,496.59999999999854,354.20000000000437
2025-10-10,56600,56800,56500,300,56555.9,56152.45,403.45000000000437,True,False,False,False,56760.25,56152.45,56168.6,56620.95,513,452.34999999999854,0.8053431988691165,0.7708127673576798,TREND_UP,False,False,False,False,True,False,False,True,0,3,1,1,0,12.150000000001455,197.5500000000029
2025-10-13,56500,56700,56500,200,56565.8,56327.4,238.40000000000146,True,False,False,False,56770.9,56327.4,56337.05,56633.1,485,296.04999999999563,0.5254978739568288,0.6892897406989787,TREND_UP,False,False,False,False,True,False,False,True,1,2,1,1,0,-154.54999999999563,740.1500000000015
2025-10-14,56300,56600,56300,300,56721.3,56473.65,247.65000000000146,False,True,False,True,56721.3,56230.15,56598.65,56478.55,496,-120.09999999999854,-0.21219587392985262,0.5057518069836113,FAILED_AUCTION,False,True,False,True,True,True,False,False,1,1,1,6,5,339.9499999999971,1245.449999999997
2025-10-15,56700,56900,56700,200,56702.85,56491.85,211.0,True,False,False,False,56922.7,56491.85,56528.95,56818.5,438,289.5500000000029,0.5122154223632367,0.7581524892654116,TREND_UP,False,False,False,False,True,False,False,True,0,2,1,1,0,554.75,1232.5
2025-10-16,57100,57500,57000,500,57225.35,56994.7,230.65000000000146,True,False,False,False,57525.8,56994.7,57139.95,57373.25,455,233.3000000000029,0.408295772047408,0.7127659574468062,TREND_UP,False,False,False,False,True,True,False,False,0,0,1,2,1,350.75,607.8499999999985
2025-10-17,57700,57800,57500,300,57568.55,57238.65,329.90000000000146,True,False,False,False,57830.2,57238.65,57362.9,57724.0,511,361.09999999999854,0.6295009492197894,0.8204716422956675,TREND_UP,False,False,False,False,True,False,False,True,0,3,1,1,0,327.0,17.5
2025-10-20,58100,58300,58000,300,58233.65,57872.85,360.8000000000029,True,False,True,False,58261.55,57872.85,57872.85,58051.0,511,178.15000000000146,0.30783001009972977,0.4583226138410071,FAILED_AUCTION,True,False,True,False,True,True,False,False,0,1,6,1,-5,-69.90000000000146,147.59999999999854
2025-10-23,58400,58600,58200,400,58542.85,58157.6,385.25,True,True,True,False,58577.5,57951.45,58314.55,57981.1,467,-333.45000000000437,-0.5718126951164064,0.047360434470092354,FAILED_AUCTION,True,False,True,False,True,False,False,True,0,2,7,0,-7,-239.59999999999854,290.45000000000437
2025-10-24,57800,57900,57500,400,58232.9,57985.35,247.5500000000029,False,True,False,False,58232.9,57482.05,58172.75,57741.5,492,-431.25,-0.7413264801818721,0.34554171938469413,TREND_DN,False,False,False,False,False,True,True,False,3,0,1,1,0,457.09999999999854,657.5500000000029
2025-10-27,58000,58200,58000,200,58077.65,57652.75,424.90000000000146,True,False,False,False,58224.55,57652.75,57796.45,58198.6,447,402.15000000000146,0.6958039810403606,0.9546169989506746,TREND_UP,False,False,False,False,True,False,False,True,0,3,1,1,0,72.95000000000437,-131.5
2025-10-28,57900,58200,57800,400,58313.8,57862.9,450.90000000000146,False,True,False,True,58313.8,57770.35,58006.55,58271.55,482,265.0,0.4568449597502351,0.9222559573097807,FAILED_AUCTION,False,True,False,True,True,True,False,False,1,0,1,7,6,127.5,-492.8000000000029
2025-10-29,58300,58400,58100,300,58372.55,58091.8,280.75,True,True,False,True,58469.9,58087.05,58316.25,58399.05,462,82.80000000000291,0.1419844382997928,0.8149405772495787,FAILED_AUCTION,False,True,False,True,True,True,False,False,1,0,1,7,6,-331.95000000000437,-282.8000000000029
2025-10-30,58100,58300,58100,200,58331.2,58075.55,255.64999999999418,False,True,False,False,58331.2,57999.2,58152.05,58067.1,483,-84.95000000000437,-0.14608255426937547,0.204518072289161,NORMAL_VAR_DN,False,False,False,False,True,True,False,False,0,1,2,1,-1,-288.34999999999854,-288.15000000000146
2025-10-31,57900,58000,57700,300,58254.95,57928.4,326.54999999999563,False,True,False,False,58254.95,57656.95,57942.45,57778.75,446,-163.6999999999971,-0.28252170904060336,0.20367892976589116,NORMAL_VAR_DN,False,False,False,False,False,True,True,False,3,0,1,1,0,337.5,-204.8000000000029
2025-11-03,58000,58200,58000,200,58064.75,57718.4,346.34999999999854,True,False,False,False,58247.55,57718.4,57726.85,58116.25,472,389.40000000000146,0.6745561207652964,0.7518662005102474,TREND_UP,False,False,False,False,True,False,False,True,0,3,1,1,0,-337.3000000000029,-212.8000000000029
2025-11-04,57800,58000,57800,200,58119.65,57868.6,251.0500000000029,False,True,False,False,58119.65,57732.95,57966.65,57778.95,430,-187.70000000000437,-0.3238068786103809,0.1189552624773713,NORMAL_VAR_DN,False,False,False,False,True,True,False,False,1,1,2,1,-1,-205.0,114.05000000000291
2025-11-06,57600,57700,57500,200,57945.05,57609.2,335.8500000000058,False,True,False,False,57945.05,57521.0,57714.8,57573.95,467,-140.85000000000582,-0.2440448550458562,0.12486735054827668,NORMAL_VAR_DN,False,False,False,False,False,True,True,False,2,0,1,1,0,329.5,574.1000000000058
2025-11-07,57800,58000,57200,800,57433.05,57157.85,275.20000000000437,True,False,False,False,58001.35,57157.85,57391.4,57903.45,473,512.0499999999956,0.8922068463219153,0.883935981031415,TREND_UP,False,False,False,False,True,True,False,False,0,0,1,2,1,-10.44999999999709,308.0
2025-11-10,58000,58100,57900,200,58059.4,57846.2,213.20000000000437,True,False,True,False,58097.2,57846.2,57846.2,57893.0,465,46.80000000000291,0.08090419076793792,0.18645418326694388,FAILED_AUCTION,True,False,True,False,True,True,False,False,0,1,7,1,-6,255.0500000000029,494.5
2025-11-11,57700,58100,57700,400,58082.45,57708.0,374.4499999999971,True,True,False,True,58187.35,57594.25,57962.3,58148.05,457,185.75,0.3204669241903789,0.933737986848768,FAILED_AUCTION,False,True,False,True,True,True,False,False,1,1,1,7,6,63.39999999999418,387.84999999999854
2025-11-12,58300,58500,58300,200,58507.7,58274.25,233.4499999999971,False,True,False,False,58507.7,58171.85,58505.35,58211.45,435,-293.90000000000146,-0.5023472212370347,0.1179097811522963,TREND_DN,False,False,False,False,True,True,False,True,0,1,2,0,-2,176.0500000000029,757.75
2025-11-13,58500,58600,58300,300,58487.2,58127.1,360.09999999999854,True,False,True,False,58615.95,58127.1,58158.75,58387.5,460,228.75,0.39332000773744275,0.5326787358085348,FAILED_AUCTION,True,False,True,False,True,False,False,False,0,2,6,0,-6,148.40000000000146,448.34999999999854
2025-11-14,58200,58400,58200,200,58467.9,58050.0,417.90000000000146,True,False,False,False,58590.15,58050.0,58050.0,58535.9,499,485.90000000000146,0.8370370370370396,0.8995649356660189,TREND_UP,False,False,False,False,False,False,False,False,2,2,0,1,1,433.29999999999563,672.0499999999956
2025-11-17,58900,59000,58900,100,58977.5,58605.3,372.1999999999971,True,False,True,False,59001.55,58605.3,58696.3,58969.2,426,272.8999999999942,0.4649356092291919,0.9183596214510894,FAILED_AUCTION,True,False,False,False,True,False,False,True,0,3,5,1,-4,-133.34999999999854,374.70000000000437
2025-11-18,58900,59100,58900,200,59026.85,58850.7,176.15000000000146,True,True,True,False,59103.65,58798.9,58990.5,58835.85,458,-154.65000000000146,-0.26216085640908526,0.12124692370794779,FAILED_AUCTION,True,False,True,False,True,True,False,True,0,1,7,0,-7,372.09999999999854,16.0
2025-11-19,58800,59100,58700,400,58952.75,58688.55,264.1999999999971,True,False,False,False,59264.25,58688.55,58908.15,59207.95,433,299.79999999999563,0.5089278817956354,0.9022060100746861,TREND_UP,False,False,False,False,False,True,True,False,2,0,0,2,2,135.95000000000437,-476.8999999999942
2025-11-20,59300,59400,59100,300,59326.65,59125.25,201.40000000000146,True,False,False,False,59440.1,59125.25,59308.2,59343.9,442,35.700000000004366,0.060194037249493945,0.6944576782594964,NORMAL_VAR_UP,False,False,False,False,True,True,False,False,0,0,1,2,1,-492.0500000000029,-533.0999999999985
2025-11-21,59000,59200,58900,300,59232.15,58958.5,273.65000000000146,False,True,False,False,59232.15,58823.65,59116.7,58851.85,462,-264.84999999999854,-0.4480121522344761,0.06903304773561099,TREND_DN,False,False,False,False,True,True,False,False,0,1,2,1,-1,-120.79999999999563,675.3000000000029
2025-11-24,59200,59300,59000,300,59133.25,58891.8,241.4499999999971,True,True,True,False,59309.9,58649.5,58996.9,58731.05,461,-265.84999999999854,-0.4506168968199999,0.12348576620230577,FAILED_AUCTION,True,False,True,False,True,False,False,True,0,4,7,0,-7,79.75,1033.0999999999985
2025-11-25,58900,59100,58800,300,59051.4,58746.2,305.20000000000437,True,False,True,False,59166.15,58746.2,58925.65,58810.8,479,-114.84999999999854,-0.19490663234092206,0.15382783664723218,FAILED_AUCTION,True,False,True,False,True,True,False,False,1,1,7,1,-6,716.3499999999985,919.5
2025-11-26,59400,59600,59400,200,59497.75,58783.05,714.6999999999971,True,False,False,False,59554.95,58783.05,58783.05,59527.15,437,744.0999999999985,1.2658410885450797,0.9639849721466565,TREND_UP,False,False,False,False,True,False,False,True,0,6,1,1,0,237.0,170.0
2025-11-27,59700,59800,59600,200,59804.65,59549.45,255.20000000000437,True,True,True,True,59866.6,59523.0,59605.3,59764.15,445,158.84999999999854,0.26650314653226903,0.7018335273573996,FAILED_AUCTION,True,True,False,True,True,True,False,False,1,1,5,7,2,-33.849999999998545,-417.0500000000029
2025-11-28,59700,59900,59700,200,59784.9,59598.95,185.95000000000437,True,False,True,False,59897.5,59598.95,59758.7,59730.3,438,-28.39999999999418,-0.04752446087346977,0.439959805727699,FAILED_AUCTION,True,False,False,False,True,True,False,True,0,1,5,0,-5,-33.150000000001455,-397.15000000000146
2025-12-01,59700,60100,59600,500,60114.05,59888.35,225.70000000000437,True,True,True,False,60114.3,59527.6,60102.05,59697.15,475,-404.90000000000146,-0.6736875031716912,0.2889892619737543,FAILED_AUCTION,True,False,True,False,True,True,False,False,0,1,7,1,-6,-350.0500000000029,-424.45000000000437
2025-12-02,59500,59600,59400,200,59576.5,59304.25,272.25,True,True,True,True,59656.55,59251.95,59354.2,59347.1,454,-7.099999999998545,-0.011962085244175719,0.23517053880375702,FAILED_AUCTION,True,True,True,False,True,True,False,True,1,1,7,4,-3,-13.94999999999709,388.70000000000437
2025-12-03,59000,59200,59000,200,59356.75,59004.2,352.5500000000029,True,True,True,True,59414.9,58925.7,59158.7,59333.15,490,174.45000000000437,0.29488477603463964,0.8328904333605902,FAILED_AUCTION,True,True,False,True,False,True,True,False,2,1,4,7,3,-60.450000000004366,-185.84999999999854
2025-12-04,59200,59400,59100,300,59414.55,59180.35,234.20000000000437,True,True,True,True,59548.7,59062.15,59287.1,59272.7,462,-14.400000000001455,-0.024288588917321736,0.4327407255163858,FAILED_AUCTION,True,True,False,True,True,True,True,False,1,0,4,6,2,463.1000000000058,-60.599999999998545
2025-12-05,59700,59800,59500,300,59658.65,59106.55,552.0999999999985,True,False,False,False,59806.6,59106.55,59133.2,59735.8,490,602.6000000000058,1.0190552853557828,0.8988643668309463,TREND_UP,False,False,False,False,True,False,False,True,0,4,1,1,0,-588.5,-797.5
2025-12-08,59500,59600,59100,500,59713.15,59462.45,250.70000000000437,False,True,False,False,59713.15,59030.6,59672.05,59147.3,475,-524.75,-0.8793899321374078,0.1709764852391823,TREND_DN,False,False,False,False,True,True,False,False,1,1,2,1,-1,64.79999999999563,57.299999999995634
2025-12-09,59200,59300,59000,300,59103.45,58878.45,225.0,True,False,False,False,59358.25,58878.45,58918.85,59212.1,477,293.25,0.4977184721018825,0.6953939141308867,TREND_UP,False,False,False,False,True,True,False,True,1,1,1,1,0,-273.79999999999563,184.70000000000437
2025-12-10,58900,59400,58900,500,59440.9,59185.55,255.34999999999854,False,True,False,False,59440.9,58853.9,59281.55,58938.3,464,-343.25,-0.5790165742967247,0.14378194207836703,TREND_DN,False,False,False,True,True,True,False,False,0,0,2,2,0,266.29999999999563,506.3999999999942
2025-12-11,59200,59400,59100,300,59117.25,58799.9,317.34999999999854,True,False,False,False,59423.35,58799.9,58966.2,59204.6,472,238.40000000000146,0.404299412205639,0.6491298420081787,NORMAL_VAR_UP,False,False,False,False,True,False,False,True,0,3,1,0,-1,192.20000000000437,-194.0
2025-12-12,59300,59500,59300,200,59545.7,59337.8,207.89999999999418,False,True,False,True,59545.7,59224.85,59401.5,59396.8,460,-4.69999999999709,-0.007912258107955338,0.5359202119370583,FAILED_AUCTION,False,True,False,True,True,True,False,False,0,1,1,6,5,47.89999999999418,-435.3000000000029
2025-12-15,59400,59500,59200,300,59357.3,59052.3,305.0,True,False,False,False,59533.0,59052.3,59053.7,59444.7,439,391.0,0.6621092327830432,0.8163095485749876,TREND_UP,False,False,False,False,True,True,False,False,0,1,1,2,1,-434.09999999999854,-539.4499999999971
2025-12-16,59000,59200,59000,200,59335.25,59041.1,294.15000000000146,False,True,False,False,59335.25,58966.35,59288.75,59010.6,469,-278.15000000000146,-0.4691446522316653,0.11995120628896673,TREND_DN,False,False,False,True,True,True,False,False,1,0,2,2,0,-49.099999999998545,36.200000000004366
2025-12-17,58900,59000,58800,200,59127.2,58893.95,233.25,False,True,False,True,59127.2,58801.4,59072.8,58961.5,446,-111.30000000000291,-0.18841158705868505,0.4914057704112974,FAILED_AUCTION,False,True,False,True,True,True,True,False,1,0,0,6,6,-56.25,322.59999999999854
2025-12-18,59100,59200,58900,300,59003.8,58712.7,291.1000000000058,True,False,True,False,59211.0,58712.7,58712.7,58905.25,444,192.5500000000029,0.3279528960514555,0.3864138069436118,FAILED_AUCTION,True,False,True,False,True,False,False,True,0,2,6,0,-6,141.5500000000029,371.3000000000029
2025-12-19,59000,59100,58900,200,59134.75,58947.0,187.75,True,True,True,True,59140.55,58897.5,59047.4,59046.8,458,-0.5999999999985448,-0.00101613280178051,0.6142768977576677,FAILED_AUCTION,True,True,False,True,True,True,False,False,0,0,5,6,1,237.29999999999563,88.59999999999854
2025-12-22,59200,59400,59200,200,59371.2,59155.5,215.6999999999971,False,False,False,False,59371.2,59155.5,59224.75,59284.1,467,59.349999999998545,0.10021148253052743,0.5961984237366726,NORMAL,False,False,False,False,True,True,False,False,0,0,1,1,0,-7.549999999995634,-289.65000000000146
2025-12-23,59300,59400,59200,200,59402.35,59216.75,185.59999999999854,False,False,False,False,59402.35,59216.75,59334.35,59276.55,460,-57.799999999995634,-0.09741406116355136,0.32219827586208716,NORMAL,False,False,False,False,True,True,False,False,0,0,2,1,-1,-141.15000000000146,-322.6000000000058
2025-12-24,59300,59500,59200,300,59478.15,59251.65,226.5,False,True,False,False,59478.15,59118.25,59322.95,59135.4,476,-187.54999999999563,-0.3161508320135726,0.04765212559044564,TREND_DN,False,False,False,False,True,True,False,False,0,1,2,1,-1,-140.95000000000437,118.54999999999563
2025-12-26,59000,59200,59000,200,59180.65,59072.45,108.20000000000437,False,True,False,False,59180.65,58947.05,59092.85,58994.45,440,-98.40000000000146,-0.16651760746012664,0.20291095890408595,TREND_DN,False,False,False,False,True,True,False,False,0,1,2,1,-1,-40.5,624.9000000000015
2025-12-29,58800,59000,58800,200,59140.4,58916.65,223.75,False,True,False,True,59140.4,58809.55,59007.05,58953.95,406,-53.10000000000582,-0.08998924704760841,0.43645156415292374,FAILED_AUCTION,False,True,False,True,True,True,True,False,1,0,0,6,6,300.0,753.6000000000058
2025-12-30,58900,59100,58800,300,58964.35,58737.6,226.75,True,False,False,False,59272.7,58737.6,58885.95,59253.95,461,368.0,0.6249368482634653,0.9649598205942813,TREND_UP,False,False,False,False,False,True,True,False,2,1,0,2,2,365.40000000000146,920.8000000000029
2025-12-31,59700,59800,59300,500,59414.05,59187.1,226.95000000000437,True,False,False,False,59766.2,59187.1,59194.6,59619.35,463,424.75,0.7175485601727185,0.7464168537385617,TREND_UP,False,False,True,False,True,True,False,False,0,1,2,2,0,88.20000000000437,436.15000000000146
2026-01-01,59600,59800,59600,200,59720.0,59569.65,150.34999999999854,True,False,True,False,59743.2,59569.65,59674.8,59707.55,477,32.75,0.0548807871999571,0.7945836934601264,FAILED_AUCTION,True,False,False,False,True,True,False,False,0,0,5,2,-3,467.1999999999971,388.25
2026-01-02,60000,60200,60000,200,60062.75,59738.25,324.5,True,False,False,False,60203.75,59738.25,59757.4,60174.75,519,417.34999999999854,0.6984072265526923,0.9377013963480129,TREND_UP,False,False,False,False,True,False,False,True,0,3,1,1,0,-119.25,-197.90000000000146
2026-01-05,60200,60400,60000,400,60437.35,60122.35,315.0,False,True,False,False,60437.35,59859.8,60360.4,60055.5,472,-304.90000000000146,-0.5051325040920892,0.33884512163448804,TREND_DN,False,False,False,False,True,True,False,False,0,1,2,1,-1,40.30000000000291,-378.8000000000029
2026-01-06,60100,60300,60100,200,60303.15,59834.3,468.84999999999854,True,False,True,False,60305.0,59834.3,59957.8,60095.8,460,138.0,0.23016188052263423,0.555555555555559,FAILED_AUCTION,True,False,True,False,True,False,False,True,0,3,6,0,-6,-118.95000000000437,-826.4500000000044
2026-01-07,59900,60000,59800,200,60052.85,59861.35,191.5,True,True,True,True,60065.4,59760.65,60039.7,59976.85,464,-62.849999999998545,-0.10468073624618135,0.7094339622641413,FAILED_AUCTION,True,True,False,True,True,True,False,False,1,0,5,7,2,-300.15000000000146,-442.79999999999563
2026-01-08,59700,60000,59600,400,60112.85,59777.6,335.25,False,True,False,False,60112.85,59564.8,59893.15,59676.7,454,-216.45000000000437,-0.3613935817368169,0.20417845087126188,NORMAL_VAR_DN,False,False,False,False,True,True,False,False,1,0,2,1,-1,-407.34999999999854,-134.34999999999854
2026-01-09,59200,59500,59200,300,59739.65,59409.05,330.59999999999854,False,True,False,False,59739.65,59154.2,59558.15,59269.35,478,-288.8000000000029,-0.4849042490406483,0.1966863096763184,TREND_DN,False,False,False,True,False,True,True,False,2,0,1,2,1,264.70000000000437,306.45000000000437
2026-01-12,59400,59500,58900,600,59322.15,58982.75,339.40000000000146,True,True,False,True,59541.1,58864.2,59217.25,59534.05,476,316.8000000000029,0.5349792501340452,0.9895848722115591,FAILED_AUCTION,False,True,False,True,True,True,False,False,0,0,1,7,6,8.299999999995634,576.4499999999971
2026-01-13,59500,59700,59400,300,59767.55,59463.75,303.8000000000029,False,True,False,True,59767.55,59312.05,59767.55,59542.35,486,-225.20000000000437,-0.37679309257281646,0.5055982436882451,FAILED_AUCTION,False,True,False,True,True,True,False,False,1,1,1,6,5,33.450000000004366,287.5500000000029
2026-01-14,59600,59700,59500,200,59667.3,59324.2,343.1000000000058,True,False,True,False,59796.65,59324.2,59330.35,59575.8,486,245.45000000000437,0.4137005765177592,0.5325431262567542,FAILED_AUCTION,True,False,True,False,True,False,False,True,1,2,6,0,-6,534.6999999999971,-203.5
2026-01-16,60000,60100,59900,200,60026.7,59510.5,516.1999999999971,True,False,False,False,60235.15,59510.5,59590.35,60110.5,466,520.1500000000015,0.8728762291209927,0.8279859242392863,TREND_UP,False,False,False,False,True,False,False,True,1,4,1,1,0,-280.59999999999854,-1369.300000000003
2026-01-19,59800,59900,59700,200,60107.5,59594.6,512.9000000000015,False,False,False,False,60107.5,59594.6,60093.3,59829.9,481,-263.40000000000146,-0.43831841486488754,0.45876389159680686,NORMAL,False,False,False,False,False,True,False,False,2,1,0,1,1,-457.59999999999854,-572.3499999999985
2026-01-20,59600,59800,59500,300,59993.5,59621.95,371.5500000000029,False,True,False,False,59993.5,59283.95,59851.4,59372.3,503,-479.09999999999854,-0.8004825283953233,0.12451553801706075,TREND_DN,False,False,False,False,False,False,True,True,2,2,1,0,-1,-631.1000000000058,-871.2000000000044
2026-01-21,58800,59200,58500,700,59447.35,58970.3,477.04999999999563,False,True,False,False,59447.35,58278.6,59142.0,58741.2,532,-400.8000000000029,-0.6776909810287155,0.3958074866310148,TREND_DN,False,False,False,False,False,False,True,False,2,2,0,0,0,516.3500000000058,607.0500000000029
2026-01-22,59000,59300,58900,400,59573.1,59087.3,485.79999999999563,False,True,False,True,59573.1,58823.05,59194.25,59257.55,521,63.30000000000291,0.10693606220199244,0.5792947136857577,FAILED_AUCTION,False,True,False,True,False,True,True,False,3,1,0,6,6,-756.4500000000044,317.25
2026-01-23,59100,59200,58500,700,59400.15,59027.1,373.0500000000029,False,True,False,False,59400.15,58346.25,59305.15,58501.1,499,-804.0500000000029,-1.355784447050556,0.14693044880918335,TREND_DN,False,False,False,False,False,False,True,False,2,2,1,0,-1,847.1500000000015,1479.300000000003
2026-01-27,58700,58800,58500,300,58701.1,58121.6,579.5,True,False,False,False,59436.8,58121.6,58366.05,59348.25,521,982.1999999999971,1.6828276026902573,0.9326718369829664,TREND_UP,False,False,False,False,False,False,True,True,6,4,0,1,1,226.5500000000029,229.34999999999854
2026-01-28,59500,59700,59400,300,59659.15,59401.9,257.25,True,True,True,True,59699.9,59240.1,59575.65,59574.8,523,-0.8499999999985448,-0.0014267574084354006,0.7279251848629887,FAILED_AUCTION,True,True,False,True,True,False,False,True,0,2,5,6,1,405.59999999999854,-1221.050000000003
2026-01-29,59900,60000,59500,500,59604.8,59339.0,265.8000000000029,True,False,False,False,60060.7,59339.0,59416.25,59980.4,472,564.1500000000015,0.9494877243178448,0.8887349314119496,TREND_UP,False,False,False,False,True,False,False,True,1,2,1,1,0,-402.8000000000029,-1377.9000000000015
2026-01-30,59700,59900,59700,200,59895.5,59535.4,360.09999999999854,True,True,True,True,59906.9,59501.8,59542.25,59577.6,471,35.349999999998545,0.059369607295657364,0.18711429276720787,FAILED_AUCTION,True,True,True,False,True,False,False,True,0,2,7,4,-3,-1223.8499999999985,409.09999999999854
2026-02-01,58800,59800,58700,1100,59638.7,59390.5,248.1999999999971,True,True,True,False,59865.7,57783.2,59607.65,58353.75,589,-1253.9000000000015,-2.103589052747427,0.2739735894357757,FAILED_AUCTION,True,False,True,False,True,False,False,True,1,9,7,0,-7,248.75,1794.3499999999985
2026-02-02,58200,58400,58000,400,58519.95,57916.2,603.75,True,True,False,True,58687.05,57829.85,58239.3,58602.5,518,363.1999999999971,0.6236338692257583,0.9013649090060634,FAILED_AUCTION,False,True,False,True,False,False,False,False,3,2,0,6,6,1384.199999999997,1452.75
2026-02-03,60100,60200,60000,200,61764.85,59793.2,1971.6500000000015,False,False,False,False,61764.85,59793.2,61411.2,59986.7,482,-1424.5,-2.3196094523474544,0.09814115081277096,NORMAL,False,False,False,False,False,False,True,False,16,2,1,0,-1,161.40000000000146,126.10000000000582
2026-02-04,60200,60300,60100,200,60327.1,59891.75,435.34999999999854,True,False,True,False,60389.4,59891.75,60163.35,60148.1,453,-15.25,-0.025347657668663728,0.5151210690244103,FAILED_AUCTION,True,False,True,False,True,False,False,False,1,2,6,0,-6,-92.84999999999854,518.7000000000044
2026-02-05,60000,60100,59900,200,60328.3,60064.0,264.3000000000029,False,True,False,False,60328.3,59881.05,60315.35,60055.25,462,-260.09999999999854,-0.4312335085513034,0.3894913359418605,TREND_DN,False,False,False,True,False,True,True,False,2,0,0,2,2,57.55000000000291,513.0
2026-02-06,59900,60000,59700,300,60119.95,59873.45,246.5,True,True,True,True,60149.9,59644.55,59967.1,60112.8,486,145.70000000000437,0.24296655999707234,0.9265855347778794,FAILED_AUCTION,True,True,False,True,True,True,True,False,1,1,4,7,3,554.0,631.1499999999942
2026-02-09,60600,60700,60500,200,60876.2,60495.7,380.5,False,False,False,False,60876.2,60495.7,60805.2,60666.8,454,-138.39999999999418,-0.22761211212198001,0.44967148488832015,NORMAL,False,False,False,False,False,True,False,False,2,0,0,1,1,-98.55000000000291,41.0
2026-02-10,60700,60800,60600,200,60760.6,60597.95,162.65000000000146,True,True,True,False,60797.55,60531.55,60740.8,60568.25,423,-172.5500000000029,-0.28407594236493905,0.13796992481201914,FAILED_AUCTION,True,False,True,False,True,True,False,False,0,1,7,1,-6,175.6999999999971,-398.5500000000029
2026-02-11,60600,60800,60600,200,60727.1,60444.65,282.4499999999971,True,False,False,False,60779.95,60444.65,60670.25,60743.95,454,73.69999999999709,0.12147634136994176,0.8926334625708306,NORMAL_VAR_UP,False,False,False,False,True,False,False,True,0,2,1,1,0,-36.14999999999418,249.90000000000146
2026-02-12,60700,60900,60700,200,60856.75,60678.75,178.0,True,True,True,True,60864.4,60597.65,60786.15,60707.8,475,-78.34999999999854,-0.12889449323571,0.4129334582942885,FAILED_AUCTION,True,True,False,True,True,True,False,True,0,1,5,5,0,-538.1000000000058,436.34999999999854
2026-02-13,60200,60400,60200,200,60621.9,60415.95,205.95000000000437,False,True,False,False,60621.9,60073.55,60504.4,60169.7,488,-334.70000000000437,-0.5531829090115833,0.17534421446155637,TREND_DN,False,False,False,False,False,True,True,True,2,1,1,0,-1,824.1500000000015,1350.7000000000044
2026-02-16,60400,60900,60300,600,60440.15,59861.1,579.0500000000029,True,False,False,False,61011.3,59861.1,59947.8,60993.85,479,1046.0499999999956,1.7449347599077791,0.9848287254390503,TREND_UP,False,False,False,False,True,False,False,True,1,4,1,1,0,150.3000000000029,-333.09999999999854
2026-02-17,61100,61200,60600,600,60886.1,60560.0,326.09999999999854,True,False,False,False,61241.6,60560.0,60821.15,61144.15,448,323.0,0.5310652626594531,0.8570275821596284,TREND_UP,False,False,False,False,True,True,False,False,0,0,1,2,1,376.25,-3.8000000000029104
2026-02-18,61200,61400,61200,200,61309.3,61100.9,208.40000000000146,True,False,False,False,61596.85,61100.9,61255.35,61520.4,436,265.0500000000029,0.43269689912799925,0.8458513963101169,TREND_UP,False,False,False,False,False,True,True,False,2,1,0,2,2,-859.6500000000015,-245.40000000000146
2026-02-19,61000,61500,60900,600,61678.8,61369.8,309.0,False,True,False,False,61678.8,60592.9,61660.85,60660.75,469,-1000.0999999999985,-1.621936771873885,0.062482733216685196,TREND_DN,False,False,False,False,False,False,True,True,2,3,1,0,-1,479.59999999999854,411.6999999999971
2026-02-20,61100,61300,61000,300,61112.75,60562.35,550.4000000000015,True,False,False,False,61360.5,60562.35,60627.85,61140.35,483,512.5,0.8453210859365786,0.7241746538871127,TREND_UP,False,False,False,False,True,False,False,True,1,4,1,1,0,134.65000000000146,-128.0
2026-02-23,61100,61300,61100,200,61517.8,61067.7,450.1000000000058,False,True,False,True,61517.8,61029.15,61145.55,61275.0,489,129.4499999999971,0.2117079656655261,0.5031208431392568,FAILED_AUCTION,False,True,False,True,False,True,False,False,2,1,0,6,6,-202.5500000000029,-178.0
2026-02-24,61200,61300,61000,300,61392.1,61109.15,282.9499999999971,True,True,True,False,61435.65,60801.85,61392.1,61072.45,482,-319.65000000000146,-0.5206695975540852,0.4269485642158367,FAILED_AUCTION,True,False,True,False,True,False,False,True,1,2,6,0,-6,-60.099999999998545,-590.0
2026-02-25,61100,61300,60900,400,61317.55,61145.2,172.35000000000582,False,True,False,False,61317.55,60816.75,61175.05,61012.35,472,-162.70000000000437,-0.2659580989308621,0.3905750798721993,TREND_DN,False,False,False,False,True,True,False,False,0,1,1,1,0,84.65000000000146,-1156.2999999999956
2026-02-26,61100,61200,60900,300,61249.7,61061.3,188.39999999999418,True,True,True,True,61284.75,60813.3,61193.9,61097.0,470,-96.90000000000146,-0.1583491164969081,0.6017605260366928,FAILED_AUCTION,True,True,True,False,True,True,False,False,1,1,6,5,-1,-614.5500000000029,-2337.3499999999985
2026-02-27,60700,60800,60600,200,61086.45,60684.7,401.75,False,True,False,False,61086.45,60438.95,61057.45,60482.45,478,-575.0,-0.941736020747673,0.06718146718146718,TREND_DN,False,False,False,False,False,False,True,False,3,2,1,0,-1,-626.3999999999942,-1512.199999999997
2026-03-02,59800,60100,59600,500,60177.5,59148.0,1029.5,False,False,False,False,60177.5,59148.0,59204.3,59856.05,492,651.75,1.1008490937313673,0.6877610490529411,NORMAL,False,False,False,False,True,False,False,False,1,5,1,1,0,-1096.4000000000015,-2073.6500000000015
2026-03-04,58500,58800,58500,300,58996.95,58393.55,603.3999999999942,True,False,True,False,59058.4,58393.55,58447.15,58759.65,506,312.5,0.5346710660827774,0.5506505226742865,FAILED_AUCTION,True,False,False,False,False,True,False,False,3,1,4,1,-3,210.59999999999854,-2761.050000000003
2026-03-05,58900,59100,58700,400,59088.7,58809.7,279.0,True,True,True,True,59274.35,58506.4,59008.25,58970.25,503,-38.0,-0.06439777488740982,0.6040106777785016,FAILED_AUCTION,True,True,False,True,False,False,True,True,2,2,4,5,1,-1187.8499999999985,-1968.1500000000015
2026-03-06,58200,58500,58200,300,58807.15,58406.85,400.3000000000029,False,True,False,False,58807.15,57696.4,58629.6,57782.4,475,-847.1999999999971,-1.445003888820659,0.07742516317803286,TREND_DN,False,False,False,False,False,False,True,True,3,5,1,0,-1,-1783.800000000003,-2116.0
2026-03-09,55700,55900,55400,500,56274.15,55270.6,1003.5500000000029,False,False,False,False,56274.15,55270.6,56121.4,55998.6,557,-122.80000000000291,-0.21881136251056263,0.725424742165311,NORMAL,False,False,False,False,False,True,False,False,4,1,0,2,2,1003.5,-865.0
2026-03-10,56800,57000,56700,300,56745.65,56387.2,358.45000000000437,True,False,False,False,57097.05,56387.2,56583.85,57002.1,503,418.25,0.73916850832879,0.8662393463407712,TREND_UP,False,False,False,False,True,False,False,True,1,3,1,1,0,-1335.699999999997,-3231.199999999997
2026-03-11,56000,56700,55900,800,56938.4,56517.0,421.40000000000146,False,True,False,False,56938.4,55631.95,56790.4,55666.4,492,-1124.0,-1.9792077534231136,0.026369168357001226,TREND_DN,False,False,False,False,False,False,True,True,2,3,1,0,-1,-532.8000000000029,-1378.6500000000015
2026-03-12,55100,55400,55000,400,55239.1,54760.55,478.54999999999563,True,False,True,False,55636.95,54760.55,55008.2,55133.6,552,125.40000000000146,0.22796601233998104,0.42566179826563,FAILED_AUCTION,True,False,False,False,False,False,False,True,2,2,4,0,-4,-1362.699999999997,-294.84999999999854
2026-03-13,54000,54200,53700,500,54713.75,54115.2,598.5500000000029,False,True,False,False,54713.75,53675.7,54592.05,53770.9,488,-821.1500000000015,-1.5041567407708658,0.0917104185732904,TREND_DN,False,False,False,False,False,True,True,False,5,0,1,1,0,516.8499999999985,1553.5999999999985
2026-03-16,53600,54500,53500,1000,54170.5,53630.6,539.9000000000015,True,True,False,True,54664.15,53258.15,53721.5,54287.75,563,566.25,1.0540472622692965,0.7322901849217628,FAILED_AUCTION,False,True,False,True,False,False,False,False,2,2,0,6,6,551.0,-594.75
2026-03-17,54300,54700,54200,500,54651.0,54113.15,537.8499999999985,True,False,False,False,54996.0,54113.15,54649.1,54838.75,527,189.65000000000146,0.347032247557602,0.8218836721979949,NORMAL_VAR_UP,False,False,False,False,False,True,True,False,3,1,0,2,2,485.75,-1384.9000000000015
2026-03-18,55300,55400,54900,500,55109.3,54689.1,420.20000000000437,True,False,False,False,55554.15,54689.1,54927.05,55324.5,485,397.4499999999971,0.7235961152109882,0.7345240159528343,TREND_UP,False,False,False,False,False,False,False,True,2,2,0,1,1,-1631.5,-3878.3499999999985
2026-03-19,53800,54000,53600,400,54110.55,53437.25,673.3000000000029,True,True,True,True,54150.3,53240.6,53474.55,53693.0,539,218.4499999999971,0.4085120865907186,0.4973068044410237,FAILED_AUCTION,True,True,True,False,False,False,False,True,2,4,5,4,-1,-239.15000000000146,-947.3499999999985
2026-03-20,54000,54200,53600,600,54382.45,53548.2,834.25,False,True,False,False,54382.45,53297.55,53548.2,53453.85,539,-94.34999999999854,-0.176196398758499,0.14406857774909804,NORMAL_VAR_DN,False,False,False,False,False,False,False,False,2,3,1,0,-1,-2007.699999999997,236.09999999999854
2026-03-23,51700,52000,51600,400,52665.3,51796.3,869.0,False,True,False,False,52665.3,51323.6,52576.1,51446.15,510,-1129.949999999997,-2.1491704405613903,0.09133934560632222,TREND_DN,False,False,False,False,False,False,True,False,7,3,1,0,-1,1299.5,918.1999999999971
2026-03-24,52000,52800,51900,900,52495.7,51997.2,498.5,True,True,False,True,52949.15,51827.5,52384.8,52745.65,574,360.84999999999854,0.6888448557596831,0.818570855436188,FAILED_AUCTION,False,True,False,True,True,True,False,False,1,1,1,7,6,944.2999999999956,-2342.300000000003
2026-03-25,53900,54000,53600,400,53754.2,53024.75,729.4499999999971,True,False,True,False,54146.15,53024.75,53024.75,53689.95,541,665.1999999999971,1.2545085078194562,0.5931870875691067,FAILED_AUCTION,True,False,True,False,True,False,False,True,1,6,6,0,-6,-1325.5999999999985,-2163.8499999999985
2026-03-27,52500,52800,52400,400,53292.5,52615.2,677.3000000000029,False,True,False,False,53292.5,52211.2,53244.25,52364.35,497,-879.9000000000015,-1.6525728130267616,0.14163506889854902,TREND_DN,False,False,False,False,False,False,True,False,5,2,1,0,-1,-1961.0,-808.1500000000015
2026-03-30,50800,51100,50400,700,51624.5,50888.15,736.3499999999985,False,True,False,False,51624.5,50105.25,51527.9,50403.35,541,-1124.550000000003,-2.1824099177338936,0.19621523778179928,TREND_DN,False,False,False,False,False,False,True,False,5,3,1,0,-1,1122.75,2182.0
2026-04-01,51600,51800,51200,600,51806.25,51420.2,386.0500000000029,True,True,True,True,52025.85,51133.55,51433.9,51526.1,507,92.19999999999709,0.17925920453241362,0.4399305166423821,FAILED_AUCTION,True,True,True,False,False,True,True,False,2,1,5,5,0,30.099999999998545,853.5999999999985
2026-04-02,50100,51300,50000,1300,50646.15,50004.3,641.8499999999985,True,True,False,True,51731.95,49954.85,50625.65,51556.2,545,930.5499999999956,1.8380998564956608,0.9011029204884361,FAILED_AUCTION,False,True,False,True,False,True,True,False,4,0,0,7,7,1029.1500000000015,
2026-04-06,51500,52500,51300,1200,51879.65,51111.1,768.5500000000029,True,False,False,False,52704.55,51111.1,51747.6,52585.35,554,837.75,1.618915659856689,0.9251937619630336,TREND_UP,False,False,False,False,False,False,False,False,2,2,0,1,1,-205.65000000000146,
2026-04-07,52100,52300,52100,200,52290.5,51868.45,422.0500000000029,True,False,False,False,52387.95,51868.45,52258.7,52379.7,361,121.0,0.23154039423100842,0.9841193455245428,NORMAL_VAR_UP,False,False,False,False,True,False,False,True,1,2,1,1,0,,
