series_id,exp,strike,opt_type,entry_date,month,entry_time,entry_price,spot_px,spot_poc,poc_rev,poc_alloc,has_ibr,ibh,ibl,ibr,ibr_tgt_pct,rA,rB,reason_A,reason_B,exit_t_A,exit_t_B
NIFTY|weekly|2025-04-09,2025-04-09,23200.0,CE,2025-04-07,2025-04,2025-04-07 14:50:00+05:30,11.6,22030.5,21950.0,False,0.1,True,20.8,1.75,19.05,243.5,30.0,-99.569,target_hit,hold_to_end,2025-04-07 15:10:00+05:30,2025-04-09 15:30:00+05:30
NIFTY|weekly|2025-04-09,2025-04-09,23200.0,CE,2025-04-08,2025-04,2025-04-08 12:00:00+05:30,11.35,22421.35,22550.0,True,0.35,True,25.95,8.69,17.26,280.7,30.0,-99.5595,target_hit,hold_to_end,2025-04-08 12:10:00+05:30,2025-04-09 15:30:00+05:30
NIFTY|weekly|2025-04-09,2025-04-09,23200.0,PE,2025-04-03,2025-04,2025-04-03 13:25:00+05:30,122.5,23257.9,23250.0,True,0.35,True,186.4,120.35,66.05,106.1,30.0,106.08163265306123,target_hit,target_hit,2025-04-04 09:15:00+05:30,2025-04-04 09:25:00+05:30
NIFTY|weekly|2025-04-09,2025-04-09,23200.0,PE,2025-04-08,2025-04,2025-04-08 15:15:00+05:30,665.6,22524.85,22550.0,False,0.1,True,820.0,653.7,166.3,48.2,20.3726,20.3726,hold_to_end,hold_to_end,2025-04-09 15:30:00+05:30,2025-04-09 15:30:00+05:30
NIFTY|weekly|2025-04-17,2025-04-17,23200.0,CE,2025-04-07,2025-04,2025-04-07 14:50:00+05:30,47.5,22030.5,21950.0,False,0.1,True,55.0,5.6,49.4,119.8,30.0,119.78947368421053,target_hit,target_hit,2025-04-07 15:10:00+05:30,2025-04-08 13:00:00+05:30
NIFTY|weekly|2025-04-17,2025-04-17,23200.0,CE,2025-04-08,2025-04,2025-04-08 11:05:00+05:30,65.5,22405.2,22550.0,True,0.35,True,98.3,56.1,42.2,114.5,30.0,114.50381679389312,target_hit,target_hit,2025-04-08 12:15:00+05:30,2025-04-15 09:15:00+05:30
NIFTY|weekly|2025-04-17,2025-04-17,23200.0,CE,2025-04-09,2025-04,2025-04-09 14:35:00+05:30,37.0,22403.2,22400.0,False,0.1,True,91.0,37.4,53.6,290.8,30.0,290.81081081081084,target_hit,target_hit,2025-04-09 15:15:00+05:30,2025-04-15 09:15:00+05:30
NIFTY|weekly|2025-04-17,2025-04-17,23200.0,CE,2025-04-11,2025-04,2025-04-11 15:00:00+05:30,103.9,22832.45,22800.0,False,0.1,True,125.7,75.84,49.86,69.0,30.0,68.97016361886429,target_hit,target_hit,2025-04-15 09:15:00+05:30,2025-04-15 09:15:00+05:30
NIFTY|weekly|2025-04-17,2025-04-17,23200.0,CE,2025-04-16,2025-04,2025-04-16 11:35:00+05:30,146.5,23324.65,23325.0,True,0.35,True,176.85,100.2,76.65,73.0,30.0,73.03754266211604,target_hit,target_hit,2025-04-16 14:00:00+05:30,2025-04-17 11:15:00+05:30
NIFTY|weekly|2025-04-17,2025-04-17,23200.0,PE,2025-04-03,2025-04,2025-04-03 13:25:00+05:30,175.3,23257.9,23250.0,True,0.35,True,234.85,172.25,62.6,69.7,30.0,69.68054763262977,target_hit,target_hit,2025-04-04 09:15:00+05:30,2025-04-04 09:25:00+05:30
NIFTY|weekly|2025-04-24,2025-04-24,22700.0,CE,2025-04-11,2025-04,2025-04-11 11:35:00+05:30,489.5,22887.15,22800.0,False,0.1,True,516.4,408.25,108.15,27.6,30.0,27.589376915219603,target_hit,target_hit,2025-04-15 09:15:00+05:30,2025-04-15 09:15:00+05:30
NIFTY|weekly|2025-04-24,2025-04-24,22700.0,CE,2025-04-16,2025-04,2025-04-16 11:50:00+05:30,685.0,23334.55,23325.0,False,0.1,True,714.05,632.65,81.4,16.1,30.0,16.124087591240865,target_hit,target_hit,2025-04-17 11:40:00+05:30,2025-04-17 11:20:00+05:30
NIFTY|weekly|2025-04-24,2025-04-24,22700.0,CE,2025-04-21,2025-04,2025-04-21 14:55:00+05:30,1461.35,24148.25,24125.0,False,0.1,True,1373.0,1192.45,180.55,15.0,6.0663,6.0663,hold_to_end,hold_to_end,2025-04-24 15:30:00+05:30,2025-04-24 15:30:00+05:30
NIFTY|weekly|2025-04-24,2025-04-24,22700.0,PE,2025-04-11,2025-04,2025-04-11 13:45:00+05:30,233.9,22863.0,22800.0,True,0.35,True,333.45,246.2,87.25,79.9,-99.9572,-99.9572,hold_to_end,hold_to_end,2025-04-24 15:30:00+05:30,2025-04-24 15:30:00+05:30
NIFTY|weekly|2025-05-08,2025-05-08,24300.0,CE,2025-05-02,2025-05,2025-05-02 13:55:00+05:30,236.1,24395.95,24350.0,False,0.1,True,435.95,247.3,188.65,164.5,-99.9788,-99.9788,hold_to_end,hold_to_end,2025-05-08 15:30:00+05:30,2025-05-08 15:30:00+05:30
NIFTY|weekly|2025-05-08,2025-05-08,24300.0,PE,2025-04-25,2025-04,2025-04-25 15:30:00+05:30,419.9,23991.65,24025.0,False,0.1,True,465.45,224.55,240.9,68.2,-93.7009,-93.7009,hold_to_end,hold_to_end,2025-05-08 15:30:00+05:30,2025-05-08 15:30:00+05:30
NIFTY|weekly|2025-05-15,2025-05-15,24450.0,CE,2025-05-15,2025-05,2025-05-15 12:05:00+05:30,207.0,24644.55,24625.0,False,0.1,True,239.95,89.0,150.95,88.8,30.0,88.84057971014492,target_hit,target_hit,2025-05-15 12:10:00+05:30,2025-05-15 13:10:00+05:30
NIFTY|weekly|2025-05-15,2025-05-15,24450.0,CE,2025-05-15,2025-05,2025-05-15 12:55:00+05:30,239.55,24687.3,24625.0,False,0.1,True,239.95,89.0,150.95,63.2,30.0,63.18096430807763,target_hit,target_hit,2025-05-15 13:10:00+05:30,2025-05-15 13:10:00+05:30
NIFTY|weekly|2025-05-15,2025-05-15,24450.0,PE,2025-05-02,2025-05,2025-05-02 14:30:00+05:30,367.95,24305.35,24350.0,False,0.1,True,357.0,214.95,142.05,35.6,30.0,35.62984101100694,target_hit,target_hit,2025-05-09 09:15:00+05:30,2025-05-09 09:15:00+05:30
NIFTY|weekly|2025-05-15,2025-05-15,24450.0,PE,2025-05-13,2025-05,2025-05-13 12:50:00+05:30,94.8,24650.95,24750.0,False,0.1,True,108.6,40.7,67.9,86.2,30.0,-99.9473,target_hit,hold_to_end,2025-05-13 13:00:00+05:30,2025-05-15 15:30:00+05:30
NIFTY|weekly|2025-05-15,2025-05-15,24450.0,PE,2025-05-14,2025-05,2025-05-14 12:45:00+05:30,43.25,24631.75,24625.0,True,0.35,True,82.4,23.3,59.1,227.2,30.0,-99.8844,target_hit,hold_to_end,2025-05-14 12:50:00+05:30,2025-05-15 15:30:00+05:30
NIFTY|weekly|2025-05-22,2025-05-22,24450.0,CE,2025-05-08,2025-05,2025-05-08 11:25:00+05:30,284.75,24412.7,24375.0,False,0.1,True,309.89,267.3,42.59,23.8,30.0,23.7857769973661,target_hit,target_hit,2025-05-12 09:35:00+05:30,2025-05-12 09:25:00+05:30
NIFTY|weekly|2025-05-22,2025-05-22,24450.0,CE,2025-05-16,2025-05,2025-05-16 10:20:00+05:30,640.95,25038.55,24975.0,False,0.1,True,681.1,577.4,103.7,22.4,-75.0854,-75.0854,hold_to_end,hold_to_end,2025-05-22 15:30:00+05:30,2025-05-22 15:30:00+05:30
NIFTY|weekly|2025-05-22,2025-05-22,24450.0,PE,2025-05-08,2025-05,2025-05-08 13:15:00+05:30,300.0,24383.45,24375.0,True,0.35,True,323.0,284.3,38.7,20.6,30.0,20.566666666666663,target_hit,target_hit,2025-05-08 14:50:00+05:30,2025-05-08 13:55:00+05:30
NIFTY|weekly|2025-05-22,2025-05-22,24450.0,PE,2025-05-13,2025-05,2025-05-13 12:35:00+05:30,174.4,24661.95,24750.0,False,0.1,True,180.0,105.3,74.7,46.0,-99.9713,-99.9713,hold_to_end,hold_to_end,2025-05-22 15:30:00+05:30,2025-05-22 15:30:00+05:30
NIFTY|weekly|2025-06-05,2025-06-05,24700.0,CE,2025-05-22,2025-05,2025-05-22 15:05:00+05:30,268.0,24599.8,24550.0,False,0.1,True,352.4,269.05,83.35,62.6,30.0,62.59328358208953,target_hit,target_hit,2025-05-23 09:40:00+05:30,2025-05-23 10:50:00+05:30
NIFTY|weekly|2025-06-05,2025-06-05,24700.0,PE,2025-05-22,2025-05,2025-05-22 12:20:00+05:30,330.2,24566.75,24550.0,True,0.35,True,364.5,274.5,90.0,37.6,-99.9849,-99.9849,hold_to_end,hold_to_end,2025-06-05 15:30:00+05:30,2025-06-05 15:30:00+05:30
NIFTY|weekly|2025-06-12,2025-06-12,24900.0,CE,2025-05-29,2025-05,2025-05-29 15:05:00+05:30,278.2,24813.7,24750.0,False,0.1,True,358.1,280.1,78.0,56.8,-99.982,-99.982,hold_to_end,hold_to_end,2025-06-12 15:30:00+05:30,2025-06-12 15:30:00+05:30
NIFTY|weekly|2025-06-12,2025-06-12,24900.0,PE,2025-05-29,2025-05,2025-05-29 14:15:00+05:30,366.0,24727.6,24750.0,False,0.1,True,360.4,309.85,50.55,15.0,30.0,15.0,target_hit,target_hit,2025-06-02 09:20:00+05:30,2025-06-02 09:15:00+05:30
NIFTY|weekly|2025-06-12,2025-06-12,24900.0,PE,2025-06-02,2025-06,2025-06-02 14:45:00+05:30,413.45,24661.1,24675.0,False,0.1,True,512.45,424.05,88.4,45.3,-97.1339,-97.1339,hold_to_end,hold_to_end,2025-06-12 15:30:00+05:30,2025-06-12 15:30:00+05:30
NIFTY|weekly|2025-06-19,2025-06-19,24650.0,CE,2025-06-05,2025-06,2025-06-05 12:00:00+05:30,368.0,24745.95,24725.0,False,0.1,True,384.9,306.55,78.35,25.9,30.0,25.883152173913025,target_hit,target_hit,2025-06-05 12:20:00+05:30,2025-06-05 12:20:00+05:30
NIFTY|weekly|2025-06-19,2025-06-19,24650.0,CE,2025-06-06,2025-06,2025-06-06 10:35:00+05:30,415.6,24864.75,24975.0,True,0.35,True,385.0,300.0,85.0,15.0,30.0,15.0,target_hit,target_hit,2025-06-06 11:55:00+05:30,2025-06-06 10:50:00+05:30
NIFTY|weekly|2025-06-19,2025-06-19,24650.0,CE,2025-06-09,2025-06,2025-06-09 15:30:00+05:30,569.35,25103.1,25100.0,False,0.1,True,595.0,560.0,35.0,15.0,-74.8309,-74.8309,hold_to_end,hold_to_end,2025-06-19 15:30:00+05:30,2025-06-19 15:30:00+05:30
NIFTY|weekly|2025-06-19,2025-06-19,24650.0,PE,2025-06-05,2025-06,2025-06-05 13:55:00+05:30,202.55,24738.6,24725.0,True,0.35,True,280.75,205.0,75.75,76.0,30.0,-99.9753,target_hit,hold_to_end,2025-06-13 09:15:00+05:30,2025-06-19 15:30:00+05:30
NIFTY|weekly|2025-06-19,2025-06-19,24650.0,PE,2025-06-13,2025-06,2025-06-13 14:55:00+05:30,178.05,24667.45,24675.0,False,0.1,True,278.35,186.05,92.3,108.2,-99.9719,-99.9719,hold_to_end,hold_to_end,2025-06-19 15:30:00+05:30,2025-06-19 15:30:00+05:30
NIFTY|weekly|2025-07-03,2025-07-03,24800.0,CE,2025-06-19,2025-06,2025-06-19 14:00:00+05:30,307.1,24828.95,24800.0,False,0.1,True,320.75,235.25,85.5,32.3,30.0,32.28590035818951,target_hit,target_hit,2025-06-20 10:30:00+05:30,2025-06-20 10:30:00+05:30
NIFTY|weekly|2025-07-03,2025-07-03,24800.0,CE,2025-06-23,2025-06,2025-06-23 12:35:00+05:30,330.65,24944.7,24925.0,False,0.1,True,383.3,267.45,115.85,51.0,30.0,50.960229850294894,target_hit,target_hit,2025-06-23 14:05:00+05:30,2025-06-24 09:15:00+05:30
NIFTY|weekly|2025-07-03,2025-07-03,24800.0,PE,2025-06-19,2025-06,2025-06-19 15:00:00+05:30,252.0,24796.0,24800.0,False,0.1,True,305.3,216.7,88.6,56.3,-99.9802,-99.9802,hold_to_end,hold_to_end,2025-07-03 15:30:00+05:30,2025-07-03 15:30:00+05:30
NIFTY|weekly|2025-07-10,2025-07-10,25300.0,CE,2025-06-26,2025-06,2025-06-26 12:10:00+05:30,331.2,25385.1,25350.0,False,0.1,True,366.85,248.35,118.5,46.5,30.0,46.542874396135275,target_hit,target_hit,2025-06-27 09:15:00+05:30,2025-06-27 12:20:00+05:30
NIFTY|weekly|2025-07-10,2025-07-10,25300.0,PE,2025-07-02,2025-07,2025-07-02 10:25:00+05:30,85.05,25519.95,25475.0,True,0.35,True,86.95,65.4,21.55,27.6,30.0,27.572016460905353,target_hit,target_hit,2025-07-02 13:30:00+05:30,2025-07-02 13:25:00+05:30
NIFTY|weekly|2025-07-10,2025-07-10,25300.0,PE,2025-07-03,2025-07,2025-07-03 13:05:00+05:30,75.8,25500.1,25500.0,True,0.35,True,104.8,63.5,41.3,92.7,30.0,-99.934,target_hit,hold_to_end,2025-07-03 14:35:00+05:30,2025-07-10 15:30:00+05:30
NIFTY|weekly|2025-07-10,2025-07-10,25300.0,PE,2025-07-04,2025-07,2025-07-04 11:40:00+05:30,108.35,25375.3,25375.0,True,0.35,True,117.75,83.3,34.45,40.5,-99.9539,-99.9539,hold_to_end,hold_to_end,2025-07-10 15:30:00+05:30,2025-07-10 15:30:00+05:30
NIFTY|weekly|2025-07-17,2025-07-17,25500.0,CE,2025-07-03,2025-07,2025-07-03 13:40:00+05:30,293.0,25581.55,25500.0,False,0.1,True,289.0,218.3,70.7,22.8,-99.9829,-99.9829,hold_to_end,hold_to_end,2025-07-17 15:30:00+05:30,2025-07-17 15:30:00+05:30
NIFTY|weekly|2025-07-17,2025-07-17,25500.0,PE,2025-07-03,2025-07,2025-07-03 12:15:00+05:30,204.0,25499.95,25500.0,False,0.1,True,249.45,182.15,67.3,55.3,30.0,55.26960784313726,target_hit,target_hit,2025-07-04 09:40:00+05:30,2025-07-11 10:50:00+05:30
NIFTY|weekly|2025-07-17,2025-07-17,25500.0,PE,2025-07-04,2025-07,2025-07-04 11:30:00+05:30,239.5,25401.2,25375.0,True,0.35,True,270.0,223.8,46.2,32.0,30.0,32.0250521920668,target_hit,target_hit,2025-07-11 10:45:00+05:30,2025-07-11 10:50:00+05:30
NIFTY|weekly|2025-07-17,2025-07-17,25500.0,PE,2025-07-11,2025-07,2025-07-11 15:15:00+05:30,342.8,25149.6,25150.0,False,0.1,True,277.25,210.0,67.25,15.0,30.0,15.0,target_hit,target_hit,2025-07-14 09:25:00+05:30,2025-07-14 09:20:00+05:30
NIFTY|weekly|2025-07-17,2025-07-17,25500.0,PE,2025-07-15,2025-07,2025-07-15 13:45:00+05:30,304.05,25188.9,25175.0,True,0.35,True,402.95,336.4,66.55,54.4,30.0,27.923,target_hit,hold_to_end,2025-07-17 15:05:00+05:30,2025-07-17 15:30:00+05:30
NIFTY|weekly|2025-07-24,2025-07-24,25500.0,CE,2025-07-14,2025-07,2025-07-14 14:55:00+05:30,55.55,25077.8,25050.0,False,0.1,True,78.1,51.0,27.1,89.4,30.0,-99.91,target_hit,hold_to_end,2025-07-15 11:05:00+05:30,2025-07-24 15:30:00+05:30
NIFTY|weekly|2025-07-24,2025-07-24,25500.0,CE,2025-07-16,2025-07,2025-07-16 12:15:00+05:30,45.75,25188.25,25200.0,True,0.35,True,61.0,37.4,23.6,84.9,-99.8907,-99.8907,hold_to_end,hold_to_end,2025-07-24 15:30:00+05:30,2025-07-24 15:30:00+05:30
NIFTY|weekly|2025-07-24,2025-07-24,25500.0,PE,2025-07-10,2025-07,2025-07-10 13:45:00+05:30,255.15,25366.25,25375.0,False,0.1,True,250.25,185.05,65.2,23.6,30.0,23.633156966490294,target_hit,target_hit,2025-07-11 10:35:00+05:30,2025-07-11 09:15:00+05:30
NIFTY|weekly|2025-07-24,2025-07-24,25500.0,PE,2025-07-11,2025-07,2025-07-11 15:15:00+05:30,372.25,25149.6,25150.0,False,0.1,True,318.45,266.85,51.6,15.0,30.0,15.0,target_hit,target_hit,2025-07-14 13:10:00+05:30,2025-07-14 09:25:00+05:30
NIFTY|weekly|2025-07-24,2025-07-24,25500.0,PE,2025-07-15,2025-07,2025-07-15 13:45:00+05:30,334.25,25188.9,25175.0,True,0.35,True,411.9,358.25,53.65,39.3,30.0,39.28197456993267,target_hit,target_hit,2025-07-18 09:45:00+05:30,2025-07-18 10:10:00+05:30
NIFTY|weekly|2025-08-07,2025-08-07,25200.0,PE,2025-07-24,2025-07,2025-07-24 15:20:00+05:30,223.55,25058.5,25050.0,True,0.35,True,175.0,138.45,36.55,15.0,30.0,15.0,target_hit,target_hit,2025-07-25 09:15:00+05:30,2025-07-25 09:15:00+05:30
NIFTY|weekly|2025-08-07,2025-08-07,25200.0,PE,2025-07-28,2025-07,2025-07-28 11:05:00+05:30,400.0,24808.0,24775.0,True,0.35,True,469.15,359.55,109.6,44.7,30.0,44.6875,target_hit,target_hit,2025-07-28 13:35:00+05:30,2025-08-01 12:45:00+05:30
NIFTY|weekly|2025-08-14,2025-08-14,24700.0,CE,2025-08-04,2025-08,2025-08-04 10:40:00+05:30,193.05,24645.65,24650.0,True,0.35,True,204.85,160.6,44.25,29.0,-99.9741,-99.9741,hold_to_end,hold_to_end,2025-08-14 15:30:00+05:30,2025-08-14 15:30:00+05:30
NIFTY|weekly|2025-08-14,2025-08-14,24700.0,PE,2025-07-31,2025-07,2025-07-31 15:05:00+05:30,153.0,24777.5,24675.0,True,0.35,True,231.2,190.0,41.2,78.0,30.0,78.0392156862745,target_hit,target_hit,2025-08-01 09:15:00+05:30,2025-08-01 15:10:00+05:30
NIFTY|weekly|2025-08-14,2025-08-14,24700.0,PE,2025-08-12,2025-08,2025-08-12 11:05:00+05:30,173.75,24557.15,24600.0,False,0.1,True,188.45,83.85,104.6,68.7,-60.4604,-60.4604,hold_to_end,hold_to_end,2025-08-14 15:30:00+05:30,2025-08-14 15:30:00+05:30
NIFTY|weekly|2025-08-21,2025-08-21,24500.0,CE,2025-08-07,2025-08,2025-08-07 14:25:00+05:30,199.0,24455.0,24400.0,False,0.1,True,250.0,212.1,37.9,44.7,30.0,44.67336683417084,target_hit,target_hit,2025-08-07 15:05:00+05:30,2025-08-07 15:25:00+05:30
NIFTY|weekly|2025-08-21,2025-08-21,24500.0,CE,2025-08-11,2025-08,2025-08-11 10:30:00+05:30,174.2,24438.2,24425.0,False,0.1,True,169.4,133.85,35.55,17.7,30.0,17.652123995407596,target_hit,target_hit,2025-08-11 14:35:00+05:30,2025-08-11 13:05:00+05:30
NIFTY|weekly|2025-08-21,2025-08-21,24500.0,CE,2025-08-12,2025-08,2025-08-12 12:30:00+05:30,253.0,24613.75,24600.0,False,0.1,True,318.0,204.9,113.1,70.4,30.0,70.39525691699605,target_hit,target_hit,2025-08-18 09:15:00+05:30,2025-08-18 09:15:00+05:30
NIFTY|weekly|2025-08-21,2025-08-21,24500.0,CE,2025-08-18,2025-08,2025-08-18 13:20:00+05:30,489.0,24955.55,24900.0,False,0.1,True,566.2,350.0,216.2,60.0,30.0,19.4479,target_hit,hold_to_end,2025-08-21 10:05:00+05:30,2025-08-21 15:30:00+05:30
NIFTY|weekly|2025-08-21,2025-08-21,24500.0,CE,2025-08-21,2025-08,2025-08-21 12:45:00+05:30,620.0,25124.25,25100.0,False,0.1,True,639.8,553.55,86.25,17.1,-5.7903,-5.7903,hold_to_end,hold_to_end,2025-08-21 15:30:00+05:30,2025-08-21 15:30:00+05:30
NIFTY|weekly|2025-08-21,2025-08-21,24500.0,PE,2025-08-12,2025-08,2025-08-12 11:10:00+05:30,130.75,24542.7,24600.0,False,0.1,True,132.55,77.7,54.85,43.3,-99.9618,-99.9618,hold_to_end,hold_to_end,2025-08-21 15:30:00+05:30,2025-08-21 15:30:00+05:30
