avg_holding_minutes,avg_loss_pct,avg_max_possible_pct,avg_return_pct,avg_win_pct,capture_ratio,exit_strategy,expiry_day_only,group,max_realized_pct,median_return_pct,opportunities,profit_factor,score,timeframe,variant_key,win_rate
1057.58,-72.4254,90.9774,-6.3483,19.5431,-5.7528,target_20pct,False,weekly_series,20.0,20.0,341,0.6886,39.6607,1m,weekly_series|1m|target_20pct,0.7185
1337.5,-72.4562,94.3058,-6.5656,28.9709,-5.9767,target_30pct,False,weekly_series,30.0,30.0,274,0.7414,56.0965,1m,weekly_series|1m|target_30pct,0.6496
1128.59,-74.1552,94.4713,-2.1367,26.2435,-5.9841,trail_after_20pct_dd10pct,False,weekly_series,174.7469,10.9289,329,0.8981,23.7222,1m,weekly_series|1m|trail_after_20pct_dd10pct,0.7173
1445.01,-75.8272,98.7578,-1.8896,37.9229,-7.2576,trail_after_30pct_dd15pct,False,weekly_series,249.2423,15.0149,260,0.9288,29.8511,1m,weekly_series|1m|trail_after_30pct_dd15pct,0.65
948.74,-75.1277,89.5883,-5.9434,19.5004,-22.5925,target_20pct,False,weekly_series,20.0,20.0,331,0.7058,40.8408,3m,weekly_series|3m|target_20pct,0.7311
1264.03,-74.5967,95.1667,-6.8764,28.7659,-21.0111,target_30pct,False,weekly_series,30.0,30.0,261,0.7327,55.6334,3m,weekly_series|3m|target_30pct,0.6552
1002.73,-72.5166,91.2032,-1.9835,25.3965,-22.9031,trail_after_20pct_dd10pct,False,weekly_series,250.0857,10.4655,329,0.9022,22.9172,3m,weekly_series|3m|trail_after_20pct_dd10pct,0.7204
1429.13,-75.8675,97.505,0.3259,43.3068,-33.2093,trail_after_30pct_dd15pct,False,weekly_series,359.2858,13.1114,244,1.0119,28.1279,3m,weekly_series|3m|trail_after_30pct_dd15pct,0.6393
851.76,-78.8555,105.1932,-4.4582,19.4783,-4.0714,target_20pct,False,weekly_series,20.0,20.0,304,0.7677,44.2166,5m,weekly_series|5m|target_20pct,0.7566
1069.83,-78.42,112.0397,-3.7152,28.9427,-3.7519,target_30pct,False,weekly_series,30.0,30.0,263,0.8443,64.0715,5m,weekly_series|5m|target_30pct,0.6958
916.51,-75.4411,105.7801,1.4501,28.6896,-4.2449,trail_after_20pct_dd10pct,False,weekly_series,275.1301,12.4319,302,1.0735,33.9178,5m,weekly_series|5m|trail_after_20pct_dd10pct,0.7384
1196.47,-75.1204,114.3912,0.0851,37.0203,-4.1164,trail_after_30pct_dd15pct,False,weekly_series,204.8168,15.7453,252,1.0034,35.1837,5m,weekly_series|5m|trail_after_30pct_dd15pct,0.6706
804.78,-77.12,93.9894,-7.1658,19.5342,-20.287,target_20pct,False,weekly_series,20.0,20.0,181,0.6636,34.4014,15m,weekly_series|15m|target_20pct,0.7238
1053.93,-79.2368,101.1226,-7.4647,28.7505,-4.1759,target_30pct,False,weekly_series,30.0,30.0,164,0.7191,50.9517,15m,weekly_series|15m|target_30pct,0.6646
873.9,-68.4083,93.9894,-3.4756,27.1431,-20.3373,trail_after_20pct_dd10pct,False,weekly_series,172.3831,10.1758,181,0.8415,16.6752,15m,weekly_series|15m|trail_after_20pct_dd10pct,0.6796
1183.26,-73.9102,101.1226,-4.4397,35.6394,-4.2019,trail_after_30pct_dd15pct,False,weekly_series,196.7389,11.8773,164,0.8358,17.3243,15m,weekly_series|15m|trail_after_30pct_dd15pct,0.6341
2759.49,-67.3573,70.0276,-7.3794,19.7981,-21.6087,target_20pct,False,monthly_series,20.0,20.0,93,0.6487,28.29,1m,monthly_series|1m|target_20pct,0.6882
3663.2,-73.2493,78.0701,-8.9262,28.2383,-26.3687,target_30pct,False,monthly_series,30.0,30.0,71,0.6672,39.1122,1m,monthly_series|1m|target_30pct,0.6338
3142.26,-62.035,73.9892,-2.6236,33.9372,-23.7189,trail_after_20pct_dd10pct,False,monthly_series,172.258,7.6696,84,0.889,9.7695,1m,monthly_series|1m|trail_after_20pct_dd10pct,0.619
4077.85,-71.5414,81.7626,-3.456,44.9204,-29.3655,trail_after_30pct_dd15pct,False,monthly_series,154.5789,12.233,65,0.8837,14.5916,1m,monthly_series|1m|trail_after_30pct_dd15pct,0.5846
2837.48,-71.6923,74.9055,-9.0357,19.1598,-23.3529,target_20pct,False,monthly_series,20.0,20.0,87,0.5939,25.8936,3m,monthly_series|3m|target_20pct,0.6897
3884.22,-73.7297,84.6194,-12.3936,28.4971,-27.779,target_30pct,False,monthly_series,30.0,30.0,65,0.5798,32.7863,3m,monthly_series|3m|target_30pct,0.6
3060.83,-65.2272,75.3814,-2.9433,32.3118,-24.2466,trail_after_20pct_dd10pct,False,monthly_series,191.6225,9.4066,83,0.8752,12.6375,3m,monthly_series|3m|trail_after_20pct_dd10pct,0.6386
3915.18,-67.5256,86.9725,-5.656,42.8364,-27.0066,trail_after_30pct_dd15pct,False,monthly_series,191.6225,10.0292,66,0.8094,8.8515,3m,monthly_series|3m|trail_after_30pct_dd15pct,0.5606
2519.89,-74.5354,111.7674,-7.2501,19.664,-14.3828,target_20pct,False,monthly_series,20.0,20.0,91,0.6596,29.3915,5m,monthly_series|5m|target_20pct,0.7143
3180.74,-76.5669,124.855,-6.6351,29.0445,-6.0106,target_30pct,False,monthly_series,30.0,30.0,74,0.7435,43.8723,5m,monthly_series|5m|target_30pct,0.6622
2781.26,-70.1163,116.2286,-2.2177,30.0053,-5.3788,trail_after_20pct_dd10pct,False,monthly_series,191.0163,10.7875,87,0.9017,16.9593,5m,monthly_series|5m|trail_after_20pct_dd10pct,0.6782
3482.18,-68.7234,129.2252,-4.5419,37.2506,-4.7277,trail_after_30pct_dd15pct,False,monthly_series,174.9458,12.2081,71,0.8324,14.2664,5m,monthly_series|5m|trail_after_30pct_dd15pct,0.6056
2616.12,-74.564,84.6517,-11.1993,19.8618,-4.189,target_20pct,False,monthly_series,20.0,20.0,76,0.5434,21.921,15m,monthly_series|15m|target_20pct,0.6711
3345.0,-71.5717,88.4654,-12.1891,29.5393,-4.4278,target_30pct,False,monthly_series,30.0,30.0,63,0.5873,32.0565,15m,monthly_series|15m|target_30pct,0.5873
2890.54,-62.7539,86.1011,-8.5071,30.601,-4.4196,trail_after_20pct_dd10pct,False,monthly_series,149.5619,8.984,74,0.6764,4.9864,15m,monthly_series|15m|trail_after_20pct_dd10pct,0.5811
3644.76,-66.5381,89.1083,-10.0535,39.5845,-4.5285,trail_after_30pct_dd15pct,False,monthly_series,133.4502,6.5026,62,0.677,-0.2643,15m,monthly_series|15m|trail_after_30pct_dd15pct,0.5323
77.66,-56.9695,64.2654,-7.956,9.7903,-3.2135,target_10pct,True,weekly_expiry_day,10.0,10.0,237,0.4746,11.32,1m,weekly_expiry_day|1m|target_10pct,0.7342
131.69,-65.5692,77.8734,-16.3883,18.2725,-4.0243,target_20pct,True,weekly_expiry_day,20.0,20.0,179,0.3954,16.5853,1m,weekly_expiry_day|1m|target_20pct,0.5866
81.37,-43.0221,64.2564,-8.181,12.0268,-3.3572,trail_after_10pct_dd5pct,True,weekly_expiry_day,64.8699,4.1329,237,0.482,-2.7453,1m,weekly_expiry_day|1m|trail_after_10pct_dd5pct,0.6329
136.77,-65.8341,78.7811,-13.8017,23.5807,-3.9392,trail_after_20pct_dd10pct,True,weekly_expiry_day,146.5762,5.3191,177,0.4986,-7.0235,1m,weekly_expiry_day|1m|trail_after_20pct_dd10pct,0.5819
70.46,-37.5997,62.8809,-6.8533,9.8763,-2.9926,target_10pct,True,weekly_expiry_day,10.0,10.0,105,0.4827,9.8416,3m,weekly_expiry_day|3m|target_10pct,0.6476
107.91,-50.8399,64.0547,-16.7694,18.0261,-3.5925,target_20pct,True,weekly_expiry_day,20.0,-0.0187,95,0.3472,-15.1725,3m,weekly_expiry_day|3m|target_20pct,0.4947
74.74,-29.3126,62.8809,-8.2139,13.2905,-3.1127,trail_after_10pct_dd5pct,True,weekly_expiry_day,63.6995,0.0,105,0.4449,-7.5881,3m,weekly_expiry_day|3m|trail_after_10pct_dd5pct,0.4952
110.75,-46.5141,64.0547,-17.0153,21.8368,-3.6474,trail_after_20pct_dd10pct,True,weekly_expiry_day,143.0194,-0.9098,95,0.3564,-14.4825,3m,weekly_expiry_day|3m|trail_after_20pct_dd10pct,0.4316
57.92,-20.0005,63.7916,-0.7272,9.1847,-1.3418,target_10pct,True,weekly_expiry_day,10.0,10.0,53,0.8929,15.0391,5m,weekly_expiry_day|5m|target_10pct,0.6604
72.08,-28.9688,63.7916,-1.7261,16.152,-1.6594,target_20pct,True,weekly_expiry_day,20.0,5.7719,53,0.8496,6.6779,5m,weekly_expiry_day|5m|target_20pct,0.6038
63.4,-16.036,63.7916,2.1504,22.5191,-1.4581,trail_after_10pct_dd5pct,True,weekly_expiry_day,211.8527,-0.5197,53,1.2538,1.0318,5m,weekly_expiry_day|5m|trail_after_10pct_dd5pct,0.4717
75.47,-23.7845,63.7916,-1.3546,25.7481,-1.8268,trail_after_20pct_dd10pct,True,weekly_expiry_day,211.8527,-0.7467,53,0.8959,-1.788,5m,weekly_expiry_day|5m|trail_after_20pct_dd10pct,0.4528
0.0,0.0,0.0,0.0,0.0,0.0,target_10pct,True,weekly_expiry_day,0.0,0.0,0,0.0,0.0,15m,weekly_expiry_day|15m|target_10pct,0.0
0.0,0.0,0.0,0.0,0.0,0.0,target_20pct,True,weekly_expiry_day,0.0,0.0,0,0.0,0.0,15m,weekly_expiry_day|15m|target_20pct,0.0
0.0,0.0,0.0,0.0,0.0,0.0,trail_after_10pct_dd5pct,True,weekly_expiry_day,0.0,0.0,0,0.0,0.0,15m,weekly_expiry_day|15m|trail_after_10pct_dd5pct,0.0
0.0,0.0,0.0,0.0,0.0,0.0,trail_after_20pct_dd10pct,True,weekly_expiry_day,0.0,0.0,0,0.0,0.0,15m,weekly_expiry_day|15m|trail_after_20pct_dd10pct,0.0
104.18,-58.1474,46.258,-14.4835,9.5317,-3.1213,target_10pct,True,monthly_expiry_day,10.0,10.0,62,0.298,0.5523,1m,monthly_expiry_day|1m|target_10pct,0.6452
167.47,-63.1109,53.2208,-25.0321,18.2394,-3.9185,target_20pct,True,monthly_expiry_day,20.0,-1.2765,47,0.2543,-19.5316,1m,monthly_expiry_day|1m|target_20pct,0.4681
105.81,-42.1648,46.258,-15.9459,10.2731,-3.2757,trail_after_10pct_dd5pct,True,monthly_expiry_day,44.2581,0.2369,62,0.2436,-12.9187,1m,monthly_expiry_day|1m|trail_after_10pct_dd5pct,0.5
176.33,-58.6183,54.144,-27.2666,17.2857,-4.1632,trail_after_20pct_dd10pct,True,monthly_expiry_day,39.0951,-1.6922,46,0.2075,-18.9593,1m,monthly_expiry_day|1m|trail_after_20pct_dd10pct,0.413
76.7,-9.728,71.588,4.0034,8.8497,-1.0028,target_10pct,True,monthly_expiry_day,10.0,10.0,23,2.5775,17.8555,3m,monthly_expiry_day|3m|target_10pct,0.7391
112.29,-22.3842,76.8604,3.8829,17.0164,-1.4265,target_20pct,True,monthly_expiry_day,20.0,20.0,21,1.5204,27.9289,3m,monthly_expiry_day|3m|target_20pct,0.6667
79.3,-7.6432,71.588,5.1249,11.9346,-1.0813,trail_after_10pct_dd5pct,True,monthly_expiry_day,65.082,3.2829,23,2.9277,8.3314,3m,monthly_expiry_day|3m|trail_after_10pct_dd5pct,0.6522
120.57,-17.7186,76.8604,2.8266,18.2354,-1.5412,trail_after_20pct_dd10pct,True,monthly_expiry_day,65.082,0.285,21,1.3722,2.2991,3m,monthly_expiry_day|3m|trail_after_20pct_dd10pct,0.5714
99.62,-32.6135,51.2353,-13.693,8.3808,-1.1473,target_10pct,True,monthly_expiry_day,10.0,-0.2588,13,0.2203,-6.8605,5m,monthly_expiry_day|5m|target_10pct,0.4615
110.38,-32.6135,51.2353,-10.1786,15.9954,-1.0211,target_20pct,True,monthly_expiry_day,20.0,-0.2588,13,0.4204,-5.1483,5m,monthly_expiry_day|5m|target_20pct,0.4615
101.54,-30.4599,51.2353,-4.2148,37.7773,-1.1673,trail_after_10pct_dd5pct,True,monthly_expiry_day,110.8558,-0.8195,13,0.7751,-2.2103,5m,monthly_expiry_day|5m|trail_after_10pct_dd5pct,0.3846
112.31,-30.4599,51.2353,-1.7275,44.2443,-1.0195,trail_after_20pct_dd10pct,True,monthly_expiry_day,110.8558,-0.8195,13,0.9078,-1.2005,5m,monthly_expiry_day|5m|trail_after_20pct_dd10pct,0.3846
0.0,0.0,0.0,0.0,0.0,0.0,target_10pct,True,monthly_expiry_day,0.0,0.0,0,0.0,0.0,15m,monthly_expiry_day|15m|target_10pct,0.0
0.0,0.0,0.0,0.0,0.0,0.0,target_20pct,True,monthly_expiry_day,0.0,0.0,0,0.0,0.0,15m,monthly_expiry_day|15m|target_20pct,0.0
0.0,0.0,0.0,0.0,0.0,0.0,trail_after_10pct_dd5pct,True,monthly_expiry_day,0.0,0.0,0,0.0,0.0,15m,monthly_expiry_day|15m|trail_after_10pct_dd5pct,0.0
0.0,0.0,0.0,0.0,0.0,0.0,trail_after_20pct_dd10pct,True,monthly_expiry_day,0.0,0.0,0,0.0,0.0,15m,monthly_expiry_day|15m|trail_after_20pct_dd10pct,0.0
