avg_holding_minutes,avg_loss_return_pct,avg_return_delta_pct,avg_return_pct,avg_win_return_pct,group_name,kept_pct,max_return_pct,median_holding_minutes,median_return_delta_pct,median_return_pct,min_return_pct,opportunities,positive_underlyings,regime_model,score,spot_timeframe,timeframe,win_rate,win_rate_delta_pct
104.1774,-58.1474,,-14.4835,9.5317,monthly_expiry_day,100.0,10.0,24.5,,10.0,-99.9858,62,0,unfiltered,-10.002261,baseline,1m,0.6452,
76.6957,-9.728,,4.0034,8.8497,monthly_expiry_day,100.0,10.0,24.0,,10.0,-22.0081,23,2,unfiltered,22.318539,baseline,3m,0.7391,
99.6154,-32.6135,,-13.693,8.3808,monthly_expiry_day,100.0,10.0,100.0,,-0.2588,-97.6744,13,1,unfiltered,-6.012993,baseline,5m,0.4615,
2978.4211,-69.8288,,-7.9576,30.2183,monthly_series,100.0,158.0537,1290.0,,9.7707,-99.998,76,0,unfiltered,-1.501739,baseline,10m,0.6184,
2890.5405,-62.7539,,-8.5071,30.601,monthly_series,100.0,149.5619,1312.5,,8.984,-99.998,74,0,unfiltered,-2.782738,baseline,15m,0.5811,
2465.6897,-62.5854,,-2.5071,26.7618,monthly_series,100.0,80.3803,930.0,,10.0668,-99.998,58,1,unfiltered,11.706747,baseline,30m,0.6724,
3060.8313,-65.2272,,-2.9433,32.3118,monthly_series,100.0,191.6225,1266.0,,9.4066,-99.9986,83,1,unfiltered,10.810632,baseline,3m,0.6386,
2781.2644,-70.1163,,-2.2177,30.0053,monthly_series,100.0,191.0163,1080.0,,10.7875,-99.9977,87,0,unfiltered,8.097742,baseline,5m,0.6782,
77.6582,-56.9695,,-7.956,9.7903,weekly_expiry_day,100.0,10.0,20.0,,10.0,-99.9762,237,0,unfiltered,-1.92048,baseline,1m,0.7342,
70.4571,-37.5997,,-6.8533,9.8763,weekly_expiry_day,100.0,10.0,33.0,,10.0,-99.9681,105,0,unfiltered,0.22152,baseline,3m,0.6476,
57.9245,-20.0005,,-0.7272,9.1847,weekly_expiry_day,100.0,10.0,25.0,,10.0,-98.8372,53,1,unfiltered,13.530947,baseline,5m,0.6604,
888.5965,-69.8402,,-2.4361,27.4265,weekly_series,100.0,196.7389,390.0,,9.9169,-99.9979,228,1,unfiltered,16.014458,baseline,10m,0.693,
873.895,-68.4083,,-3.4756,27.1431,weekly_series,100.0,172.3831,405.0,,10.1758,-99.9979,181,0,unfiltered,6.449882,baseline,15m,0.6796,
785.7143,-55.7523,,-6.9216,25.6322,weekly_series,100.0,116.25,390.0,,6.2652,-99.9971,105,0,unfiltered,-3.547889,baseline,30m,0.6,
1002.3465,-72.5166,,-1.9994,25.3743,weekly_series,100.0,250.0857,474.0,,10.4756,-99.998,329,0,unfiltered,11.140834,baseline,3m,0.7204,
916.5066,-75.4411,,1.4501,28.6896,weekly_series,100.0,275.1301,417.5,,12.4319,-99.998,302,2,unfiltered,38.292735,baseline,5m,0.7384,
129.8182,-57.3302,-3.9122,-18.3957,8.559,monthly_expiry_day,35.48,10.0,96.5,-4.6037,5.3963,-99.9858,22,0,ema_alignment,-13.542117,15m,1m,0.5909,-5.43
68.3333,-11.644,1.1868,5.1902,10.0,monthly_expiry_day,39.13,10.0,30.0,0.0,10.0,-12.8432,9,2,ema_alignment,18.079826,15m,3m,0.7778,3.87
112.5,-64.7873,-13.7006,-27.3936,10.0,monthly_expiry_day,46.15,10.0,107.5,5.1294,4.8706,-97.6744,6,1,ema_alignment,-9.721855,15m,5m,0.5,3.85
2002.2222,-59.3326,6.226,-1.7316,39.412,monthly_series,47.37,158.0537,1035.0,0.0,9.7707,-99.998,36,1,ema_alignment,9.591739,15m,10m,0.5833,-3.51
2090.625,-55.204,9.2515,0.7444,38.0434,monthly_series,54.05,149.5619,1200.0,1.9291,10.9131,-99.998,40,1,ema_alignment,13.796184,15m,15m,0.6,1.89
2364.7059,-65.5603,4.1755,1.6684,27.1064,monthly_series,87.93,80.3803,930.0,0.5605,10.6273,-99.998,51,1,ema_alignment,18.787173,15m,30m,0.7255,5.31
2832.3659,-68.3341,8.4944,5.5511,43.862,monthly_series,49.4,191.6225,1224.0,1.3872,10.7938,-99.9986,41,1,ema_alignment,21.052053,15m,3m,0.6585,1.99
2272.1951,-66.0647,8.4708,6.2531,36.1777,monthly_series,47.13,191.0163,955.0,2.0071,12.7946,-99.9966,41,2,ema_alignment,30.678703,15m,5m,0.7073,2.91
91.9867,-30.8602,5.0538,-2.9022,9.4639,weekly_expiry_day,31.65,10.0,48.0,0.0,10.0,-99.9762,75,1,ema_alignment,12.156812,15m,1m,0.6933,-4.09
77.7907,-22.4673,3.1571,-3.6962,9.8191,weekly_expiry_day,40.95,10.0,39.0,0.0,10.0,-99.6904,43,0,ema_alignment,3.634391,15m,3m,0.5814,-6.62
70.0,-6.0774,2.3456,1.6184,8.1303,weekly_expiry_day,45.28,10.0,45.0,-8.7376,1.2624,-21.1212,24,1,ema_alignment,5.668725,15m,5m,0.5417,-11.87
939.4444,-67.166,1.1891,-1.247,29.0402,weekly_series,47.37,196.7389,460.0,-2.4388,7.4781,-99.9953,108,0,ema_alignment,6.409206,15m,10m,0.6852,-0.78
750.5941,-67.1827,8.3372,4.8616,29.8369,weekly_series,55.8,172.3831,330.0,2.2927,12.4685,-99.9979,101,2,ema_alignment,37.074707,15m,15m,0.7426,6.3
791.5625,-58.8181,-0.541,-7.4626,24.7434,weekly_series,91.43,116.25,375.0,0.2596,6.5248,-99.9971,96,0,ema_alignment,-4.070154,15m,30m,0.6146,1.46
979.3005,-72.4524,-3.9528,-5.9522,23.9729,weekly_series,61.7,194.6341,510.0,-0.3954,10.0802,-99.9972,203,0,ema_alignment,2.024575,15m,3m,0.6897,-3.07
1023.3642,-75.1307,-4.3408,-2.8907,28.4345,weekly_series,53.64,142.4583,585.0,-2.321,10.1109,-99.9963,162,0,ema_alignment,7.437852,15m,5m,0.6975,-4.09
122.88,-54.8416,-2.2025,-16.686,8.7511,monthly_expiry_day,40.32,10.0,110.0,0.0,10.0,-99.9858,25,0,macd_bias,-9.467377,15m,1m,0.6,-4.52
94.3636,-11.644,0.2836,4.287,7.8272,monthly_expiry_day,47.83,10.0,63.0,0.0,10.0,-12.8432,11,2,macd_bias,19.606688,15m,3m,0.8182,7.91
120.7143,-64.7873,-9.7465,-23.4395,7.5713,monthly_expiry_day,53.85,10.0,115.0,0.5438,0.285,-97.6744,7,1,macd_bias,-11.430416,15m,5m,0.5714,10.99
2440.2941,-61.8742,2.0847,-5.8729,43.9061,monthly_series,44.74,158.0537,1275.0,-2.223,7.5477,-99.998,34,1,macd_bias,3.209614,15m,10m,0.5294,-8.9
2033.2143,-55.204,9.501,0.9939,35.5772,monthly_series,56.76,149.5619,1207.5,2.5675,11.5515,-99.998,42,1,macd_bias,15.226258,15m,15m,0.619,3.79
2493.0612,-64.7854,-0.7678,-3.2749,26.5484,monthly_series,84.48,80.3803,930.0,-0.5153,9.5515,-99.998,49,1,macd_bias,9.763254,15m,30m,0.6735,0.11
2919.1915,-69.1687,3.9013,0.958,40.6965,monthly_series,56.63,191.6225,1224.0,1.3872,10.7938,-99.9986,47,1,macd_bias,15.460549,15m,3m,0.6383,-0.03
2468.5526,-66.216,7.3043,5.0866,37.9955,monthly_series,43.68,191.0163,992.5,1.072,11.8595,-99.9974,38,1,macd_bias,21.792771,15m,5m,0.6842,0.6
80.537,-46.6403,1.9644,-5.9916,9.6426,weekly_expiry_day,45.57,10.0,20.5,0.0,10.0,-99.9762,108,0,macd_bias,1.708276,15m,1m,0.7222,-1.2
77.8,-23.4767,3.3621,-3.4912,9.8325,weekly_expiry_day,42.86,10.0,39.0,0.0,10.0,-99.6904,45,0,macd_bias,4.030181,15m,3m,0.6,-4.76
72.2,-8.1202,1.782,1.0548,8.2638,weekly_expiry_day,47.17,10.0,50.0,-7.8412,2.1588,-23.4332,25,1,macd_bias,5.989909,15m,5m,0.56,-10.04
940.3061,-70.4388,-0.8834,-3.3195,30.7565,weekly_series,42.98,196.7389,415.0,-1.2687,8.6482,-99.9953,98,0,macd_bias,4.166904,15m,10m,0.6633,-2.97
769.95,-81.629,4.5117,1.0361,30.0805,weekly_series,55.25,172.3831,307.5,1.188,11.3638,-99.9953,100,1,macd_bias,22.182952,15m,15m,0.74,6.04
750.6667,-57.2818,1.4504,-5.4712,25.9852,weekly_series,85.71,116.25,360.0,0.6406,6.9058,-99.9963,90,1,macd_bias,4.719197,15m,30m,0.6222,2.22
993.825,-70.3366,-1.9484,-3.9478,25.1868,weekly_series,60.79,194.6341,553.5,-0.36,10.1156,-99.9972,200,0,macd_bias,5.774022,15m,3m,0.695,-2.54
1050.7931,-75.1448,-6.8049,-5.3548,29.1805,weekly_series,48.01,142.4583,590.0,-3.4214,9.0105,-99.9961,145,0,macd_bias,1.587916,15m,5m,0.669,-6.94
128.0476,-52.7317,-0.3064,-14.7899,8.559,monthly_expiry_day,33.87,10.0,83.0,0.0,10.0,-99.9858,21,0,ema_macd_agree,-7.452423,15m,1m,0.619,-2.62
68.3333,-11.644,1.1868,5.1902,10.0,monthly_expiry_day,39.13,10.0,30.0,0.0,10.0,-12.8432,9,2,ema_macd_agree,18.079826,15m,3m,0.7778,3.87
112.5,-64.7873,-13.7006,-27.3936,10.0,monthly_expiry_day,46.15,10.0,107.5,5.1294,4.8706,-97.6744,6,1,ema_macd_agree,-9.721855,15m,5m,0.5,3.85
2189.375,-59.3326,4.6613,-3.2963,46.1474,monthly_series,42.11,158.0537,1190.0,0.3426,10.1133,-99.998,32,1,ema_macd_agree,7.227867,15m,10m,0.5312,-8.72
2165.7353,-55.204,5.3911,-3.116,43.1844,monthly_series,45.95,149.5619,1282.5,-2.2195,6.7645,-99.998,34,1,ema_macd_agree,5.288186,15m,15m,0.5294,-5.17
2452.8261,-65.5603,1.5906,-0.9165,27.3652,monthly_series,79.31,80.3803,945.0,0.1831,10.2499,-99.998,46,1,ema_macd_agree,13.738847,15m,30m,0.6957,2.33
2917.6923,-68.3341,7.9004,4.9571,46.0001,monthly_series,46.99,191.6225,1224.0,1.3872,10.7938,-99.9986,39,1,ema_macd_agree,19.522803,15m,3m,0.641,0.24
2305.5714,-63.145,8.8418,6.6241,38.6016,monthly_series,40.23,191.0163,955.0,0.1369,10.9244,-99.9966,35,1,ema_macd_agree,22.448145,15m,5m,0.6857,0.75
92.9178,-32.2192,4.8505,-3.1055,9.4534,weekly_expiry_day,30.8,10.0,48.0,0.0,10.0,-99.9762,73,1,ema_macd_agree,11.86867,15m,1m,0.6986,-3.56
81.45,-23.7323,2.404,-4.4493,9.8034,weekly_expiry_day,38.1,10.0,39.0,0.0,10.0,-99.6904,40,0,ema_macd_agree,2.72326,15m,3m,0.575,-7.26
73.1818,-6.5889,2.0819,1.3547,7.9745,weekly_expiry_day,41.51,10.0,45.0,-8.7376,1.2624,-21.1212,22,1,ema_macd_agree,5.3351,15m,5m,0.5455,-11.49
959.5,-68.6697,1.4118,-1.0243,31.5457,weekly_series,35.09,196.7389,460.0,-2.4388,7.4781,-99.9953,80,1,ema_macd_agree,12.177018,15m,10m,0.675,-1.8
657.4342,-71.9311,11.2363,7.7607,30.7227,weekly_series,41.99,172.3831,300.0,1.7697,11.9455,-99.9953,76,2,ema_macd_agree,40.671779,15m,15m,0.7763,9.67
757.5862,-59.0024,0.3853,-6.5363,25.5263,weekly_series,82.86,116.25,360.0,0.4682,6.7334,-99.9963,87,0,ema_macd_agree,-2.533023,15m,30m,0.6207,2.07
973.9309,-71.2908,-2.3307,-4.3301,24.8055,weekly_series,57.14,194.6341,522.0,-0.2897,10.1859,-99.9972,188,0,ema_macd_agree,5.113484,15m,3m,0.6968,-2.36
1061.2406,-75.116,-7.2972,-5.8471,29.5745,weekly_series,44.04,142.4583,595.0,-3.9456,8.4863,-99.9961,133,0,ema_macd_agree,0.151204,15m,5m,0.6617,-7.67
137.25,-48.0971,-0.5042,-14.9877,8.6619,monthly_expiry_day,38.71,10.0,114.5,-4.6037,5.3963,-99.9858,24,0,ema_alignment,-10.524054,30m,1m,0.5833,-6.19
102.6,-11.644,-0.2877,3.7157,7.5556,monthly_expiry_day,43.48,10.0,84.0,0.0,10.0,-12.8432,10,2,ema_alignment,17.951315,30m,3m,0.8,6.09
125.8333,-48.9666,2.4183,-11.2747,7.5713,monthly_expiry_day,46.15,10.0,132.5,5.4013,5.1425,-97.6744,6,1,ema_alignment,-2.383827,30m,5m,0.6667,20.52
1890.5882,-69.7681,11.4666,3.509,38.5545,monthly_series,44.74,158.0537,1115.0,3.0187,12.7894,-99.998,34,1,ema_alignment,19.796638,30m,10m,0.6765,5.81
2316.7857,-58.0076,4.3697,-4.1374,36.2653,monthly_series,56.76,149.5619,1140.0,-1.5126,7.4714,-99.998,42,0,ema_alignment,1.174059,30m,15m,0.5714,-0.97
2489.0323,-65.4469,-0.6075,-3.1146,26.5674,monthly_series,53.45,80.3803,1020.0,-1.2196,8.8472,-99.998,31,1,ema_alignment,8.30899,30m,30m,0.6774,0.5
2681.3846,-61.0184,12.1315,9.1882,44.2915,monthly_series,46.99,191.6225,1140.0,1.8941,11.3007,-99.9986,39,1,ema_alignment,25.944805,30m,3m,0.6667,2.81
2267.6389,-61.0256,10.292,8.0743,34.6512,monthly_series,41.38,191.0163,992.5,2.8084,13.5959,-99.9966,36,2,ema_alignment,33.368728,30m,5m,0.7222,4.4
93.9718,-27.3133,5.5986,-2.3574,9.6006,weekly_expiry_day,29.96,10.0,42.0,0.0,10.0,-99.9508,71,0,ema_alignment,6.711932,30m,1m,0.6761,-5.81
80.4474,-14.2879,6.5078,-0.3455,9.7944,weekly_expiry_day,36.19,10.0,39.0,0.0,10.0,-99.6904,38,1,ema_alignment,11.298223,30m,3m,0.5789,-6.87
90.5263,-8.1202,-0.5357,-1.2629,8.1659,weekly_expiry_day,35.85,10.0,95.0,-10.5197,-0.5197,-23.4332,19,1,ema_alignment,1.496969,30m,5m,0.4211,-23.93
969.5122,-66.3938,0.7793,-1.6568,29.5417,weekly_series,53.95,196.7389,540.0,-1.3852,8.5317,-99.9979,123,1,ema_alignment,13.523843,30m,10m,0.6748,-1.82
867.9474,-63.0581,3.972,0.4964,28.4218,weekly_series,52.49,172.3831,540.0,0.5918,10.7676,-99.9979,95,1,ema_alignment,19.078577,30m,15m,0.6947,1.51
888.3582,-63.5116,-2.4315,-9.3531,29.53,weekly_series,63.81,116.25,600.0,0.4682,6.7334,-99.9971,67,0,ema_alignment,-5.697983,30m,30m,0.5821,-1.79
1012.6793,-71.1739,-4.4052,-6.4046,24.9353,weekly_series,55.93,194.6341,522.0,-0.7771,9.6985,-99.9972,184,0,ema_alignment,0.676071,30m,3m,0.6739,-4.65
1043.007,-71.5855,-3.2555,-1.8054,29.208,weekly_series,47.35,142.4583,580.0,-2.6788,9.7531,-99.9963,143,0,ema_alignment,8.638955,30m,5m,0.6923,-4.61
126.1923,-50.0932,-1.661,-16.1445,8.7511,monthly_expiry_day,41.94,10.0,110.0,-4.6037,5.3963,-99.9858,26,0,macd_bias,-11.757196,30m,1m,0.5769,-6.83
107.75,-11.6409,-1.0432,2.9602,7.8272,monthly_expiry_day,52.17,10.0,84.0,0.0,10.0,-12.8432,12,2,macd_bias,17.275126,30m,3m,0.75,1.09
136.25,-51.7322,-8.3875,-22.0805,7.5713,monthly_expiry_day,61.54,10.0,132.5,0.2719,0.0131,-97.6744,8,1,macd_bias,-9.926693,30m,5m,0.5,3.85
2158.0,-60.0185,3.3455,-4.6121,42.0459,monthly_series,46.05,158.0537,1170.0,-0.4783,9.2924,-99.998,35,1,macd_bias,5.731985,30m,10m,0.5429,-7.55
2271.3636,-55.9456,9.0061,0.499,42.0898,monthly_series,44.59,149.5619,1260.0,1.9502,10.9342,-99.998,33,1,macd_bias,12.338141,30m,15m,0.5758,-0.53
2725.4545,-67.4368,1.9234,-0.5837,28.4829,monthly_series,56.9,76.371,1110.0,0.9932,11.06,-99.998,33,1,macd_bias,13.712844,30m,30m,0.697,2.46
2895.0612,-70.7767,1.3882,-1.5551,38.638,monthly_series,59.04,191.6225,1332.0,1.2551,10.6617,-99.9986,49,1,macd_bias,12.26194,30m,3m,0.6327,-0.59
2333.7805,-66.0648,9.0552,6.8375,37.004,monthly_series,47.13,191.0163,1030.0,3.6097,14.3972,-99.9966,41,2,macd_bias,32.93403,30m,5m,0.7073,2.91
89.1935,-27.8215,6.3627,-1.5933,9.7051,weekly_expiry_day,39.24,10.0,23.0,0.0,10.0,-99.9759,93,1,macd_bias,14.934588,30m,1m,0.6989,-3.53
75.5294,-17.0803,5.6139,-1.2394,9.8492,weekly_expiry_day,48.57,10.0,39.0,0.0,10.0,-99.6904,51,0,macd_bias,6.694167,30m,3m,0.5882,-5.94
74.6,-13.696,-1.2338,-1.961,8.8713,weekly_expiry_day,47.17,10.0,50.0,-7.8412,2.1588,-97.5,25,1,macd_bias,3.007359,30m,5m,0.52,-14.04
912.0952,-63.439,3.8333,1.3972,29.8186,weekly_series,46.05,196.7389,460.0,-0.7436,9.1733,-99.9953,105,2,macd_bias,25.641986,30m,10m,0.6952,0.22
742.5904,-56.8128,10.497,7.0214,30.0435,weekly_series,45.86,172.3831,375.0,2.2929,12.4687,-99.9979,83,2,macd_bias,38.666631,30m,15m,0.7349,5.53
828.806,-64.5855,-6.1242,-13.0458,26.2872,weekly_series,63.81,116.25,450.0,-4.4113,1.8539,-99.9963,67,0,macd_bias,-14.058356,30m,30m,0.5672,-3.28
972.7401,-70.4059,-3.8738,-5.8732,23.4974,weekly_series,69.0,194.6341,501.0,-0.7688,9.7068,-99.9972,227,0,macd_bias,1.719192,30m,3m,0.6872,-3.32
1046.6139,-71.8353,-3.4511,-2.001,28.4722,weekly_series,52.32,142.4583,585.0,-1.7936,10.6383,-99.9963,158,0,macd_bias,9.609053,30m,5m,0.6962,-4.22
127.9048,-44.7177,2.7466,-11.7369,8.559,monthly_expiry_day,33.87,10.0,110.0,0.0,10.0,-99.9858,21,0,ema_macd_agree,-4.531686,30m,1m,0.619,-2.62
102.6,-11.644,-0.2877,3.7157,7.5556,monthly_expiry_day,43.48,10.0,84.0,0.0,10.0,-12.8432,10,2,ema_macd_agree,17.951315,30m,3m,0.8,6.09
125.8333,-48.9666,2.4183,-11.2747,7.5713,monthly_expiry_day,46.15,10.0,132.5,5.4013,5.1425,-97.6744,6,1,ema_macd_agree,-2.383827,30m,5m,0.6667,20.52
1664.8,-63.0511,15.858,7.9004,47.8107,monthly_series,32.89,158.0537,1130.0,6.3243,16.095,-99.998,25,1,ema_macd_agree,24.153599,30m,10m,0.64,2.16
2065.3448,-50.0499,14.4188,5.9117,45.414,monthly_series,39.19,149.5619,1140.0,2.2294,11.2134,-99.998,29,2,ema_macd_agree,21.693424,30m,15m,0.5862,0.51
2895.0,-66.7913,-4.9692,-7.4763,26.4179,monthly_series,37.93,76.371,1200.0,0.0,10.0668,-99.998,22,1,ema_macd_agree,3.562299,30m,30m,0.6364,-3.6
2692.5789,-61.0184,11.8764,8.9331,45.3078,monthly_series,45.78,191.6225,1131.0,1.8024,11.209,-99.9986,38,1,ema_macd_agree,25.041849,30m,3m,0.6579,1.93
2283.8235,-61.0256,8.2288,6.0111,33.9431,monthly_series,39.08,191.0163,955.0,1.072,11.8595,-99.9966,34,2,ema_macd_agree,27.99938,30m,5m,0.7059,2.77
93.0476,-25.0747,5.9601,-1.9959,9.5435,weekly_expiry_day,26.58,10.0,42.0,0.0,10.0,-99.9133,63,0,ema_macd_agree,6.937502,30m,1m,0.6667,-6.75
81.3429,-13.965,6.4534,-0.3999,9.7739,weekly_expiry_day,33.33,10.0,39.0,0.0,10.0,-99.6904,35,1,ema_macd_agree,10.852503,30m,3m,0.5714,-7.62
90.2941,-6.5889,0.1059,-0.6213,7.9039,weekly_expiry_day,32.08,10.0,95.0,-10.5197,-0.5197,-21.1212,17,1,ema_macd_agree,1.794256,30m,5m,0.4118,-24.86
915.2083,-63.4684,4.6047,2.1686,30.5787,weekly_series,42.11,196.7389,460.0,-0.7034,9.2135,-99.9953,96,2,ema_macd_agree,26.528148,30m,10m,0.6979,0.49
757.9167,-58.5331,7.6941,4.2185,30.0573,weekly_series,39.78,172.3831,375.0,0.9383,11.1141,-99.9979,72,2,ema_macd_agree,30.386847,30m,15m,0.7083,2.87
859.2453,-65.6629,-4.7467,-11.6683,26.6505,weekly_series,50.48,116.25,480.0,-4.0509,2.2143,-99.9963,53,0,ema_macd_agree,-11.803778,30m,30m,0.5849,-1.51
1006.0739,-70.1803,-4.5163,-6.5157,24.7771,weekly_series,53.5,194.6341,532.5,-0.7771,9.6985,-99.9972,176,0,ema_macd_agree,0.474172,30m,3m,0.6705,-4.99
1011.3309,-70.2329,-2.3997,-0.9496,29.0493,weekly_series,46.03,142.4583,555.0,-2.6788,9.7531,-99.9963,139,0,ema_macd_agree,10.133748,30m,5m,0.6978,-4.06
136.3636,-48.0971,-2.7758,-17.2593,8.4389,monthly_expiry_day,35.48,10.0,114.5,-9.3668,0.6332,-99.9858,22,0,ema_alignment,-14.381196,60m,1m,0.5455,-9.97
111.0,-11.644,-1.8588,2.1446,6.7408,monthly_expiry_day,34.78,10.0,84.0,-4.8575,5.1425,-12.8432,8,2,ema_alignment,11.324784,60m,3m,0.75,1.09
157.5,-48.9666,-8.2191,-21.9121,5.1425,monthly_expiry_day,30.77,10.0,160.0,0.2719,0.0131,-97.6744,4,1,ema_alignment,-7.203414,60m,5m,0.5,3.85
2384.4828,-66.7165,9.7243,1.7667,37.8105,monthly_series,38.16,158.0537,1170.0,0.4783,10.249,-99.998,29,1,ema_alignment,14.41928,60m,10m,0.6552,3.68
2626.1842,-58.6091,4.9485,-3.5586,36.4781,monthly_series,51.35,149.5619,1312.5,-0.5343,8.4497,-99.998,38,0,ema_alignment,2.498546,60m,15m,0.5789,-0.22
2974.2857,-71.7565,-10.1052,-12.6123,25.6575,monthly_series,48.28,80.3803,1035.0,-4.8627,5.2041,-99.998,28,0,ema_alignment,-9.168037,60m,30m,0.6071,-6.53
2666.7273,-61.2106,8.7714,5.8281,40.5033,monthly_series,53.01,191.6225,1236.0,1.5489,10.9555,-99.9986,44,1,ema_alignment,21.949672,60m,3m,0.6591,2.05
2442.1053,-61.1609,12.1574,9.9397,35.3327,monthly_series,43.68,191.0163,1090.0,1.072,11.8595,-99.9966,38,2,ema_alignment,35.416798,60m,5m,0.7368,5.86
90.0896,-12.8144,10.7296,2.7736,9.4068,weekly_expiry_day,28.27,10.0,34.0,0.0,10.0,-99.9508,67,2,ema_alignment,26.304792,60m,1m,0.7015,-3.27
86.9211,-13.0487,5.2099,-1.6434,9.762,weekly_expiry_day,36.19,10.0,46.5,-7.2708,2.7292,-99.6904,38,1,ema_alignment,3.908141,60m,3m,0.5,-14.76
89.5238,-7.5237,-0.4438,-1.171,7.2993,weekly_expiry_day,39.62,10.0,85.0,-10.5197,-0.5197,-23.4332,21,0,ema_alignment,-1.016661,60m,5m,0.4286,-23.18
990.7143,-63.7377,-3.7357,-6.1718,27.2536,weekly_series,42.98,196.7389,470.0,-3.217,6.6999,-99.9979,98,0,ema_alignment,-2.154144,60m,10m,0.6327,-6.03
934.2857,-65.757,-2.436,-5.9116,28.1384,weekly_series,50.28,172.3831,660.0,-1.4978,8.678,-99.9979,91,0,ema_alignment,0.234898,60m,15m,0.6374,-4.22
977.5472,-59.5451,-9.8505,-16.7721,24.4168,weekly_series,50.48,88.6329,720.0,-5.8819,0.3833,-99.9971,53,0,ema_alignment,-16.767756,60m,30m,0.5094,-9.06
1042.8626,-70.1324,-7.29,-9.2894,23.7101,weekly_series,55.32,194.6341,546.0,-1.7904,8.6852,-99.9972,182,0,ema_alignment,-5.421013,60m,3m,0.6484,-7.2
1148.6885,-72.9741,-9.9881,-8.538,26.5348,weekly_series,40.4,142.4583,607.5,-4.5901,7.8418,-99.9963,122,0,ema_alignment,-4.749768,60m,5m,0.6475,-9.09
133.0769,-40.8908,0.2749,-14.2086,8.6619,monthly_expiry_day,41.94,10.0,113.0,-9.3668,0.6332,-99.9858,26,0,macd_bias,-12.215437,60m,1m,0.5385,-10.67
108.25,-11.6409,-1.0432,2.9602,7.8272,monthly_expiry_day,52.17,10.0,84.0,0.0,10.0,-12.8432,12,2,macd_bias,17.275126,60m,3m,0.75,1.09
142.8571,-36.8334,2.2337,-11.4593,7.5713,monthly_expiry_day,53.85,10.0,150.0,0.5438,0.285,-97.6744,7,1,macd_bias,-4.313021,60m,5m,0.5714,10.99
2488.9474,-73.9106,3.2554,-4.7022,35.6694,monthly_series,50.0,158.0537,1210.0,-0.7875,8.9832,-99.998,38,0,macd_bias,1.834973,60m,10m,0.6316,1.32
2437.1053,-61.4423,3.8749,-4.6322,36.6842,monthly_series,51.35,149.5619,1282.5,-1.5126,7.4714,-99.998,38,0,macd_bias,0.633897,60m,15m,0.5789,-0.22
3140.4545,-79.856,-11.1167,-13.6238,24.2231,monthly_series,37.93,80.3803,1200.0,-4.8627,5.2041,-99.998,22,0,macd_bias,-9.958116,60m,30m,0.6364,-3.6
2805.1111,-70.0781,5.5243,2.581,35.9649,monthly_series,65.06,191.6225,1131.0,1.1422,10.5488,-99.9986,54,1,macd_bias,19.172941,60m,3m,0.6852,4.66
2451.875,-68.9373,7.7866,5.5689,33.2427,monthly_series,55.17,191.0163,1152.5,0.2049,10.9924,-99.9977,48,1,macd_bias,24.496289,60m,5m,0.7292,5.1
92.2211,-23.0323,7.58,-0.376,9.579,weekly_expiry_day,40.08,10.0,34.0,0.0,10.0,-99.9759,95,1,macd_bias,16.843569,60m,1m,0.6947,-3.95
83.9423,-18.7651,3.4154,-3.4379,9.6997,weekly_expiry_day,49.52,10.0,55.5,-1.943,8.057,-99.9681,52,0,macd_bias,2.35394,60m,3m,0.5385,-10.91
88.4615,-13.6894,-3.6667,-4.3939,8.2818,weekly_expiry_day,49.06,10.0,90.0,-10.6332,-0.6332,-97.5,26,0,macd_bias,-3.37262,60m,5m,0.4231,-23.73
935.0,-62.8232,0.5958,-1.8403,28.2838,weekly_series,54.39,196.7389,550.0,-2.2691,7.6478,-99.9979,124,0,macd_bias,5.677395,60m,10m,0.6694,-2.36
862.0213,-62.0299,5.0341,1.5585,28.5353,weekly_series,51.93,172.3831,607.5,0.6695,10.8453,-99.9979,94,1,macd_bias,21.022432,60m,15m,0.7021,2.25
1000.8,-61.1791,-8.7234,-15.645,26.3865,weekly_series,47.62,88.6329,750.0,-5.6779,0.5873,-99.9963,50,0,macd_bias,-15.57322,60m,30m,0.52,-8.0
994.6753,-71.306,-5.7497,-7.7491,23.4143,weekly_series,70.21,194.6341,474.0,-1.7933,8.6823,-99.998,231,0,macd_bias,-3.054448,60m,3m,0.671,-4.94
1013.3333,-70.715,-3.0192,-1.5691,26.5788,weekly_series,52.65,142.4583,590.0,-1.9632,10.4687,-99.998,159,0,macd_bias,10.386125,60m,5m,0.7107,-2.77
136.3636,-48.0971,-2.7758,-17.2593,8.4389,monthly_expiry_day,35.48,10.0,114.5,-9.3668,0.6332,-99.9858,22,0,ema_macd_agree,-14.381196,60m,1m,0.5455,-9.97
111.0,-11.644,-1.8588,2.1446,6.7408,monthly_expiry_day,34.78,10.0,84.0,-4.8575,5.1425,-12.8432,8,2,ema_macd_agree,11.324784,60m,3m,0.75,1.09
157.5,-48.9666,-8.2191,-21.9121,5.1425,monthly_expiry_day,30.77,10.0,160.0,0.2719,0.0131,-97.6744,4,1,ema_macd_agree,-7.203414,60m,5m,0.5,3.85
2346.2963,-71.151,10.3227,2.3651,39.1232,monthly_series,35.53,158.0537,1170.0,0.4783,10.249,-99.998,27,1,ema_macd_agree,15.039435,60m,10m,0.6667,4.83
2442.3529,-60.7294,3.1942,-5.3129,38.4369,monthly_series,45.95,149.5619,1312.5,-1.5126,7.4714,-99.998,34,0,ema_macd_agree,-0.08237,60m,15m,0.5588,-2.23
3140.4545,-79.856,-11.1167,-13.6238,24.2231,monthly_series,37.93,80.3803,1200.0,-4.8627,5.2041,-99.998,22,0,ema_macd_agree,-9.958116,60m,30m,0.6364,-3.6
2608.186,-63.6681,9.5303,6.587,40.5033,monthly_series,51.81,191.6225,1140.0,1.7106,11.1172,-99.9986,43,1,ema_macd_agree,23.439423,60m,3m,0.6744,3.58
2422.7778,-64.9782,12.3887,10.171,35.2207,monthly_series,41.38,191.0163,1090.0,1.072,11.8595,-99.9966,36,2,ema_macd_agree,35.846462,60m,5m,0.75,7.18
88.7302,-12.8144,10.409,2.453,9.5542,weekly_expiry_day,26.58,10.0,34.0,0.0,10.0,-99.9508,63,2,ema_macd_agree,24.769627,60m,1m,0.6825,-5.17
84.9706,-13.7987,4.8209,-2.0324,9.7339,weekly_expiry_day,32.38,10.0,45.0,-7.2708,2.7292,-99.6904,34,1,ema_macd_agree,3.446945,60m,3m,0.5,-14.76
88.4211,-7.5237,-1.1127,-1.8399,7.9039,weekly_expiry_day,35.85,10.0,85.0,-10.7467,-0.7467,-23.4332,19,0,ema_macd_agree,-1.30371,60m,5m,0.3684,-29.2
952.3404,-61.6055,-2.1744,-4.6105,27.6867,weekly_series,41.23,196.7389,470.0,-2.8651,7.0518,-99.9979,94,0,ema_macd_agree,0.47345,60m,10m,0.6383,-5.47
912.5,-62.0299,1.889,-1.5866,28.635,weekly_series,46.41,172.3831,630.0,0.1465,10.3223,-99.9979,84,1,ema_macd_agree,14.274967,60m,15m,0.6667,-1.29
1006.9565,-59.4914,-11.4884,-18.41,22.6714,weekly_series,43.81,88.6329,750.0,-6.0924,0.1728,-99.9963,46,0,ema_macd_agree,-17.603876,60m,30m,0.5,-10.0
1058.3829,-69.6584,-7.7746,-9.774,23.9109,weekly_series,53.19,194.6341,594.0,-1.8996,8.576,-99.9972,175,0,ema_macd_agree,-6.238996,60m,3m,0.64,-8.04
1132.8632,-71.8912,-9.2372,-7.7871,26.7953,weekly_series,38.74,142.4583,610.0,-4.5667,7.8652,-99.9963,117,0,ema_macd_agree,-3.535164,60m,5m,0.6496,-8.88
163.1176,-34.456,-0.154,-14.6375,7.6583,monthly_expiry_day,27.42,10.0,152.0,-11.2765,-1.2765,-99.9858,17,0,ema_alignment,-10.562737,120m,1m,0.4706,-17.46
122.5714,-11.644,-2.981,1.0224,6.089,monthly_expiry_day,30.43,10.0,105.0,-9.715,0.285,-12.8432,7,1,ema_alignment,3.878162,120m,3m,0.7143,-2.48
160.0,-0.2588,17.0351,3.3421,5.1425,monthly_expiry_day,23.08,10.0,170.0,0.5438,0.285,-0.2588,3,2,ema_alignment,5.333618,120m,5m,0.6667,20.52
2202.8125,-61.3564,9.7696,1.812,34.9003,monthly_series,42.11,158.0537,1135.0,-0.7875,8.9832,-99.998,32,1,ema_alignment,13.881445,120m,10m,0.6562,3.78
1926.3158,-49.7009,8.7118,0.2047,32.7518,monthly_series,51.35,149.5619,1057.5,-1.5126,7.4714,-99.998,38,1,ema_alignment,10.460956,120m,15m,0.6053,2.42
2612.1429,-58.1867,-8.7482,-11.2553,23.9433,monthly_series,48.28,80.3803,1035.0,-5.1649,4.9019,-99.998,28,0,ema_alignment,-7.526944,120m,30m,0.5714,-10.1
2629.3333,-61.2106,0.4155,-2.5278,26.8136,monthly_series,54.22,191.6225,1032.0,0.1637,9.5703,-99.9986,45,1,ema_alignment,10.428988,120m,3m,0.6667,2.81
2467.9268,-60.2509,6.9267,4.709,31.589,monthly_series,47.13,191.0163,1150.0,-1.8292,8.9583,-99.9977,41,2,ema_alignment,25.088023,120m,5m,0.7073,2.91
101.6618,-16.1758,8.6925,0.7365,9.3805,weekly_expiry_day,28.69,10.0,56.5,0.0,10.0,-99.9759,68,1,ema_alignment,16.443609,120m,1m,0.6618,-7.24
80.9268,-9.5453,7.319,0.4657,10.0,weekly_expiry_day,39.05,10.0,42.0,0.0,10.0,-59.0438,41,1,ema_alignment,10.975165,120m,3m,0.5122,-13.54
82.8571,-7.0861,0.1796,-0.5476,8.1705,weekly_expiry_day,39.62,10.0,75.0,-10.5197,-0.5197,-23.4332,21,1,ema_alignment,2.045927,120m,5m,0.4286,-23.18
1114.8387,-65.2389,-7.8128,-10.2489,24.4815,weekly_series,40.79,196.7389,730.0,-3.9977,5.9192,-99.9979,93,0,ema_alignment,-8.500587,120m,10m,0.6129,-8.01
913.7349,-60.3239,1.4148,-2.0608,29.2287,weekly_series,45.86,172.3831,615.0,0.7471,10.9229,-99.9979,83,1,ema_alignment,13.815621,120m,15m,0.6506,-2.9
946.7308,-60.1791,-10.1463,-17.0679,22.8499,weekly_series,49.52,88.6329,735.0,-5.6779,0.5873,-99.9971,52,0,ema_alignment,-17.16795,120m,30m,0.5192,-8.08
1006.9765,-68.4955,-8.1211,-10.1205,20.9077,weekly_series,51.67,194.6341,490.5,-1.9235,8.5521,-99.998,170,0,ema_alignment,-6.938953,120m,3m,0.6529,-6.75
1148.4454,-71.6153,-10.8787,-9.4286,23.2593,weekly_series,39.4,83.5155,685.0,-5.1045,7.3274,-99.998,119,0,ema_alignment,-6.746222,120m,5m,0.6555,-8.29
141.08,-42.8419,-1.63,-16.1135,8.559,monthly_expiry_day,40.32,10.0,116.0,-9.5261,0.4739,-99.9858,25,0,macd_bias,-13.368818,120m,1m,0.52,-12.52
107.4545,-8.9846,-2.6846,1.3188,7.2064,monthly_expiry_day,47.83,10.0,63.0,-9.715,0.285,-12.8432,11,2,macd_bias,7.526094,120m,3m,0.6364,-10.27
146.6667,-27.8789,-3.1788,-16.8718,5.1425,monthly_expiry_day,46.15,10.0,160.0,-0.3783,-0.6371,-97.6744,6,1,macd_bias,-4.318765,120m,5m,0.3333,-12.82
3093.6585,-67.3319,1.3776,-6.58,32.3012,monthly_series,53.95,158.0537,1340.0,-3.4899,6.2808,-99.998,41,1,macd_bias,2.07018,120m,10m,0.6098,-0.86
2815.6098,-56.9695,2.9844,-5.5227,34.7401,monthly_series,55.41,149.5619,1320.0,-2.2668,6.7172,-99.998,41,0,macd_bias,-0.860393,120m,15m,0.561,-2.01
2974.2857,-71.7565,-10.1052,-12.6123,25.6575,monthly_series,48.28,80.3803,1035.0,-4.8627,5.2041,-99.998,28,0,macd_bias,-9.168037,120m,30m,0.6071,-6.53
2558.5556,-54.6568,1.4525,-1.4908,27.3708,monthly_series,65.06,191.6225,1030.5,0.2918,9.6984,-99.9986,54,0,macd_bias,6.879961,120m,3m,0.6481,0.95
2451.7,-59.4554,6.7525,4.5348,29.4199,monthly_series,57.47,191.0163,1115.0,-0.622,10.1655,-99.9977,50,1,macd_bias,22.152826,120m,5m,0.72,4.18
97.2188,-19.8982,8.8556,0.8996,9.4633,weekly_expiry_day,40.51,10.0,45.0,0.0,10.0,-99.9759,96,1,macd_bias,19.278945,120m,1m,0.7083,-2.59
77.5385,-13.854,6.5995,-0.2538,9.7197,weekly_expiry_day,49.52,10.0,46.5,0.0,10.0,-99.9681,52,1,macd_bias,12.306878,120m,3m,0.5769,-7.07
72.8571,-7.4948,2.2103,1.4831,8.2166,weekly_expiry_day,52.83,10.0,60.0,-7.3363,2.6637,-23.4332,28,2,macd_bias,10.916891,120m,5m,0.5714,-8.9
1103.9316,-67.6661,-9.2024,-11.6385,25.9801,weekly_series,51.32,196.7389,720.0,-3.8472,6.0697,-99.9979,117,0,macd_bias,-10.546227,120m,10m,0.5983,-9.47
949.4828,-63.0222,-2.4256,-5.9012,29.0061,weekly_series,48.07,172.3831,705.0,-2.2249,7.9509,-99.9979,87,0,macd_bias,-0.466288,120m,15m,0.6207,-5.89
1022.8302,-63.1703,-10.7877,-17.7093,26.068,weekly_series,50.48,88.6329,750.0,-5.8819,0.3833,-99.9971,53,0,macd_bias,-17.719945,120m,30m,0.5094,-9.06
938.6812,-67.4741,-4.8826,-6.882,22.1157,weekly_series,62.92,194.6341,363.0,-1.7874,8.6882,-99.998,207,0,macd_bias,-1.44438,120m,3m,0.6763,-4.41
1038.8562,-69.6207,-4.72,-3.2699,26.1498,weekly_series,50.66,134.9522,580.0,-3.0749,9.357,-99.998,153,0,macd_bias,5.722945,120m,5m,0.6928,-4.56
163.1176,-34.456,-0.154,-14.6375,7.6583,monthly_expiry_day,27.42,10.0,152.0,-11.2765,-1.2765,-99.9858,17,0,ema_macd_agree,-10.562737,120m,1m,0.4706,-17.46
122.5714,-11.644,-2.981,1.0224,6.089,monthly_expiry_day,30.43,10.0,105.0,-9.715,0.285,-12.8432,7,1,ema_macd_agree,3.878162,120m,3m,0.7143,-2.48
160.0,-0.2588,17.0351,3.3421,5.1425,monthly_expiry_day,23.08,10.0,170.0,0.5438,0.285,-0.2588,3,2,ema_macd_agree,5.333618,120m,5m,0.6667,20.52
2308.6667,-66.717,9.839,1.8814,36.1807,monthly_series,39.47,158.0537,1210.0,-0.3093,9.4614,-99.998,30,1,ema_macd_agree,14.314009,120m,10m,0.6667,4.83
2040.4412,-52.6974,7.835,-0.6721,35.7456,monthly_series,45.95,149.5619,1200.0,-1.5126,7.4714,-99.998,34,1,ema_macd_agree,8.948358,120m,15m,0.5882,0.71
2723.0769,-68.9335,-9.2714,-11.7785,23.9433,monthly_series,44.83,80.3803,1035.0,-4.8627,5.2041,-99.998,26,0,ema_macd_agree,-8.250578,120m,30m,0.6154,-5.7
2641.6364,-61.2106,0.1473,-2.796,27.4184,monthly_series,53.01,191.6225,1030.5,0.2918,9.6984,-99.9986,44,1,ema_macd_agree,10.026953,120m,3m,0.6591,2.05
2467.9268,-60.2509,6.9267,4.709,31.589,monthly_series,47.13,191.0163,1150.0,-1.8292,8.9583,-99.9977,41,2,ema_macd_agree,25.088023,120m,5m,0.7073,2.91
103.1642,-16.1758,8.5542,0.5982,9.3664,weekly_expiry_day,28.27,10.0,63.0,0.0,10.0,-99.9759,67,1,ema_macd_agree,16.06902,120m,1m,0.6567,-7.75
80.9268,-9.5453,7.319,0.4657,10.0,weekly_expiry_day,39.05,10.0,42.0,0.0,10.0,-59.0438,41,1,ema_macd_agree,10.975165,120m,3m,0.5122,-13.54
82.75,-6.7854,0.6719,-0.0553,8.1705,weekly_expiry_day,37.74,10.0,70.0,-10.3657,-0.3657,-23.4332,20,1,ema_macd_agree,2.526831,120m,5m,0.45,-21.04
1143.7778,-66.7959,-8.1614,-10.5975,25.1651,weekly_series,39.47,196.7389,755.0,-3.9224,5.9945,-99.9979,90,0,ema_macd_agree,-8.822937,120m,10m,0.6111,-8.19
949.557,-62.0298,1.0672,-2.4084,30.3249,weekly_series,43.65,172.3831,705.0,0.7544,10.9302,-99.9979,79,1,ema_macd_agree,13.074024,120m,15m,0.6456,-3.4
973.0435,-58.4736,-10.4761,-17.3977,23.6782,weekly_series,43.81,88.6329,750.0,-6.0924,0.1728,-99.9971,46,0,ema_macd_agree,-16.6295,120m,30m,0.5,-10.0
993.559,-67.6298,-8.24,-10.2394,21.215,weekly_series,48.94,194.6341,489.0,-1.9446,8.531,-99.998,161,0,ema_macd_agree,-7.013084,120m,3m,0.646,-7.44
1146.4783,-70.9059,-10.4732,-9.0231,23.9811,weekly_series,38.08,83.5155,715.0,-4.6134,7.8185,-99.998,115,0,ema_macd_agree,-5.50325,120m,5m,0.6522,-8.62
167.5625,-13.2256,10.2482,-4.2353,7.3238,monthly_expiry_day,25.81,10.0,145.5,-10.8489,-0.8489,-51.5623,16,1,ema_alignment,-0.514114,1d,1m,0.4375,-20.77
116.7273,-7.2719,-3.632,0.3714,6.7408,monthly_expiry_day,47.83,10.0,105.0,-9.84,0.16,-12.8432,11,1,ema_alignment,3.038662,1d,3m,0.5455,-19.36
139.1667,-3.6652,12.9637,-0.7293,5.1425,monthly_expiry_day,46.15,10.0,137.5,-0.2804,-0.5392,-12.5669,6,1,ema_alignment,0.938243,1d,5m,0.3333,-12.82
2730.3333,-52.699,-3.5196,-11.4772,20.0453,monthly_series,39.47,68.8701,1345.0,-4.4416,5.3291,-99.998,30,0,ema_alignment,-7.537823,1d,10m,0.5667,-5.17
2522.0,-44.8114,-1.7376,-10.2447,20.0011,monthly_series,40.54,45.4545,1342.5,-3.1978,5.7862,-99.998,30,0,ema_alignment,-5.672006,1d,15m,0.5333,-4.78
2679.4737,-49.8247,-15.7941,-18.3012,16.7249,monthly_series,32.76,76.371,1020.0,-11.8923,-1.8255,-99.998,19,0,ema_alignment,-13.892103,1d,30m,0.4737,-19.87
3421.4571,-58.463,-12.9045,-15.8478,16.1136,monthly_series,42.17,56.1688,1386.0,-2.17,7.2366,-99.9986,35,0,ema_alignment,-11.038918,1d,3m,0.5714,-6.72
3170.7143,-59.4546,-7.7858,-10.0035,22.9639,monthly_series,40.23,84.8935,1480.0,-3.5509,7.2366,-99.9977,35,0,ema_alignment,-5.308496,1d,5m,0.6,-7.82
93.3231,-26.3813,6.202,-1.754,10.0,weekly_expiry_day,27.43,10.0,27.0,0.0,10.0,-99.9762,65,0,ema_alignment,7.438768,1d,1m,0.6769,-5.73
81.6,-20.4783,4.662,-2.1913,10.0,weekly_expiry_day,33.33,10.0,39.0,0.0,10.0,-99.9681,35,0,ema_alignment,5.16962,1d,3m,0.6,-4.76
81.1111,-20.2114,-6.0569,-6.7841,10.0,weekly_expiry_day,33.96,10.0,75.0,-10.4792,-0.4792,-97.5,18,1,ema_alignment,-2.040973,1d,5m,0.4444,-21.6
1200.1351,-67.3741,-17.6599,-20.096,22.3331,weekly_series,32.46,57.0907,660.0,-5.6945,4.2224,-99.9979,74,0,ema_alignment,-19.499824,1d,10m,0.527,-16.6
905.5714,-64.2187,-8.3781,-11.8537,25.185,weekly_series,38.67,110.931,382.5,-2.9111,7.2647,-99.9979,70,0,ema_alignment,-8.449181,1d,15m,0.5857,-9.39
976.9231,-73.9493,-16.379,-23.3006,20.1125,weekly_series,37.14,88.6329,600.0,-4.4113,1.8539,-99.9971,39,0,ema_alignment,-21.853928,1d,30m,0.5385,-6.15
1321.7328,-73.9332,-18.6093,-20.6087,19.7886,weekly_series,35.26,131.9783,763.5,-4.3201,6.1555,-99.998,116,0,ema_alignment,-22.083664,1d,3m,0.569,-15.14
1206.3402,-71.7533,-14.3134,-12.8633,25.0658,weekly_series,32.12,114.6427,650.0,-5.9197,6.5122,-99.998,97,0,ema_alignment,-11.579232,1d,5m,0.6082,-13.02
179.85,-22.1666,5.8552,-8.6283,7.9185,monthly_expiry_day,32.26,10.0,154.0,-10.8489,-0.8489,-99.9521,20,0,macd_bias,-6.317595,1d,1m,0.45,-19.52
127.8462,-9.728,-4.6128,-0.6094,7.2064,monthly_expiry_day,56.52,10.0,132.0,-9.84,0.16,-22.0081,13,1,macd_bias,2.488829,1d,3m,0.5385,-20.06
129.375,-6.8383,11.9547,-1.7383,6.7617,monthly_expiry_day,61.54,10.0,110.0,-0.2804,-0.5392,-19.5309,8,1,macd_bias,0.776277,1d,5m,0.375,-8.65
2700.0,-58.4138,-3.4665,-11.4241,20.5289,monthly_series,55.26,68.8701,1345.0,-1.0117,8.759,-99.998,42,0,macd_bias,-5.924407,1d,10m,0.5952,-2.32
2414.0,-47.0669,-1.6125,-10.1196,19.4383,monthly_series,60.81,52.381,975.0,-2.2668,6.7172,-99.998,45,0,macd_bias,-5.762098,1d,15m,0.5556,-2.55
1753.7838,-45.7606,4.1716,1.6645,24.4286,monthly_series,63.79,80.3803,870.0,-0.5153,9.5515,-99.998,37,1,macd_bias,15.178313,1d,30m,0.6757,0.33
2845.3696,-52.0426,-7.3965,-10.3398,19.0066,monthly_series,55.42,70.5833,1182.0,-1.7349,7.6717,-99.9986,46,0,macd_bias,-5.61575,1d,3m,0.587,-5.16
2938.6364,-61.1964,-7.7722,-9.9899,22.2512,monthly_series,50.57,84.8935,1430.0,-2.69,8.0975,-99.9977,44,0,macd_bias,-5.047186,1d,5m,0.6136,-6.46
90.9619,-48.5916,0.0113,-7.9447,9.8731,weekly_expiry_day,44.3,10.0,25.0,0.0,10.0,-99.9762,105,0,macd_bias,-1.531369,1d,1m,0.6952,-3.9
81.8824,-36.5571,-3.2302,-10.0835,10.0,weekly_expiry_day,48.57,10.0,39.0,0.0,10.0,-99.9681,51,0,macd_bias,-3.463815,1d,3m,0.5686,-7.9
67.3077,-19.143,-2.7234,-3.4506,10.0,weekly_expiry_day,49.06,10.0,42.5,0.0,10.0,-97.5,26,1,macd_bias,6.699368,1d,5m,0.5385,-12.19
1007.2277,-66.4852,-8.7923,-11.2284,20.7169,weekly_series,44.3,57.0907,420.0,-2.7466,7.1703,-99.9979,101,0,macd_bias,-9.099088,1d,10m,0.6337,-5.93
849.6774,-65.5812,-3.5484,-7.024,25.1824,weekly_series,51.38,110.931,390.0,-0.0716,10.1042,-99.9979,93,0,macd_bias,0.07173,1d,15m,0.6452,-3.44
897.2727,-69.1428,-5.4302,-12.3518,25.5088,weekly_series,52.38,116.25,600.0,0.0,6.2652,-99.9971,55,0,macd_bias,-9.619979,1d,30m,0.6,0.0
1157.6507,-73.9332,-8.9719,-10.9713,21.8213,weekly_series,44.38,131.9783,588.0,-1.5146,8.961,-99.998,146,0,macd_bias,-7.708545,1d,3m,0.6575,-6.29
1096.6532,-72.8544,-10.0077,-8.5576,24.3749,weekly_series,41.06,114.6427,612.5,-3.4142,9.0177,-99.998,124,0,macd_bias,-3.584437,1d,5m,0.6613,-7.71
167.5625,-13.2256,10.2482,-4.2353,7.3238,monthly_expiry_day,25.81,10.0,145.5,-10.8489,-0.8489,-51.5623,16,1,ema_macd_agree,-0.514114,1d,1m,0.4375,-20.77
116.7273,-7.2719,-3.632,0.3714,6.7408,monthly_expiry_day,47.83,10.0,105.0,-9.84,0.16,-12.8432,11,1,ema_macd_agree,3.038662,1d,3m,0.5455,-19.36
139.1667,-3.6652,12.9637,-0.7293,5.1425,monthly_expiry_day,46.15,10.0,137.5,-0.2804,-0.5392,-12.5669,6,1,ema_macd_agree,0.938243,1d,5m,0.3333,-12.82
2750.3448,-52.699,-4.1155,-12.0731,20.9355,monthly_series,38.16,68.8701,1340.0,-4.9155,4.8552,-99.998,29,0,ema_macd_agree,-8.138554,1d,10m,0.5517,-6.67
2522.0,-44.8114,-1.7376,-10.2447,20.0011,monthly_series,40.54,45.4545,1342.5,-3.1978,5.7862,-99.998,30,0,ema_macd_agree,-5.672006,1d,15m,0.5333,-4.78
2679.4737,-49.8247,-15.7941,-18.3012,16.7249,monthly_series,32.76,76.371,1020.0,-11.8923,-1.8255,-99.998,19,0,ema_macd_agree,-13.892103,1d,30m,0.4737,-19.87
3347.7273,-55.4962,-10.9035,-13.8468,16.8422,monthly_series,39.76,56.1688,1374.0,-1.2997,8.1069,-99.9986,33,0,ema_macd_agree,-8.296504,1d,3m,0.5758,-6.28
3202.0588,-59.4546,-8.1468,-10.3645,23.9986,monthly_series,39.08,84.8935,1430.0,-2.69,8.0975,-99.9977,34,0,ema_macd_agree,-4.91053,1d,5m,0.5882,-9.0
89.9841,-28.5627,6.326,-1.63,10.0,weekly_expiry_day,26.58,10.0,26.0,0.0,10.0,-99.9762,63,1,ema_macd_agree,13.607882,1d,1m,0.6984,-3.58
81.6,-20.4783,4.662,-2.1913,10.0,weekly_expiry_day,33.33,10.0,39.0,0.0,10.0,-99.9681,35,0,ema_macd_agree,5.16962,1d,3m,0.6,-4.76
81.1111,-20.2114,-6.0569,-6.7841,10.0,weekly_expiry_day,33.96,10.0,75.0,-10.4792,-0.4792,-97.5,18,1,ema_macd_agree,-2.040973,1d,5m,0.4444,-21.6
1200.1351,-67.3741,-17.6599,-20.096,22.3331,weekly_series,32.46,57.0907,660.0,-5.6945,4.2224,-99.9979,74,0,ema_macd_agree,-19.499824,1d,10m,0.527,-16.6
905.5714,-64.2187,-8.3781,-11.8537,25.185,weekly_series,38.67,110.931,382.5,-2.9111,7.2647,-99.9979,70,0,ema_macd_agree,-8.449181,1d,15m,0.5857,-9.39
976.9231,-73.9493,-16.379,-23.3006,20.1125,weekly_series,37.14,88.6329,600.0,-4.4113,1.8539,-99.9971,39,0,ema_macd_agree,-21.853928,1d,30m,0.5385,-6.15
1309.2895,-73.4014,-18.0953,-20.0947,20.0904,weekly_series,34.65,131.9783,763.5,-4.2232,6.2524,-99.998,114,0,ema_macd_agree,-21.263025,1d,3m,0.5702,-15.02
1212.8646,-71.7533,-14.4492,-12.9991,25.495,weekly_series,31.79,114.6427,667.5,-5.5121,6.9198,-99.998,96,0,ema_macd_agree,-11.270706,1d,5m,0.6042,-13.42
