avg_holding_minutes,avg_loss_return_pct,avg_return_delta_pct,avg_return_pct,avg_win_return_pct,group_name,kept_pct,max_return_pct,median_holding_minutes,median_return_pct,min_return_pct,opportunities,regime_model,spot_timeframe,timeframe,underlying,win_rate
73.15,-60.534,,-11.6365,9.3196,monthly_expiry_day,100.0,10.0,8.5,10.0,-99.9521,20,unfiltered,baseline,1m,NIFTY,0.7
118.9524,-57.2524,,-15.8392,9.6459,monthly_expiry_day,100.0,10.0,54.0,10.0,-99.9858,42,unfiltered,baseline,1m,SENSEX,0.619
84.0,-0.4214,,6.6231,8.032,monthly_expiry_day,100.0,10.0,55.5,10.0,-0.4214,6,unfiltered,baseline,3m,NIFTY,0.8333
74.1176,-11.5893,,3.0787,9.1904,monthly_expiry_day,100.0,10.0,24.0,10.0,-22.0081,17,unfiltered,baseline,3m,SENSEX,0.7059
106.25,-0.5392,,4.7304,10.0,monthly_expiry_day,100.0,10.0,102.5,4.8706,-0.8195,4,unfiltered,baseline,5m,NIFTY,0.5
96.6667,-45.4433,,-21.8813,7.5713,monthly_expiry_day,100.0,10.0,90.0,-1.0155,-97.6744,9,unfiltered,baseline,5m,SENSEX,0.4444
4276.4706,-86.3201,,-7.0359,36.21,monthly_series,100.0,149.5502,1730.0,16.1019,-99.9941,17,unfiltered,baseline,10m,NIFTY,0.6471
2604.4068,-65.5267,,-8.2231,28.3875,monthly_series,100.0,158.0537,1100.0,9.2924,-99.998,59,unfiltered,baseline,10m,SENSEX,0.6102
4503.75,-74.2723,,-8.94,41.874,monthly_series,100.0,149.5619,1657.5,13.8218,-99.9944,16,unfiltered,baseline,15m,NIFTY,0.5625
2445.5172,-59.3944,,-8.3877,27.617,monthly_series,100.0,144.127,1057.5,8.4497,-99.998,58,unfiltered,baseline,15m,SENSEX,0.5862
4305.0,-79.9407,,-24.1238,15.7454,monthly_series,100.0,40.3622,1800.0,0.9824,-99.9944,12,unfiltered,baseline,30m,NIFTY,0.5833
1985.8696,-56.3871,,3.132,29.1716,monthly_series,100.0,80.3803,870.0,10.5023,-99.998,46,unfiltered,baseline,30m,SENSEX,0.6957
4588.9412,-83.7194,,1.8768,48.5656,monthly_series,100.0,191.6225,2106.0,9.2737,-99.9946,17,unfiltered,baseline,3m,NIFTY,0.6471
2667.2273,-60.6042,,-4.1848,28.0548,monthly_series,100.0,172.1161,1075.5,9.4885,-99.9986,66,unfiltered,baseline,3m,SENSEX,0.6364
3741.25,-86.3222,,-0.8159,35.8297,monthly_series,100.0,144.4495,1595.0,14.9034,-99.9937,20,unfiltered,baseline,5m,NIFTY,0.7
2494.7015,-65.6965,,-2.6362,28.1932,monthly_series,100.0,191.0163,955.0,9.4066,-99.9977,67,unfiltered,baseline,5m,SENSEX,0.6716
74.8974,-62.0569,,-5.9434,9.6948,weekly_expiry_day,100.0,10.0,14.5,10.0,-99.9759,78,unfiltered,baseline,1m,NIFTY,0.7821
79.0126,-55.0894,,-8.9433,9.8418,weekly_expiry_day,100.0,10.0,23.0,10.0,-99.9762,159,unfiltered,baseline,1m,SENSEX,0.7107
71.2727,-46.6954,,-12.3346,10.0,weekly_expiry_day,100.0,10.0,39.0,10.0,-99.9681,33,unfiltered,baseline,3m,NIFTY,0.6061
70.0833,-32.6728,,-4.3411,9.8248,weekly_expiry_day,100.0,10.0,30.0,10.0,-99.5192,72,unfiltered,baseline,3m,SENSEX,0.6667
61.4706,-30.4609,,-4.847,9.1242,weekly_expiry_day,100.0,10.0,10.0,10.0,-97.5,17,unfiltered,baseline,5m,NIFTY,0.6471
56.25,-14.7702,,1.2182,9.2125,weekly_expiry_day,100.0,10.0,27.5,10.0,-98.8372,36,unfiltered,baseline,5m,SENSEX,0.6667
988.8406,-75.1906,,-8.4655,29.4465,weekly_series,100.0,196.7389,470.0,9.3653,-99.9939,69,unfiltered,baseline,10m,NIFTY,0.6377
845.0943,-66.8678,,0.1804,26.6469,weekly_series,100.0,131.3139,390.0,10.1023,-99.9979,159,unfiltered,baseline,10m,SENSEX,0.717
1021.6364,-79.1474,,-7.3566,30.533,weekly_series,100.0,172.3831,660.0,8.4435,-99.9938,55,unfiltered,baseline,15m,NIFTY,0.6545
809.4048,-63.1764,,-1.7815,25.7404,weekly_series,100.0,111.4404,390.0,11.1763,-99.9979,126,unfiltered,baseline,15m,SENSEX,0.6905
812.069,-55.3494,,-19.1145,14.7049,weekly_series,100.0,74.7257,360.0,0.7912,-99.9938,29,unfiltered,baseline,30m,NIFTY,0.5172
775.6579,-55.9537,,-2.2691,29.047,weekly_series,100.0,116.25,450.0,7.5449,-99.9971,76,unfiltered,baseline,30m,SENSEX,0.6316
1049.4242,-79.309,,-4.6551,26.2729,weekly_series,100.0,194.6341,477.0,10.0809,-99.9944,99,unfiltered,baseline,3m,NIFTY,0.7071
982.0826,-69.3899,,-0.8563,24.9977,weekly_series,100.0,250.0857,450.0,10.6178,-99.998,230,unfiltered,baseline,3m,SENSEX,0.7261
872.2917,-83.6541,,0.8789,29.0565,weekly_series,100.0,114.8905,282.5,14.9353,-99.9938,96,unfiltered,baseline,5m,NIFTY,0.75
937.1117,-71.8573,,1.7163,28.5146,weekly_series,100.0,275.1301,492.5,10.6383,-99.998,206,unfiltered,baseline,5m,SENSEX,0.733
95.8889,-64.2608,-4.1756,-15.8121,8.4123,monthly_expiry_day,45.0,10.0,33.0,10.0,-99.9521,9,ema_alignment,15m,1m,NIFTY,0.6667
153.3077,-53.8648,-4.3452,-20.1844,8.6846,monthly_expiry_day,30.95,10.0,156.0,0.7925,-99.9858,13,ema_alignment,15m,1m,SENSEX,0.5385
55.5,0.0,3.3769,10.0,10.0,monthly_expiry_day,33.33,10.0,55.5,10.0,10.0,2,ema_alignment,15m,3m,NIFTY,1.0
72.0,-11.644,0.7373,3.816,10.0,monthly_expiry_day,41.18,10.0,30.0,10.0,-12.8432,7,ema_alignment,15m,3m,SENSEX,0.7143
106.6667,-0.2588,1.85,6.5804,10.0,monthly_expiry_day,75.0,10.0,100.0,10.0,-0.2588,3,ema_alignment,15m,5m,NIFTY,0.6667
118.3333,-97.0515,-39.4864,-61.3677,10.0,monthly_expiry_day,33.33,10.0,115.0,-96.4286,-97.6744,3,ema_alignment,15m,5m,SENSEX,0.3333
1262.8571,-19.8115,49.3828,42.3469,52.7066,monthly_series,41.18,149.5502,1340.0,19.5844,-19.8115,7,ema_alignment,15m,10m,NIFTY,0.8571
2180.6897,-62.1555,-4.1481,-12.3712,34.0942,monthly_series,49.15,158.0537,960.0,4.8552,-99.998,29,ema_alignment,15m,10m,SENSEX,0.5172
2180.0,-39.9877,29.3008,20.3608,50.5351,monthly_series,56.25,149.5619,1500.0,16.7761,-98.1833,9,ema_alignment,15m,15m,NIFTY,0.6667
2064.6774,-58.7155,3.4371,-4.9506,33.8795,monthly_series,53.45,144.127,960.0,8.6739,-99.998,31,ema_alignment,15m,15m,SENSEX,0.5806
4440.0,-66.5747,7.8387,-16.2851,13.8887,monthly_series,66.67,33.7134,1260.0,3.6733,-99.987,8,ema_alignment,15m,30m,NIFTY,0.625
1978.6047,-65.2837,1.8766,5.0086,29.1716,monthly_series,93.48,80.3803,870.0,11.5048,-99.998,43,ema_alignment,15m,30m,SENSEX,0.7442
2779.3333,0.0,52.2586,54.1354,54.1354,monthly_series,52.94,191.6225,2031.0,13.4548,2.2699,9,ema_alignment,15m,3m,NIFTY,1.0
2847.2812,-68.3341,-3.9284,-8.1132,38.7252,monthly_series,48.48,172.1161,1075.5,9.3843,-99.9986,32,ema_alignment,15m,3m,SENSEX,0.5625
2931.0,-58.9962,22.8631,22.0472,42.308,monthly_series,50.0,144.4495,1430.0,16.7213,-98.1809,10,ema_alignment,15m,5m,NIFTY,0.8
2059.6774,-67.4784,3.7944,1.1582,33.8423,monthly_series,46.27,191.0163,860.0,12.7946,-99.9966,31,ema_alignment,15m,5m,SENSEX,0.6774
61.3824,-35.5754,6.0127,0.0693,9.3106,weekly_expiry_day,43.59,10.0,14.0,10.0,-99.835,34,ema_alignment,15m,1m,NIFTY,0.7941
117.3659,-28.7974,3.5769,-5.3664,9.6295,weekly_expiry_day,25.79,10.0,86.0,10.0,-99.9762,41,ema_alignment,15m,1m,SENSEX,0.6098
56.0,-29.6562,9.1159,-3.2187,10.0,weekly_expiry_day,45.45,10.0,36.0,10.0,-99.6904,15,ema_alignment,15m,3m,NIFTY,0.6667
89.4643,-19.7024,0.3892,-3.9519,9.6985,weekly_expiry_day,38.89,10.0,61.5,7.7386,-97.9592,28,ema_alignment,15m,3m,SENSEX,0.5357
40.625,-3.001,10.3925,5.5455,8.3943,weekly_expiry_day,47.06,10.0,5.0,10.0,-5.7903,8,ema_alignment,15m,5m,NIFTY,0.75
84.6875,-6.7611,-1.5633,-0.3451,7.9039,weekly_expiry_day,44.44,10.0,75.0,-0.6332,-21.1212,16,ema_alignment,15m,5m,SENSEX,0.4375
967.7419,-70.0523,7.7011,-0.7644,37.344,weekly_series,44.93,196.7389,540.0,7.1703,-99.9803,31,ema_alignment,15m,10m,NIFTY,0.6452
928.0519,-65.7857,-1.6216,-1.4412,25.9647,weekly_series,48.43,131.3139,410.0,7.7594,-99.9953,77,ema_alignment,15m,10m,SENSEX,0.7013
668.2759,-80.9476,19.0283,11.6717,35.8333,weekly_series,52.73,172.3831,210.0,14.1017,-99.9938,29,ema_alignment,15m,15m,NIFTY,0.7931
783.75,-63.0532,3.9001,2.1186,27.1847,weekly_series,57.14,111.4404,375.0,11.9455,-99.9979,72,ema_alignment,15m,15m,SENSEX,0.7222
844.4444,-59.3852,-4.0766,-23.1911,10.4177,weekly_series,93.1,33.2606,360.0,0.7912,-99.9938,27,ema_alignment,15m,30m,NIFTY,0.5185
770.8696,-58.5109,0.9611,-1.308,29.2003,weekly_series,90.79,116.25,420.0,7.7378,-99.9971,69,ema_alignment,15m,30m,SENSEX,0.6522
1006.5,-79.289,-1.5929,-6.248,26.9525,weekly_series,64.65,194.6341,537.0,9.8139,-99.9911,64,ema_alignment,15m,3m,NIFTY,0.6875
966.777,-69.2726,-4.9597,-5.816,22.6072,weekly_series,60.43,109.4609,498.0,10.1055,-99.9972,139,ema_alignment,15m,3m,SENSEX,0.6906
1007.1429,-88.5771,-2.4473,-1.5684,29.8514,weekly_series,51.04,114.8905,590.0,13.7796,-99.9849,49,ema_alignment,15m,5m,NIFTY,0.7347
1030.3982,-70.275,-5.1805,-3.4642,27.7721,weekly_series,54.85,142.4583,555.0,8.4863,-99.9963,113,ema_alignment,15m,5m,SENSEX,0.6814
98.2,-66.9456,-10.0943,-21.7308,8.4123,monthly_expiry_day,50.0,10.0,58.0,5.237,-99.9521,10,macd_bias,15m,1m,NIFTY,0.6
139.3333,-46.7723,2.5164,-13.3228,8.9769,monthly_expiry_day,35.71,10.0,110.0,10.0,-99.9858,15,macd_bias,15m,1m,SENSEX,0.6
122.0,0.0,0.0969,6.72,6.72,monthly_expiry_day,50.0,10.0,105.0,10.0,0.16,3,macd_bias,15m,3m,NIFTY,1.0
84.0,-11.644,0.2959,3.3746,8.3808,monthly_expiry_day,47.06,10.0,46.5,10.0,-12.8432,8,macd_bias,15m,3m,SENSEX,0.75
106.6667,-0.2588,1.85,6.5804,10.0,monthly_expiry_day,75.0,10.0,100.0,10.0,-0.2588,3,macd_bias,15m,5m,NIFTY,0.6667
131.25,-97.0515,-24.0732,-45.9545,5.1425,monthly_expiry_day,44.44,10.0,132.5,-48.0718,-97.6744,4,macd_bias,15m,5m,SENSEX,0.5
1690.0,-19.8115,52.734,45.6981,58.8,monthly_series,35.29,149.5502,1560.0,21.6931,-19.8115,6,macd_bias,15m,10m,NIFTY,0.8333
2601.0714,-64.6783,-8.7007,-16.9238,38.1776,monthly_series,47.46,158.0537,1035.0,-7.2766,-99.998,28,macd_bias,15m,10m,SENSEX,0.4643
2550.0,-39.9877,30.8527,21.9127,68.338,monthly_series,43.75,149.5619,1500.0,18.8825,-98.1833,7,macd_bias,15m,15m,NIFTY,0.5714
1929.8571,-58.7155,5.1978,-3.1899,29.6207,monthly_series,60.34,144.127,960.0,10.9342,-99.998,35,macd_bias,15m,15m,SENSEX,0.6286
4458.0,-74.9273,1.1385,-22.9853,11.6426,monthly_series,83.33,33.7134,1260.0,0.9824,-99.987,10,macd_bias,15m,30m,NIFTY,0.6
1989.2308,-61.4048,-1.3529,1.7791,29.8608,monthly_series,84.78,80.3803,930.0,10.3774,-99.998,39,macd_bias,15m,30m,SENSEX,0.6923
3239.5714,0.0,62.8301,64.7069,64.7069,monthly_series,41.18,191.6225,2088.0,13.4548,2.2699,7,macd_bias,15m,3m,NIFTY,1.0
2863.125,-69.1687,-6.0132,-10.198,33.389,monthly_series,60.61,172.1161,1131.0,9.3843,-99.9986,40,macd_bias,15m,3m,SENSEX,0.575
2595.0,-19.8115,36.971,36.1551,44.1503,monthly_series,40.0,144.4495,1752.5,14.9034,-19.8115,8,macd_bias,15m,5m,NIFTY,0.875
2434.8333,-70.4346,-0.5621,-3.1983,35.728,monthly_series,44.78,191.0163,907.5,10.8765,-99.9974,30,macd_bias,15m,5m,SENSEX,0.6333
67.8605,-53.896,0.6509,-5.2925,9.4359,weekly_expiry_day,55.13,10.0,14.0,10.0,-99.9508,43,macd_bias,15m,1m,NIFTY,0.7674
88.9231,-43.0125,2.4893,-6.454,9.7941,weekly_expiry_day,40.88,10.0,29.0,10.0,-99.9762,65,macd_bias,15m,1m,SENSEX,0.6923
61.5882,-27.902,8.9574,-3.3772,10.0,weekly_expiry_day,51.52,10.0,39.0,10.0,-99.6904,17,macd_bias,15m,3m,NIFTY,0.6471
87.6429,-21.264,0.7807,-3.5604,9.7173,weekly_expiry_day,38.89,10.0,45.0,10.0,-97.9592,28,macd_bias,15m,3m,SENSEX,0.5714
51.0,-9.8117,7.9401,3.0931,8.6237,weekly_expiry_day,58.82,10.0,22.5,10.0,-23.4332,10,macd_bias,15m,5m,NIFTY,0.7
86.3333,-7.4859,-1.5222,-0.304,7.9039,weekly_expiry_day,41.67,10.0,85.0,-0.5197,-21.1212,15,macd_bias,15m,5m,SENSEX,0.4667
927.6,-84.2766,7.4789,-0.9866,38.2087,weekly_series,36.23,196.7389,490.0,10.4962,-99.9803,25,macd_bias,15m,10m,NIFTY,0.68
944.6575,-66.0107,-4.2989,-4.1185,28.1171,weekly_series,45.91,131.3139,390.0,7.7594,-99.9953,73,macd_bias,15m,10m,SENSEX,0.6575
852.4138,-96.444,13.1031,5.7465,38.2616,weekly_series,52.73,172.3831,210.0,11.3053,-99.9826,29,macd_bias,15m,15m,NIFTY,0.7586
736.2676,-76.1708,0.8936,-0.8879,26.6193,weekly_series,56.35,111.4404,330.0,11.4224,-99.9953,71,macd_bias,15m,15m,SENSEX,0.7324
813.913,-58.9813,-3.5292,-22.6437,10.6657,weekly_series,79.31,33.2606,330.0,2.2143,-99.9864,23,macd_bias,15m,30m,NIFTY,0.5217
728.9552,-56.469,2.6929,0.4238,30.1632,weekly_series,88.16,116.25,360.0,8.2734,-99.9963,67,macd_bias,15m,30m,SENSEX,0.6567
1088.65,-82.49,-0.3985,-5.0536,28.1334,weekly_series,60.61,194.6341,594.0,10.1052,-99.9911,60,macd_bias,15m,3m,NIFTY,0.7
953.1857,-65.2491,-2.6176,-3.4739,23.9109,weekly_series,60.87,109.4609,532.5,10.1758,-99.9972,140,macd_bias,15m,3m,SENSEX,0.6929
1161.7073,-89.3918,-9.8449,-8.966,32.7362,weekly_series,42.71,114.8905,685.0,12.6922,-99.9849,41,macd_bias,15m,5m,NIFTY,0.6585
1007.0673,-69.2784,-5.6474,-3.9311,27.809,weekly_series,50.49,142.4583,572.5,7.9889,-99.9961,104,macd_bias,15m,5m,SENSEX,0.6731
95.8889,-64.2608,-4.1756,-15.8121,8.4123,monthly_expiry_day,45.0,10.0,33.0,10.0,-99.9521,9,ema_macd_agree,15m,1m,NIFTY,0.6667
152.1667,-45.8143,1.816,-14.0232,8.6846,monthly_expiry_day,28.57,10.0,133.0,5.3963,-99.9858,12,ema_macd_agree,15m,1m,SENSEX,0.5833
55.5,0.0,3.3769,10.0,10.0,monthly_expiry_day,33.33,10.0,55.5,10.0,10.0,2,ema_macd_agree,15m,3m,NIFTY,1.0
72.0,-11.644,0.7373,3.816,10.0,monthly_expiry_day,41.18,10.0,30.0,10.0,-12.8432,7,ema_macd_agree,15m,3m,SENSEX,0.7143
106.6667,-0.2588,1.85,6.5804,10.0,monthly_expiry_day,75.0,10.0,100.0,10.0,-0.2588,3,ema_macd_agree,15m,5m,NIFTY,0.6667
118.3333,-97.0515,-39.4864,-61.3677,10.0,monthly_expiry_day,33.33,10.0,115.0,-96.4286,-97.6744,3,ema_macd_agree,15m,5m,SENSEX,0.3333
1598.0,-19.8115,60.713,53.6771,72.0493,monthly_series,29.41,149.5502,1480.0,24.5038,-19.8115,5,ema_macd_agree,15m,10m,NIFTY,0.8
2298.8889,-62.1555,-5.6239,-13.847,38.1776,monthly_series,45.76,158.0537,970.0,-6.8027,-99.998,27,ema_macd_agree,15m,10m,SENSEX,0.4815
2550.0,-39.9877,30.8527,21.9127,68.338,monthly_series,43.75,149.5619,1500.0,18.8825,-98.1833,7,ema_macd_agree,15m,15m,NIFTY,0.5714
2066.1111,-58.7155,-1.2172,-9.6049,35.9977,monthly_series,46.55,144.127,960.0,4.8552,-99.998,27,ema_macd_agree,15m,15m,SENSEX,0.5185
4440.0,-66.5747,7.8387,-16.2851,13.8887,monthly_series,66.67,33.7134,1260.0,3.6733,-99.987,8,ema_macd_agree,15m,30m,NIFTY,0.625
2034.4737,-65.2837,-0.813,2.319,29.8608,monthly_series,82.61,80.3803,930.0,10.5023,-99.998,38,ema_macd_agree,15m,30m,SENSEX,0.7105
3239.5714,0.0,62.8301,64.7069,64.7069,monthly_series,41.18,191.6225,2088.0,13.4548,2.2699,7,ema_macd_agree,15m,3m,NIFTY,1.0
2847.2812,-68.3341,-3.9284,-8.1132,38.7252,monthly_series,48.48,172.1161,1075.5,9.3843,-99.9986,32,ema_macd_agree,15m,3m,SENSEX,0.5625
2642.8571,-19.8115,39.4385,38.6226,48.3616,monthly_series,35.0,144.4495,1480.0,10.9244,-19.8115,7,ema_macd_agree,15m,5m,NIFTY,0.8571
2221.25,-67.4784,1.2607,-1.3755,35.3483,monthly_series,41.79,191.0163,907.5,10.8765,-99.9966,28,ema_macd_agree,15m,5m,SENSEX,0.6429
61.3824,-35.5754,6.0127,0.0693,9.3106,weekly_expiry_day,43.59,10.0,14.0,10.0,-99.835,34,ema_macd_agree,15m,1m,NIFTY,0.7941
120.4103,-30.653,3.07,-5.8733,9.614,weekly_expiry_day,24.53,10.0,100.0,10.0,-99.9762,39,ema_macd_agree,15m,1m,SENSEX,0.6154
59.7857,-29.6562,8.1717,-4.1629,10.0,weekly_expiry_day,42.42,10.0,37.5,10.0,-99.6904,14,ema_macd_agree,15m,3m,NIFTY,0.6429
93.1154,-21.264,-0.2624,-4.6035,9.6769,weekly_expiry_day,36.11,10.0,64.5,7.7386,-97.9592,26,ema_macd_agree,15m,3m,SENSEX,0.5385
40.625,-3.001,10.3925,5.5455,8.3943,weekly_expiry_day,47.06,10.0,5.0,10.0,-5.7903,8,ema_macd_agree,15m,5m,NIFTY,0.75
91.7857,-7.4859,-2.2582,-1.04,7.5546,weekly_expiry_day,38.89,10.0,90.0,-0.6332,-21.1212,14,ema_macd_agree,15m,5m,SENSEX,0.4286
905.2632,-79.0475,15.0509,6.5854,46.1082,weekly_series,27.54,196.7389,540.0,9.3653,-99.9803,19,ema_macd_agree,15m,10m,NIFTY,0.6842
976.3934,-65.5563,-3.5749,-3.3945,26.9283,weekly_series,38.36,131.3139,410.0,7.1968,-99.9953,61,ema_macd_agree,15m,10m,SENSEX,0.6721
530.4545,-91.773,27.7518,20.3952,38.106,weekly_series,40.0,172.3831,150.0,16.9222,-99.9826,22,ema_macd_agree,15m,15m,NIFTY,0.8636
709.1667,-67.6793,4.3948,2.6133,27.2157,weekly_series,42.86,111.4404,352.5,11.1763,-99.9953,54,ema_macd_agree,15m,15m,SENSEX,0.7407
813.913,-58.9813,-3.5292,-22.6437,10.6657,weekly_series,79.31,33.2606,330.0,2.2143,-99.9864,23,ema_macd_agree,15m,30m,NIFTY,0.5217
737.3438,-59.0129,1.5214,-0.7477,29.7722,weekly_series,84.21,116.25,390.0,8.0056,-99.9963,64,ema_macd_agree,15m,30m,SENSEX,0.6562
1047.0,-81.4611,0.2071,-4.448,28.2826,weekly_series,57.58,194.6341,588.0,10.0846,-99.9911,57,ema_macd_agree,15m,3m,NIFTY,0.7018
942.1374,-66.9685,-3.4225,-4.2788,23.2771,weekly_series,56.96,109.4609,510.0,10.4756,-99.9972,131,ema_macd_agree,15m,3m,SENSEX,0.6947
1134.3243,-88.5771,-11.1115,-10.2326,32.2041,weekly_series,38.54,114.8905,685.0,12.1715,-99.9849,37,ema_macd_agree,15m,5m,NIFTY,0.6486
1033.0729,-69.6475,-5.8732,-4.1569,28.5884,weekly_series,46.6,142.4583,592.5,7.9889,-99.9961,96,ema_macd_agree,15m,5m,SENSEX,0.6667
99.8889,-59.02,-2.4286,-14.0651,8.4123,monthly_expiry_day,45.0,10.0,33.0,10.0,-99.9521,9,ema_alignment,30m,1m,NIFTY,0.6667
159.6667,-43.4158,0.298,-15.5412,8.8491,monthly_expiry_day,35.71,10.0,152.0,0.7925,-99.9858,15,ema_alignment,30m,1m,SENSEX,0.5333
122.0,0.0,0.0969,6.72,6.72,monthly_expiry_day,50.0,10.0,105.0,10.0,0.16,3,ema_alignment,30m,3m,NIFTY,1.0
94.2857,-11.644,-0.6505,2.4282,8.057,monthly_expiry_day,41.18,10.0,63.0,10.0,-12.8432,7,ema_alignment,30m,3m,SENSEX,0.7143
106.6667,-0.2588,1.85,6.5804,10.0,monthly_expiry_day,75.0,10.0,100.0,10.0,-0.2588,3,ema_alignment,30m,5m,NIFTY,0.6667
145.0,-97.6744,-7.2485,-29.1298,5.1425,monthly_expiry_day,33.33,10.0,150.0,0.285,-97.6744,3,ema_alignment,30m,5m,SENSEX,0.6667
1955.7143,-59.9028,33.8896,26.8537,61.5563,monthly_series,41.18,149.5502,1480.0,19.5844,-99.9941,7,ema_alignment,30m,10m,NIFTY,0.7143
1873.7037,-71.9604,5.6797,-2.5434,32.1651,monthly_series,45.76,158.0537,960.0,10.249,-99.998,27,ema_alignment,30m,10m,SENSEX,0.6667
3579.0,-63.9889,5.7369,-3.2031,57.5826,monthly_series,62.5,149.5619,1552.5,6.2965,-99.9944,10,ema_alignment,30m,15m,NIFTY,0.5
1922.3438,-55.7071,3.9584,-4.4293,30.6555,monthly_series,55.17,144.127,847.5,7.4714,-99.998,32,ema_alignment,30m,15m,SENSEX,0.5938
5425.0,-67.269,-3.8144,-27.9382,11.3925,monthly_series,50.0,17.3235,3240.0,1.9843,-99.9944,6,ema_alignment,30m,30m,NIFTY,0.5
1784.4,-64.666,-0.289,2.843,29.0965,monthly_series,54.35,80.3803,870.0,10.0111,-99.998,25,ema_alignment,30m,30m,SENSEX,0.72
3028.875,0.0,59.8183,61.6951,61.6951,monthly_series,47.06,191.6225,2068.5,24.9432,2.2699,8,ema_alignment,30m,3m,NIFTY,1.0
2591.7097,-61.0184,-0.1772,-4.362,36.5565,monthly_series,46.97,172.1161,1029.0,10.6617,-99.9986,31,ema_alignment,30m,3m,SENSEX,0.5806
3041.5,-58.9962,10.3064,9.4905,26.6121,monthly_series,50.0,82.975,1752.5,14.9034,-98.1809,10,ema_alignment,30m,5m,NIFTY,0.8
1970.0,-61.5329,10.1658,7.5296,38.2241,monthly_series,38.81,191.0163,907.5,13.5959,-99.9966,26,ema_alignment,30m,5m,SENSEX,0.6923
83.0938,-38.1376,2.0951,-3.8483,9.5692,weekly_expiry_day,41.03,10.0,21.5,10.0,-99.9508,32,ema_alignment,30m,1m,NIFTY,0.7188
102.8974,-20.3549,7.8091,-1.1342,9.6295,weekly_expiry_day,24.53,10.0,70.0,10.0,-99.9133,39,ema_alignment,30m,1m,SENSEX,0.641
71.5714,-27.8995,6.092,-6.2426,10.0,weekly_expiry_day,42.42,10.0,52.5,10.0,-99.6904,14,ema_alignment,30m,3m,NIFTY,0.5714
85.625,-6.1209,7.4356,3.0945,9.6769,weekly_expiry_day,33.33,10.0,34.5,10.0,-18.7316,24,ema_alignment,30m,3m,SENSEX,0.5833
75.8333,-9.8117,4.9411,0.0941,10.0,weekly_expiry_day,35.29,10.0,85.0,4.8941,-23.4332,6,ema_alignment,30m,5m,NIFTY,0.5
97.3077,-7.4859,-3.1074,-1.8892,7.0655,weekly_expiry_day,36.11,10.0,95.0,-0.7467,-21.1212,13,ema_alignment,30m,5m,SENSEX,0.3846
882.0588,-66.1984,13.3635,4.898,34.5215,weekly_series,49.28,196.7389,550.0,11.7464,-99.9939,34,ema_alignment,30m,10m,NIFTY,0.7059
1002.9213,-66.4589,-4.3413,-4.1609,27.516,weekly_series,55.97,131.3139,540.0,8.0877,-99.9979,89,ema_alignment,30m,10m,SENSEX,0.6629
863.5714,-78.7638,15.7192,8.3626,37.4047,weekly_series,50.91,172.3831,555.0,10.2892,-99.9938,28,ema_alignment,30m,15m,NIFTY,0.75
869.7761,-58.0608,-1.0095,-2.791,24.2298,weekly_series,53.17,84.4385,540.0,10.7676,-99.9979,67,ema_alignment,30m,15m,SENSEX,0.6716
882.3529,-62.9053,-4.3964,-23.5109,11.5063,weekly_series,58.62,33.2606,390.0,0.7912,-99.9938,17,ema_alignment,30m,30m,NIFTY,0.5294
890.4,-63.7542,-2.2703,-4.5394,34.9371,weekly_series,65.79,116.25,600.0,7.8202,-99.9971,50,ema_alignment,30m,30m,SENSEX,0.6
1029.569,-78.6726,-0.7,-5.3551,27.6378,weekly_series,58.59,194.6341,537.0,9.9954,-99.9911,58,ema_alignment,30m,3m,NIFTY,0.6897
1004.9048,-67.9601,-6.0315,-6.8878,23.6484,weekly_series,54.78,109.4609,519.0,9.3245,-99.9972,126,ema_alignment,30m,3m,SENSEX,0.6667
1040.2381,-87.0829,-1.5397,-0.6608,30.0051,weekly_series,43.75,114.8905,585.0,13.7951,-99.9849,42,ema_alignment,30m,5m,NIFTY,0.7381
1044.1584,-66.4197,-3.9976,-2.2813,28.8446,weekly_series,49.03,142.4583,555.0,8.4863,-99.9963,101,ema_alignment,30m,5m,SENSEX,0.6733
85.125,-55.9434,-4.283,-15.9195,8.0948,monthly_expiry_day,40.0,10.0,58.0,5.237,-90.7224,8,macd_bias,30m,1m,NIFTY,0.625
144.4444,-47.8993,-0.4054,-16.2446,9.0793,monthly_expiry_day,42.86,10.0,131.0,5.3963,-99.9858,18,macd_bias,30m,1m,SENSEX,0.5556
122.0,0.0,0.0969,6.72,6.72,monthly_expiry_day,50.0,10.0,105.0,10.0,0.16,3,macd_bias,30m,3m,NIFTY,1.0
103.0,-11.6409,-1.3718,1.7069,8.3808,monthly_expiry_day,52.94,10.0,63.0,10.0,-12.8432,9,macd_bias,30m,3m,SENSEX,0.6667
106.6667,-0.2588,1.85,6.5804,10.0,monthly_expiry_day,75.0,10.0,100.0,10.0,-0.2588,3,macd_bias,30m,5m,NIFTY,0.6667
154.0,-68.89,-17.3957,-39.277,5.1425,monthly_expiry_day,55.56,10.0,150.0,-12.5669,-97.6744,5,macd_bias,30m,5m,SENSEX,0.4
2367.5,-58.9895,31.2718,24.2359,51.9777,monthly_series,47.06,149.5502,1560.0,18.3743,-98.1676,8,macd_bias,30m,10m,NIFTY,0.75
2095.9259,-60.1655,-4.9366,-13.1597,37.462,monthly_series,45.76,158.0537,970.0,-6.8027,-99.998,27,macd_bias,30m,10m,SENSEX,0.4815
2525.0,-54.9894,16.2566,7.3166,57.1613,monthly_series,56.25,149.5619,1500.0,14.5611,-99.9944,9,macd_bias,30m,15m,NIFTY,0.5556
2176.25,-56.3281,6.3301,-2.0576,36.7071,monthly_series,41.38,144.127,967.5,10.9131,-99.998,24,macd_bias,30m,15m,SENSEX,0.5833
5365.0,-67.269,0.8388,-23.285,20.699,monthly_series,50.0,33.7134,3240.0,4.6173,-99.9944,6,macd_bias,30m,30m,NIFTY,0.5
2138.8889,-67.5087,1.329,4.461,29.6504,monthly_series,58.7,76.371,1050.0,11.5048,-99.998,27,macd_bias,30m,30m,SENSEX,0.7407
3670.5,-99.0532,26.1071,27.9839,59.7432,monthly_series,58.82,191.6225,2068.5,12.286,-99.9946,10,macd_bias,30m,3m,NIFTY,0.8
2696.2308,-67.2422,-4.9445,-9.1293,31.2971,monthly_series,59.09,172.1161,1140.0,10.436,-99.9986,39,macd_bias,30m,3m,SENSEX,0.5897
2820.0,-58.9962,22.6113,21.7954,39.7491,monthly_series,55.0,144.4495,1480.0,19.2774,-98.1809,11,macd_bias,30m,5m,NIFTY,0.8182
2155.5,-67.4785,3.9892,1.353,35.7687,monthly_series,44.78,191.0163,920.0,13.5959,-99.9966,30,macd_bias,30m,5m,SENSEX,0.6667
71.7429,-48.8056,0.5389,-5.4045,9.6189,weekly_expiry_day,44.87,10.0,14.0,10.0,-99.9759,35,macd_bias,30m,1m,NIFTY,0.7429
99.7241,-17.8817,9.6499,0.7066,9.7625,weekly_expiry_day,36.48,10.0,64.0,10.0,-99.9133,58,macd_bias,30m,1m,SENSEX,0.6724
49.9412,-29.6532,10.6719,-1.6627,10.0,weekly_expiry_day,51.52,10.0,9.0,10.0,-99.6904,17,macd_bias,30m,3m,NIFTY,0.7059
88.3235,-13.1513,3.3134,-1.0277,9.7487,weekly_expiry_day,47.22,10.0,45.0,7.7386,-97.9592,34,macd_bias,30m,3m,SENSEX,0.5294
61.875,-34.5007,-1.8408,-6.6878,10.0,weekly_expiry_day,47.06,10.0,7.5,10.0,-97.5,8,macd_bias,30m,5m,NIFTY,0.625
80.5882,-6.7611,-0.9548,0.2634,8.1659,weekly_expiry_day,47.22,10.0,65.0,-0.5197,-21.1212,17,macd_bias,30m,5m,SENSEX,0.4706
999.6667,-74.4759,9.8035,1.338,39.245,weekly_series,43.48,196.7389,550.0,11.7464,-99.9803,30,macd_bias,30m,10m,NIFTY,0.6667
877.0667,-58.4222,1.2405,1.4209,26.2615,weekly_series,47.17,131.3139,390.0,9.0618,-99.9953,75,macd_bias,30m,10m,SENSEX,0.7067
768.0,-69.7958,17.1957,9.8391,40.8082,weekly_series,45.45,172.3831,300.0,11.3053,-99.9938,25,macd_bias,30m,15m,NIFTY,0.72
731.6379,-50.7541,7.5883,5.8068,25.5374,weekly_series,46.03,84.4385,382.5,12.636,-99.9979,58,macd_bias,30m,15m,SENSEX,0.7414
916.5,-70.7779,-7.4563,-26.5708,17.6363,weekly_series,68.97,74.7257,420.0,-1.0468,-99.9938,20,macd_bias,30m,30m,NIFTY,0.5
791.4894,-61.3264,-5.0213,-7.2904,29.3768,weekly_series,61.84,116.25,480.0,5.3258,-99.9963,47,macd_bias,30m,30m,SENSEX,0.5957
1034.2941,-77.2083,-2.7852,-7.4403,25.927,weekly_series,68.69,194.6341,573.0,9.4429,-99.9944,68,macd_bias,30m,3m,NIFTY,0.6765
946.4151,-67.3518,-4.3467,-5.203,22.4814,weekly_series,69.13,109.4609,456.0,9.7068,-99.9972,159,macd_bias,30m,3m,SENSEX,0.6918
1026.1224,-81.2504,-1.0237,-0.1448,29.1433,weekly_series,51.04,114.8905,590.0,13.8106,-99.9849,49,macd_bias,30m,5m,NIFTY,0.7347
1055.8257,-68.3383,-4.5517,-2.8354,28.1457,weekly_series,52.91,142.4583,555.0,8.4863,-99.9963,109,macd_bias,30m,5m,SENSEX,0.6789
85.4286,-38.554,6.4031,-5.2334,8.0948,monthly_expiry_day,35.0,10.0,33.0,10.0,-75.0,7,ema_macd_agree,30m,1m,NIFTY,0.7143
149.1429,-46.7723,0.8505,-14.9887,8.8491,monthly_expiry_day,33.33,10.0,131.0,5.3963,-99.9858,14,ema_macd_agree,30m,1m,SENSEX,0.5714
122.0,0.0,0.0969,6.72,6.72,monthly_expiry_day,50.0,10.0,105.0,10.0,0.16,3,ema_macd_agree,30m,3m,NIFTY,1.0
94.2857,-11.644,-0.6505,2.4282,8.057,monthly_expiry_day,41.18,10.0,63.0,10.0,-12.8432,7,ema_macd_agree,30m,3m,SENSEX,0.7143
106.6667,-0.2588,1.85,6.5804,10.0,monthly_expiry_day,75.0,10.0,100.0,10.0,-0.2588,3,ema_macd_agree,30m,5m,NIFTY,0.6667
145.0,-97.6744,-7.2485,-29.1298,5.1425,monthly_expiry_day,33.33,10.0,150.0,0.285,-97.6744,3,ema_macd_agree,30m,5m,SENSEX,0.6667
1312.0,-19.8115,60.8534,53.8175,72.2247,monthly_series,29.41,149.5502,1340.0,24.5038,-19.8115,5,ema_macd_agree,30m,10m,NIFTY,0.8
1753.0,-68.4561,4.6442,-3.5789,39.6726,monthly_series,33.9,158.0537,1035.0,12.4875,-99.998,20,ema_macd_agree,30m,10m,SENSEX,0.6
2626.875,-54.9894,15.0741,6.1341,67.2576,monthly_series,50.0,149.5619,1492.5,6.2965,-99.9944,8,ema_macd_agree,30m,15m,NIFTY,0.5
1851.4286,-47.5802,14.2146,5.8269,38.6929,monthly_series,36.21,144.127,855.0,11.2134,-99.998,21,ema_macd_agree,30m,15m,SENSEX,0.619
6306.0,-67.269,-10.5609,-34.6847,14.1917,monthly_series,41.67,17.3235,4980.0,-1.8255,-99.9944,5,ema_macd_agree,30m,30m,NIFTY,0.4
1891.7647,-66.5046,-2.6059,0.5261,28.4556,monthly_series,36.96,76.371,870.0,10.1224,-99.998,17,ema_macd_agree,30m,30m,SENSEX,0.7059
3139.2857,0.0,65.9344,67.8112,67.8112,monthly_series,41.18,191.6225,2031.0,31.0039,2.2699,7,ema_macd_agree,30m,3m,NIFTY,1.0
2591.7097,-61.0184,-0.1772,-4.362,36.5565,monthly_series,46.97,172.1161,1029.0,10.6617,-99.9986,31,ema_macd_agree,30m,3m,SENSEX,0.5806
3128.3333,-58.9962,9.2628,8.4469,27.7164,monthly_series,45.0,82.975,1480.0,10.9244,-98.1809,9,ema_macd_agree,30m,5m,NIFTY,0.7778
1979.8,-61.5329,7.7705,5.1343,36.5071,monthly_series,37.31,191.0163,860.0,12.7946,-99.9966,25,ema_macd_agree,30m,5m,SENSEX,0.68
69.7778,-34.5144,4.0357,-1.9077,9.5046,weekly_expiry_day,34.62,10.0,14.0,10.0,-99.835,27,ema_macd_agree,30m,1m,NIFTY,0.7407
110.5,-20.3549,6.8813,-2.062,9.5789,weekly_expiry_day,22.64,10.0,72.0,10.0,-99.9133,36,ema_macd_agree,30m,1m,SENSEX,0.6111
66.25,-29.6532,5.8125,-6.5221,10.0,weekly_expiry_day,36.36,10.0,39.0,10.0,-99.6904,12,ema_macd_agree,30m,3m,NIFTY,0.5833
89.2174,-6.1209,7.1354,2.7943,9.6521,weekly_expiry_day,31.94,10.0,39.0,10.0,-18.7316,23,ema_macd_agree,30m,3m,SENSEX,0.5652
67.5,-3.001,8.3465,3.4995,10.0,weekly_expiry_day,23.53,10.0,50.0,4.8941,-5.7903,4,ema_macd_agree,30m,5m,NIFTY,0.5
97.3077,-7.4859,-3.1074,-1.8892,7.0655,weekly_expiry_day,36.11,10.0,95.0,-0.7467,-21.1212,13,ema_macd_agree,30m,5m,SENSEX,0.3846
905.1852,-69.8786,15.5039,7.0384,39.4245,weekly_series,39.13,196.7389,540.0,14.1276,-99.9803,27,ema_macd_agree,30m,10m,NIFTY,0.7037
919.1304,-61.0264,0.0827,0.2631,27.0772,weekly_series,43.4,131.3139,420.0,8.5317,-99.9953,69,ema_macd_agree,30m,10m,SENSEX,0.6957
863.5714,-77.9805,15.7965,8.4399,43.0081,weekly_series,38.18,172.3831,375.0,11.3053,-99.9938,21,ema_macd_agree,30m,15m,NIFTY,0.7143
714.4118,-50.7541,4.2617,2.4802,24.6612,weekly_series,40.48,84.4385,375.0,10.9229,-99.9979,51,ema_macd_agree,30m,15m,SENSEX,0.7059
946.0,-71.8864,-8.021,-27.1355,12.0214,weekly_series,51.72,33.2606,390.0,0.7912,-99.9938,15,ema_macd_agree,30m,30m,NIFTY,0.5333
825.0,-62.7587,-3.2937,-5.5628,31.7389,weekly_series,50.0,116.25,510.0,7.0502,-99.9963,38,ema_macd_agree,30m,30m,SENSEX,0.6053
1055.0769,-77.4191,-1.5386,-6.1937,28.4014,weekly_series,52.53,194.6341,571.5,9.9954,-99.9911,52,ema_macd_agree,30m,3m,NIFTY,0.6731
985.5242,-67.1788,-5.7944,-6.6507,23.2487,weekly_series,53.91,109.4609,519.0,9.3245,-99.9972,124,ema_macd_agree,30m,3m,SENSEX,0.6694
1001.1538,-85.7929,-0.9193,-0.0404,29.5293,weekly_series,40.62,114.8905,580.0,13.7796,-99.9849,39,ema_macd_agree,30m,5m,NIFTY,0.7436
1015.3,-65.3704,-3.0205,-1.3042,28.8446,weekly_series,48.54,142.4583,550.0,8.7484,-99.9963,100,ema_macd_agree,30m,5m,SENSEX,0.68
111.25,-59.02,-5.4368,-17.0733,8.0948,monthly_expiry_day,40.0,10.0,76.0,5.237,-99.9521,8,ema_alignment,60m,1m,NIFTY,0.625
150.7143,-43.4158,-1.5264,-17.3656,8.6846,monthly_expiry_day,33.33,10.0,131.0,-2.9554,-99.9858,14,ema_alignment,60m,1m,SENSEX,0.5
180.0,0.0,-1.5431,5.08,5.08,monthly_expiry_day,33.33,10.0,180.0,5.08,0.16,2,ema_alignment,60m,3m,NIFTY,1.0
88.0,-11.644,-1.9125,1.1662,7.5713,monthly_expiry_day,35.29,10.0,46.5,5.1425,-12.8432,6,ema_alignment,60m,3m,SENSEX,0.6667
155.0,-0.2588,0.1402,4.8706,10.0,monthly_expiry_day,50.0,10.0,155.0,4.8706,-0.2588,2,ema_alignment,60m,5m,NIFTY,0.5
160.0,-97.6744,-26.8134,-48.6947,0.285,monthly_expiry_day,22.22,0.285,160.0,-48.6947,-97.6744,2,ema_alignment,60m,5m,SENSEX,0.5
3546.6667,-72.6553,17.6602,10.6243,52.2641,monthly_series,52.94,149.5502,1640.0,18.8825,-99.9867,9,ema_alignment,60m,10m,NIFTY,0.6667
1861.5,-64.1713,6.0039,-2.2192,31.1396,monthly_series,33.9,158.0537,865.0,9.7707,-99.998,20,ema_alignment,60m,10m,SENSEX,0.65
4200.0,-63.9889,8.2184,-0.7216,52.0012,monthly_series,68.75,149.5619,1605.0,14.5611,-99.9944,11,ema_alignment,60m,15m,NIFTY,0.5455
1985.0,-56.1638,3.6732,-4.7145,30.657,monthly_series,46.55,144.127,825.0,8.2255,-99.998,27,ema_alignment,60m,15m,SENSEX,0.5926
7428.0,-99.2977,-30.8313,-54.9551,11.5588,monthly_series,41.67,17.3235,7020.0,-97.9116,-99.9944,5,ema_alignment,60m,30m,NIFTY,0.4
2006.087,-61.4286,-6.5394,-3.4074,27.5373,monthly_series,50.0,80.3803,720.0,5.4595,-99.998,23,ema_alignment,60m,30m,SENSEX,0.6522
3541.9091,-99.0532,25.2797,27.1565,55.2031,monthly_series,64.71,191.6225,2106.0,13.4548,-99.9946,11,ema_alignment,60m,3m,NIFTY,0.8182
2375.0,-55.3886,2.9035,-1.2813,33.8884,monthly_series,50.0,172.1161,1029.0,10.6617,-99.9986,33,ema_alignment,60m,3m,SENSEX,0.6061
3123.0,-58.9962,20.6124,19.7965,39.4947,monthly_series,50.0,144.4495,1752.5,14.9034,-98.1809,10,ema_alignment,60m,5m,NIFTY,0.8
2198.9286,-61.7021,9.0556,6.4194,33.668,monthly_series,41.79,191.0163,830.0,11.1006,-99.9966,28,ema_alignment,60m,5m,SENSEX,0.7143
73.6087,-29.3832,6.5725,0.6291,8.9658,weekly_expiry_day,29.49,10.0,22.0,10.0,-99.9508,23,ema_alignment,60m,1m,NIFTY,0.7826
98.7045,-7.2915,12.8379,3.8946,9.6806,weekly_expiry_day,27.67,10.0,46.0,10.0,-19.7487,44,ema_alignment,60m,1m,SENSEX,0.6591
76.25,-23.9528,2.5288,-9.8058,10.0,weekly_expiry_day,36.36,10.0,54.0,-0.1381,-99.6904,12,ema_alignment,60m,3m,NIFTY,0.4167
91.8462,-6.688,6.465,2.1239,9.6769,weekly_expiry_day,36.11,10.0,45.0,7.7386,-18.7316,26,ema_alignment,60m,3m,SENSEX,0.5385
97.0,-9.8117,1.0332,-3.8138,5.183,weekly_expiry_day,29.41,10.0,95.0,-0.2117,-23.4332,5,ema_alignment,60m,5m,NIFTY,0.4
87.1875,-6.7611,-1.5633,-0.3451,7.9039,weekly_expiry_day,44.44,10.0,75.0,-0.6332,-21.1212,16,ema_alignment,60m,5m,SENSEX,0.4375
1076.5385,-70.059,-1.0575,-9.523,34.87,weekly_series,37.68,196.7389,550.0,4.8922,-99.9803,26,ema_alignment,60m,10m,NIFTY,0.5769
959.7222,-60.9563,-5.142,-4.9616,24.8228,weekly_series,45.28,92.1124,460.0,7.1673,-99.9979,72,ema_alignment,60m,10m,SENSEX,0.6528
906.0,-73.2012,4.0754,-3.2812,37.1987,weekly_series,54.55,172.3831,682.5,8.0678,-99.9938,30,ema_alignment,60m,15m,NIFTY,0.6333
948.1967,-62.0348,-5.4237,-7.2052,23.7243,weekly_series,48.41,84.4385,645.0,10.1758,-99.9979,61,ema_alignment,60m,15m,SENSEX,0.6393
868.2353,-55.9461,-5.4164,-24.5309,10.8112,weekly_series,58.62,33.2606,360.0,-0.0376,-99.9938,17,ema_alignment,60m,30m,NIFTY,0.4706
1029.1667,-61.4504,-10.839,-13.1081,30.1455,weekly_series,47.37,88.6329,825.0,3.5583,-99.9971,36,ema_alignment,60m,30m,SENSEX,0.5278
1069.678,-76.4403,-5.3253,-9.9804,26.7474,weekly_series,59.6,194.6341,606.0,9.7179,-99.9944,59,ema_alignment,60m,3m,NIFTY,0.6441
1030.0,-67.0518,-8.1017,-8.958,22.2674,weekly_series,53.48,100.7797,513.0,7.8674,-99.9972,123,ema_alignment,60m,3m,SENSEX,0.6504
1050.0,-78.4181,-3.4428,-2.5639,28.3396,weekly_series,39.58,114.8905,632.5,13.7951,-99.9829,38,ema_alignment,60m,5m,NIFTY,0.7105
1193.3333,-71.1028,-12.9568,-11.2405,25.5978,weekly_series,40.78,142.4583,607.5,5.4096,-99.9963,84,ema_alignment,60m,5m,SENSEX,0.619
99.8889,-59.02,-2.4286,-14.0651,8.4123,monthly_expiry_day,45.0,10.0,33.0,10.0,-99.9521,9,macd_bias,60m,1m,NIFTY,0.6667
150.6471,-34.8478,1.5546,-14.2846,8.8491,monthly_expiry_day,40.48,10.0,116.0,-1.2765,-99.9858,17,macd_bias,60m,1m,SENSEX,0.4706
122.0,0.0,0.0969,6.72,6.72,monthly_expiry_day,50.0,10.0,105.0,10.0,0.16,3,macd_bias,60m,3m,NIFTY,1.0
103.6667,-11.6409,-1.3718,1.7069,8.3808,monthly_expiry_day,52.94,10.0,63.0,10.0,-12.8432,9,macd_bias,60m,3m,SENSEX,0.6667
106.6667,-0.2588,1.85,6.5804,10.0,monthly_expiry_day,75.0,10.0,100.0,10.0,-0.2588,3,macd_bias,60m,5m,NIFTY,0.6667
170.0,-55.1207,-3.1078,-24.9891,5.1425,monthly_expiry_day,44.44,10.0,160.0,-6.141,-97.6744,4,macd_bias,60m,5m,SENSEX,0.5
3682.0,-79.49,6.5983,-0.4376,52.2641,monthly_series,58.82,149.5502,1895.0,12.3428,-99.9941,10,macd_bias,60m,10m,NIFTY,0.6
2062.8571,-71.6788,1.9979,-6.2252,30.1379,monthly_series,47.46,158.0537,920.0,8.9832,-99.998,28,macd_bias,60m,10m,SENSEX,0.6429
3579.0,-63.9889,5.7369,-3.2031,57.5826,monthly_series,62.5,149.5619,1552.5,6.2965,-99.9944,10,macd_bias,60m,15m,NIFTY,0.5
2029.2857,-60.2847,3.2451,-5.1426,30.5376,monthly_series,48.28,144.127,900.0,7.4714,-99.998,28,macd_bias,60m,15m,SENSEX,0.6071
7530.0,-99.9907,-20.0921,-44.2159,11.5588,monthly_series,33.33,17.3235,8400.0,-47.0964,-99.9944,4,macd_bias,60m,30m,NIFTY,0.5
2165.0,-73.1444,-9.9576,-6.8256,26.3338,monthly_series,39.13,80.3803,990.0,5.2041,-99.998,18,macd_bias,60m,30m,SENSEX,0.6667
4288.75,-99.3641,14.6845,16.5613,55.2031,monthly_series,70.59,191.6225,2181.0,12.286,-99.9946,12,macd_bias,60m,3m,NIFTY,0.75
2381.2143,-63.8025,2.7714,-1.4134,29.7812,monthly_series,63.64,172.1161,910.5,10.1312,-99.9986,42,macd_bias,60m,3m,SENSEX,0.6667
4061.6667,-79.4931,0.648,-0.1679,39.4947,monthly_series,60.0,144.4495,2065.0,9.543,-99.9937,12,macd_bias,60m,5m,NIFTY,0.6667
1915.2778,-64.2459,10.1174,7.4812,31.3902,monthly_series,53.73,191.0163,907.5,11.2014,-99.9977,36,macd_bias,60m,5m,SENSEX,0.75
84.8919,-45.6815,2.1315,-3.8119,9.6462,weekly_expiry_day,47.44,10.0,22.0,10.0,-99.9759,37,macd_bias,60m,1m,NIFTY,0.7568
96.8966,-12.8402,10.7591,1.8158,9.5295,weekly_expiry_day,36.48,10.0,59.5,10.0,-98.4848,58,macd_bias,60m,1m,SENSEX,0.6552
65.1667,-38.195,3.5921,-8.7425,10.0,weekly_expiry_day,54.55,10.0,39.0,10.0,-99.9681,18,macd_bias,60m,3m,NIFTY,0.6111
93.8824,-10.7646,3.7115,-0.6296,9.5054,weekly_expiry_day,47.22,10.0,66.0,2.4904,-59.0438,34,macd_bias,60m,3m,SENSEX,0.5
109.1667,-31.7338,-12.9755,-17.8225,10.0,weekly_expiry_day,35.29,10.0,102.5,-3.001,-97.5,6,macd_bias,60m,5m,NIFTY,0.3333
82.25,-7.1278,-1.5835,-0.3653,7.8999,weekly_expiry_day,55.56,10.0,75.0,-0.6332,-21.1212,20,macd_bias,60m,5m,SENSEX,0.45
916.5714,-64.469,6.2948,-2.1707,30.3328,weekly_series,50.72,196.7389,560.0,7.1703,-99.9939,35,macd_bias,60m,10m,NIFTY,0.6571
942.2472,-62.1422,-1.8907,-1.7103,27.4984,weekly_series,55.97,131.3139,540.0,7.7594,-99.9979,89,macd_bias,60m,10m,SENSEX,0.6742
772.7586,-67.4366,20.1311,12.7745,38.2962,weekly_series,52.73,172.3831,405.0,11.3053,-99.9938,29,macd_bias,60m,15m,NIFTY,0.7586
901.8462,-60.2276,-1.6641,-3.4456,23.6549,weekly_series,51.59,84.4385,615.0,10.7676,-99.9979,65,macd_bias,60m,15m,SENSEX,0.6769
922.0,-60.5203,-3.3623,-22.4768,10.8112,weekly_series,51.72,33.2606,360.0,0.7912,-99.9938,15,macd_bias,60m,30m,NIFTY,0.5333
1034.5714,-61.4503,-10.4479,-12.717,33.3089,weekly_series,46.05,88.6329,930.0,0.3833,-99.9963,35,macd_bias,60m,30m,SENSEX,0.5143
1070.4324,-76.2677,-5.1741,-9.8292,24.0679,weekly_series,74.75,194.6341,538.5,8.6679,-99.9944,74,macd_bias,60m,3m,NIFTY,0.6622
958.9682,-68.8738,-5.9123,-6.7686,23.1122,weekly_series,68.26,109.4609,444.0,8.8038,-99.998,157,macd_bias,60m,3m,SENSEX,0.6752
1032.5532,-81.0184,-1.9007,-1.0218,26.4056,weekly_series,48.96,114.8905,685.0,14.6935,-99.9938,47,macd_bias,60m,5m,NIFTY,0.7447
1005.2679,-67.0785,-3.5151,-1.7988,26.6564,weekly_series,54.37,142.4583,572.5,8.2737,-99.998,112,macd_bias,60m,5m,SENSEX,0.6964
111.25,-59.02,-5.4368,-17.0733,8.0948,monthly_expiry_day,40.0,10.0,76.0,5.237,-99.9521,8,ema_macd_agree,60m,1m,NIFTY,0.625
150.7143,-43.4158,-1.5264,-17.3656,8.6846,monthly_expiry_day,33.33,10.0,131.0,-2.9554,-99.9858,14,ema_macd_agree,60m,1m,SENSEX,0.5
180.0,0.0,-1.5431,5.08,5.08,monthly_expiry_day,33.33,10.0,180.0,5.08,0.16,2,ema_macd_agree,60m,3m,NIFTY,1.0
88.0,-11.644,-1.9125,1.1662,7.5713,monthly_expiry_day,35.29,10.0,46.5,5.1425,-12.8432,6,ema_macd_agree,60m,3m,SENSEX,0.6667
155.0,-0.2588,0.1402,4.8706,10.0,monthly_expiry_day,50.0,10.0,155.0,4.8706,-0.2588,2,ema_macd_agree,60m,5m,NIFTY,0.5
160.0,-97.6744,-26.8134,-48.6947,0.285,monthly_expiry_day,22.22,0.285,160.0,-48.6947,-97.6744,2,ema_macd_agree,60m,5m,SENSEX,0.5
3546.6667,-72.6553,17.6602,10.6243,52.2641,monthly_series,52.94,149.5502,1640.0,18.8825,-99.9867,9,ema_macd_agree,60m,10m,NIFTY,0.6667
1746.1111,-70.3988,6.4587,-1.7644,32.5528,monthly_series,30.51,158.0537,865.0,9.7707,-99.998,18,ema_macd_agree,60m,10m,SENSEX,0.6667
3579.0,-63.9889,5.7369,-3.2031,57.5826,monthly_series,62.5,149.5619,1552.5,6.2965,-99.9944,10,ema_macd_agree,60m,15m,NIFTY,0.5
1968.75,-59.0996,2.1957,-6.192,31.5991,monthly_series,41.38,144.127,900.0,7.4714,-99.998,24,ema_macd_agree,60m,15m,SENSEX,0.5833
7530.0,-99.9907,-20.0921,-44.2159,11.5588,monthly_series,33.33,17.3235,8400.0,-47.0964,-99.9944,4,ema_macd_agree,60m,30m,NIFTY,0.5
2165.0,-73.1444,-9.9576,-6.8256,26.3338,monthly_series,39.13,80.3803,990.0,5.2041,-99.998,18,ema_macd_agree,60m,30m,SENSEX,0.6667
3541.9091,-99.0532,25.2797,27.1565,55.2031,monthly_series,64.71,191.6225,2106.0,13.4548,-99.9946,11,ema_macd_agree,60m,3m,NIFTY,0.8182
2287.2188,-57.7705,3.7011,-0.4837,33.8884,monthly_series,48.48,172.1161,988.5,10.7278,-99.9986,32,ema_macd_agree,60m,3m,SENSEX,0.625
3123.0,-58.9962,20.6124,19.7965,39.4947,monthly_series,50.0,144.4495,1752.5,14.9034,-98.1809,10,ema_macd_agree,60m,5m,NIFTY,0.8
2153.4615,-66.6873,9.105,6.4688,33.4211,monthly_series,38.81,191.0163,830.0,11.1006,-99.9966,26,ema_macd_agree,60m,5m,SENSEX,0.7308
70.0455,-29.3832,6.5423,0.5989,9.4172,weekly_expiry_day,28.21,10.0,21.5,10.0,-99.9508,22,ema_macd_agree,60m,1m,NIFTY,0.7727
98.7561,-7.2915,12.3912,3.4479,9.6437,weekly_expiry_day,25.79,10.0,50.0,10.0,-19.7487,41,ema_macd_agree,60m,1m,SENSEX,0.6341
79.3636,-27.8995,1.6621,-10.6725,10.0,weekly_expiry_day,33.33,10.0,66.0,-0.0187,-99.6904,11,ema_macd_agree,60m,3m,NIFTY,0.4545
87.6522,-6.1073,6.441,2.0999,9.6231,weekly_expiry_day,31.94,10.0,39.0,5.4771,-18.7316,23,ema_macd_agree,60m,3m,SENSEX,0.5217
111.25,-9.8117,-0.0118,-4.8588,10.0,weekly_expiry_day,23.53,10.0,102.5,-3.001,-23.4332,4,ema_macd_agree,60m,5m,NIFTY,0.25
82.3333,-6.7611,-2.253,-1.0348,7.5546,weekly_expiry_day,41.67,10.0,65.0,-0.7467,-21.1212,15,ema_macd_agree,60m,5m,SENSEX,0.4
981.6,-67.0673,2.5606,-5.9049,34.87,weekly_series,36.23,196.7389,540.0,5.4945,-99.9803,25,ema_macd_agree,60m,10m,NIFTY,0.6
941.7391,-59.3297,-4.3219,-4.1415,25.2922,weekly_series,43.4,92.1124,460.0,7.1968,-99.9979,69,ema_macd_agree,60m,10m,SENSEX,0.6522
793.8462,-67.4366,16.3843,9.0277,37.1987,weekly_series,47.27,172.3831,390.0,10.2892,-99.9938,26,ema_macd_agree,60m,15m,NIFTY,0.7308
965.6897,-60.2276,-4.5633,-6.3448,24.2374,weekly_series,46.03,84.4385,675.0,10.3223,-99.9979,58,ema_macd_agree,60m,15m,SENSEX,0.6379
922.0,-60.5203,-3.3623,-22.4768,10.8112,weekly_series,51.72,33.2606,360.0,0.7912,-99.9938,15,ema_macd_agree,60m,30m,NIFTY,0.5333
1048.0645,-59.0412,-14.1731,-16.4422,28.9969,weekly_series,40.79,88.6329,960.0,-0.7659,-99.9963,31,ema_macd_agree,60m,30m,SENSEX,0.4839
1101.7895,-76.4403,-6.2454,-10.9005,27.331,weekly_series,57.58,194.6341,666.0,8.9252,-99.9944,57,ema_macd_agree,60m,3m,NIFTY,0.6316
1037.4153,-66.2674,-8.3736,-9.2299,22.2909,weekly_series,51.3,100.7797,546.0,7.4892,-99.9972,118,ema_macd_agree,60m,3m,SENSEX,0.6441
1012.7778,-77.2242,-1.7383,-0.8594,28.5117,weekly_series,37.5,114.8905,632.5,13.7951,-99.9829,36,ema_macd_agree,60m,5m,NIFTY,0.7222
1186.2346,-70.1708,-12.5824,-10.8661,25.9028,weekly_series,39.32,142.4583,610.0,5.1551,-99.9963,81,ema_macd_agree,60m,5m,SENSEX,0.6173
153.0,-51.03,-4.6807,-16.3172,6.8246,monthly_expiry_day,25.0,10.0,129.0,0.4739,-99.9521,5,ema_alignment,120m,1m,NIFTY,0.6
167.3333,-29.7206,1.9016,-13.9376,8.1585,monthly_expiry_day,28.57,10.0,154.0,-3.9899,-99.9858,12,ema_alignment,120m,1m,SENSEX,0.4167
180.0,0.0,-1.5431,5.08,5.08,monthly_expiry_day,33.33,10.0,180.0,5.08,0.16,2,ema_alignment,120m,3m,NIFTY,1.0
99.6,-11.644,-3.6793,-0.6006,6.7617,monthly_expiry_day,29.41,10.0,63.0,0.285,-12.8432,5,ema_alignment,120m,3m,SENSEX,0.6
155.0,-0.2588,0.1402,4.8706,10.0,monthly_expiry_day,50.0,10.0,155.0,4.8706,-0.2588,2,ema_alignment,120m,5m,NIFTY,0.5
170.0,0.0,22.1663,0.285,0.285,monthly_expiry_day,11.11,0.285,170.0,0.285,0.285,1,ema_alignment,120m,5m,SENSEX,1.0
2704.4444,-72.6577,17.6594,10.6235,52.2641,monthly_series,52.94,149.5502,1640.0,18.8825,-99.9941,9,ema_alignment,120m,10m,NIFTY,0.6667
2006.5217,-57.1185,6.5872,-1.6359,27.9548,monthly_series,38.98,158.0537,860.0,8.6739,-99.998,23,ema_alignment,120m,10m,SENSEX,0.6522
2725.0,-54.9894,16.7367,7.7967,58.0256,monthly_series,56.25,149.5619,1605.0,16.7761,-99.9944,9,ema_alignment,120m,15m,NIFTY,0.5556
1678.4483,-47.7778,6.2362,-2.1515,25.7313,monthly_series,50.0,144.127,735.0,6.7172,-99.998,29,ema_alignment,120m,15m,SENSEX,0.6207
5268.0,-66.5772,-11.199,-35.3228,11.5588,monthly_series,41.67,17.3235,4980.0,-1.8255,-99.9944,5,ema_alignment,120m,30m,NIFTY,0.4
2034.7826,-55.3899,-9.1552,-6.0232,25.7126,monthly_series,50.0,80.3803,840.0,4.9487,-99.998,23,ema_alignment,120m,30m,SENSEX,0.6087
3496.5,-99.0532,6.4017,8.2785,35.1114,monthly_series,58.82,191.6225,2097.0,10.1955,-99.9946,10,ema_alignment,120m,3m,NIFTY,0.8
2381.5714,-55.3886,-1.4305,-5.6153,23.7962,monthly_series,53.03,132.9668,873.0,9.5703,-99.9986,35,ema_alignment,120m,3m,SENSEX,0.6286
3421.5,-72.662,2.3155,1.4996,33.2832,monthly_series,50.0,144.4495,1792.5,9.543,-99.9937,10,ema_alignment,120m,5m,NIFTY,0.7
2160.3226,-56.1138,8.3805,5.7443,31.0499,monthly_series,46.27,191.0163,955.0,8.9583,-99.9977,31,ema_alignment,120m,5m,SENSEX,0.7097
97.0833,-35.5113,1.8937,-4.0497,8.905,weekly_expiry_day,30.77,10.0,35.0,10.0,-99.9759,24,ema_alignment,120m,1m,NIFTY,0.7083
104.1591,-7.7165,12.2904,3.3471,9.6692,weekly_expiry_day,27.67,10.0,69.0,10.0,-19.7487,44,ema_alignment,120m,1m,SENSEX,0.6364
64.5,-5.3931,14.638,2.3034,10.0,weekly_expiry_day,30.3,10.0,54.0,4.9906,-19.1312,10,ema_alignment,120m,3m,NIFTY,0.5
86.2258,-10.9294,4.214,-0.1271,10.0,weekly_expiry_day,43.06,10.0,39.0,10.0,-59.0438,31,ema_alignment,120m,3m,SENSEX,0.5161
97.0,-9.8117,1.0332,-3.8138,5.183,weekly_expiry_day,29.41,10.0,95.0,-0.2117,-23.4332,5,ema_alignment,120m,5m,NIFTY,0.4
78.4375,-6.1776,-0.7451,0.4731,9.0241,weekly_expiry_day,44.44,10.0,60.0,-0.6332,-21.1212,16,ema_alignment,120m,5m,SENSEX,0.4375
1080.8,-68.7705,7.7808,-0.6847,31.3556,weekly_series,36.23,196.7389,980.0,5.9192,-99.9939,25,ema_alignment,120m,10m,NIFTY,0.68
1127.3529,-64.2298,-13.9456,-13.7652,21.56,weekly_series,42.77,87.5868,685.0,5.1505,-99.9979,68,ema_alignment,120m,10m,SENSEX,0.5882
912.1154,-71.5042,11.8243,4.4677,38.233,weekly_series,47.27,172.3831,705.0,10.2892,-99.9938,26,ema_alignment,120m,15m,NIFTY,0.6923
914.4737,-56.0647,-3.2572,-5.0387,24.7265,weekly_series,45.24,84.4385,600.0,10.9229,-99.9979,57,ema_alignment,120m,15m,SENSEX,0.6316
728.3333,-51.7295,-1.6073,-20.7218,10.286,weekly_series,62.07,33.2606,360.0,0.3768,-99.9938,18,ema_alignment,120m,30m,NIFTY,0.5
1062.3529,-64.932,-12.8644,-15.1335,29.1318,weekly_series,44.74,88.6329,945.0,3.5583,-99.9971,34,ema_alignment,120m,30m,SENSEX,0.5294
1005.42,-72.775,-3.7351,-8.3902,21.9085,weekly_series,50.51,194.6341,556.5,9.2001,-99.9944,50,ema_alignment,120m,3m,NIFTY,0.68
1007.625,-66.9031,-9.9851,-10.8414,20.4658,weekly_series,52.17,90.3491,441.0,7.4892,-99.998,120,ema_alignment,120m,3m,SENSEX,0.6417
1111.3514,-78.4201,-6.7425,-5.8636,24.8334,weekly_series,38.54,82.2584,715.0,12.6922,-99.9938,37,ema_alignment,120m,5m,NIFTY,0.7027
1165.1829,-69.1202,-12.7535,-11.0372,22.4723,weekly_series,39.81,83.5155,635.0,5.4096,-99.998,82,ema_alignment,120m,5m,SENSEX,0.6341
153.0,-51.03,-4.6807,-16.3172,6.8246,monthly_expiry_day,25.0,10.0,129.0,0.4739,-99.9521,5,macd_bias,120m,1m,NIFTY,0.6
138.1,-41.2043,-0.2233,-16.0625,9.0793,monthly_expiry_day,47.62,10.0,113.0,-0.242,-99.9858,20,macd_bias,120m,1m,SENSEX,0.5
180.0,0.0,-1.5431,5.08,5.08,monthly_expiry_day,33.33,10.0,180.0,5.08,0.16,2,macd_bias,120m,3m,NIFTY,1.0
91.3333,-8.9846,-2.5957,0.483,8.057,monthly_expiry_day,52.94,10.0,30.0,0.285,-12.8432,9,macd_bias,120m,3m,SENSEX,0.5556
155.0,-0.2588,0.1402,4.8706,10.0,monthly_expiry_day,50.0,10.0,155.0,4.8706,-0.2588,2,macd_bias,120m,5m,NIFTY,0.5
142.5,-37.0856,-5.8617,-27.743,0.285,monthly_expiry_day,44.44,0.285,160.0,-6.7912,-97.6744,4,macd_bias,120m,5m,SENSEX,0.25
4273.6364,-79.49,8.6338,1.5979,47.9338,monthly_series,64.71,149.5502,2150.0,18.8825,-99.9941,11,macd_bias,120m,10m,NIFTY,0.6364
2661.0,-63.2792,-1.3555,-9.5786,26.2218,monthly_series,50.85,158.0537,1030.0,5.568,-99.998,30,macd_bias,120m,10m,SENSEX,0.6
4200.0,-63.9889,8.2184,-0.7216,52.0012,monthly_series,68.75,149.5619,1605.0,14.5611,-99.9944,11,macd_bias,120m,15m,NIFTY,0.5455
2308.0,-54.2697,1.1047,-7.283,28.6479,monthly_series,51.72,144.127,900.0,5.7862,-99.998,30,macd_bias,120m,15m,SENSEX,0.5667
7428.0,-99.2977,-30.8313,-54.9551,11.5588,monthly_series,41.67,17.3235,7020.0,-97.9116,-99.9944,5,macd_bias,120m,30m,NIFTY,0.4
2006.087,-61.4286,-6.5394,-3.4074,27.5373,monthly_series,50.0,80.3803,720.0,5.4595,-99.998,23,macd_bias,120m,30m,SENSEX,0.6522
4152.2727,-75.589,-4.6712,-2.7944,38.8025,monthly_series,64.71,191.6225,2106.0,3.2667,-99.9946,11,macd_bias,120m,3m,NIFTY,0.6364
2150.8605,-49.0749,3.0275,-1.1573,24.5129,monthly_series,65.15,132.9668,873.0,9.8265,-99.9986,43,macd_bias,120m,3m,SENSEX,0.6512
4246.8182,-79.4931,-6.9105,-7.7264,33.2832,monthly_series,55.0,144.4495,2105.0,8.1616,-99.9937,11,macd_bias,120m,5m,NIFTY,0.6364
1945.3846,-51.4404,10.6293,7.9931,28.4873,monthly_series,58.21,191.0163,860.0,11.0604,-99.9977,39,macd_bias,120m,5m,SENSEX,0.7436
98.6562,-38.9124,3.1336,-2.8098,9.2244,weekly_expiry_day,41.03,10.0,35.5,10.0,-99.9759,32,macd_bias,120m,1m,NIFTY,0.75
96.5,-12.2925,11.6976,2.7543,9.5937,weekly_expiry_day,40.25,10.0,46.0,10.0,-97.8723,64,macd_bias,120m,1m,SENSEX,0.6875
63.6429,-21.1556,8.9822,-3.3524,10.0,weekly_expiry_day,42.42,10.0,54.0,10.0,-99.9681,14,macd_bias,120m,3m,NIFTY,0.5714
82.6579,-11.1159,5.2289,0.8878,9.6178,weekly_expiry_day,52.78,10.0,45.0,10.0,-59.0438,38,macd_bias,120m,3m,SENSEX,0.5789
70.7143,-9.8117,4.98,0.133,7.5915,weekly_expiry_day,41.18,10.0,75.0,0.366,-23.4332,7,macd_bias,120m,5m,NIFTY,0.5714
73.5714,-6.7225,0.715,1.9332,8.425,weekly_expiry_day,58.33,10.0,55.0,3.1687,-21.1212,21,macd_bias,120m,5m,SENSEX,0.5714
1158.3333,-64.2731,-5.0392,-13.5047,31.9197,weekly_series,52.17,196.7389,870.0,2.5203,-99.9939,36,macd_bias,120m,10m,NIFTY,0.5278
1079.7531,-69.5888,-10.9894,-10.809,23.7674,weekly_series,50.94,87.5868,660.0,7.1968,-99.9979,81,macd_bias,120m,10m,SENSEX,0.6296
928.5938,-67.9121,3.8805,-3.4761,35.1856,weekly_series,58.18,172.3831,705.0,7.7585,-99.9938,32,macd_bias,120m,15m,NIFTY,0.625
961.6364,-60.2279,-5.5306,-7.3121,25.3712,weekly_series,43.65,84.4385,645.0,10.9229,-99.9979,55,macd_bias,120m,15m,SENSEX,0.6182
916.875,-55.9461,-7.436,-26.5505,11.2439,weekly_series,55.17,33.2606,555.0,-0.1552,-99.9938,16,macd_bias,120m,30m,NIFTY,0.4375
1068.6486,-66.995,-11.617,-13.8861,31.2564,weekly_series,48.68,88.6329,930.0,6.7334,-99.9971,37,macd_bias,120m,30m,SENSEX,0.5405
954.6667,-73.2871,-4.3817,-9.0368,20.8471,weekly_series,63.64,194.6341,459.0,8.6535,-99.9944,63,macd_bias,120m,3m,NIFTY,0.6825
931.6875,-65.0005,-5.083,-5.9393,22.678,weekly_series,62.61,131.9783,355.5,8.9047,-99.998,144,macd_bias,120m,3m,SENSEX,0.6736
1027.1875,-75.6873,-2.5887,-1.7098,25.7675,weekly_series,50.0,114.8905,632.5,13.2359,-99.9938,48,macd_bias,120m,5m,NIFTY,0.7292
1044.1905,-67.3011,-5.6993,-3.983,26.3383,weekly_series,50.97,134.9522,575.0,8.0611,-99.998,105,macd_bias,120m,5m,SENSEX,0.6762
153.0,-51.03,-4.6807,-16.3172,6.8246,monthly_expiry_day,25.0,10.0,129.0,0.4739,-99.9521,5,ema_macd_agree,120m,1m,NIFTY,0.6
167.3333,-29.7206,1.9016,-13.9376,8.1585,monthly_expiry_day,28.57,10.0,154.0,-3.9899,-99.9858,12,ema_macd_agree,120m,1m,SENSEX,0.4167
180.0,0.0,-1.5431,5.08,5.08,monthly_expiry_day,33.33,10.0,180.0,5.08,0.16,2,ema_macd_agree,120m,3m,NIFTY,1.0
99.6,-11.644,-3.6793,-0.6006,6.7617,monthly_expiry_day,29.41,10.0,63.0,0.285,-12.8432,5,ema_macd_agree,120m,3m,SENSEX,0.6
155.0,-0.2588,0.1402,4.8706,10.0,monthly_expiry_day,50.0,10.0,155.0,4.8706,-0.2588,2,ema_macd_agree,120m,5m,NIFTY,0.5
170.0,0.0,22.1663,0.285,0.285,monthly_expiry_day,11.11,0.285,170.0,0.285,0.285,1,ema_macd_agree,120m,5m,SENSEX,1.0
2704.4444,-72.6577,17.6594,10.6235,52.2641,monthly_series,52.94,149.5502,1640.0,18.8825,-99.9941,9,ema_macd_agree,120m,10m,NIFTY,0.6667
2139.0476,-64.171,6.3579,-1.8652,29.2878,monthly_series,35.59,158.0537,880.0,8.6739,-99.998,21,ema_macd_agree,120m,10m,SENSEX,0.6667
2851.875,-54.9894,15.6143,6.6743,68.338,monthly_series,50.0,149.5619,1552.5,8.4572,-99.9944,8,ema_macd_agree,120m,15m,NIFTY,0.5
1790.7692,-51.7806,5.4552,-2.9325,27.5975,monthly_series,44.83,144.127,720.0,7.4714,-99.998,26,ema_macd_agree,120m,15m,SENSEX,0.6154
6210.0,-98.953,-19.5733,-43.6971,11.5588,monthly_series,33.33,17.3235,6000.0,-46.0588,-99.9944,4,ema_macd_agree,120m,30m,NIFTY,0.5
2089.0909,-61.4286,-9.1071,-5.9751,25.7126,monthly_series,47.83,80.3803,825.0,5.2041,-99.998,22,ema_macd_agree,120m,30m,SENSEX,0.6364
3653.0,-99.0532,6.2911,8.1679,38.8025,monthly_series,52.94,191.6225,2106.0,11.1172,-99.9946,9,ema_macd_agree,120m,3m,NIFTY,0.7778
2381.5714,-55.3886,-1.4305,-5.6153,23.7962,monthly_series,53.03,132.9668,873.0,9.5703,-99.9986,35,ema_macd_agree,120m,3m,SENSEX,0.6286
3421.5,-72.662,2.3155,1.4996,33.2832,monthly_series,50.0,144.4495,1792.5,9.543,-99.9937,10,ema_macd_agree,120m,5m,NIFTY,0.7
2160.3226,-56.1138,8.3805,5.7443,31.0499,monthly_series,46.27,191.0163,955.0,8.9583,-99.9977,31,ema_macd_agree,120m,5m,SENSEX,0.7097
97.0833,-35.5113,1.8937,-4.0497,8.905,weekly_expiry_day,30.77,10.0,35.0,10.0,-99.9759,24,ema_macd_agree,120m,1m,NIFTY,0.7083
106.5581,-7.7165,12.1357,3.1924,9.6569,weekly_expiry_day,27.04,10.0,69.0,10.0,-19.7487,43,ema_macd_agree,120m,1m,SENSEX,0.6279
64.5,-5.3931,14.638,2.3034,10.0,weekly_expiry_day,30.3,10.0,54.0,4.9906,-19.1312,10,ema_macd_agree,120m,3m,NIFTY,0.5
86.2258,-10.9294,4.214,-0.1271,10.0,weekly_expiry_day,43.06,10.0,39.0,10.0,-59.0438,31,ema_macd_agree,120m,3m,SENSEX,0.5161
97.0,-9.8117,1.0332,-3.8138,5.183,weekly_expiry_day,29.41,10.0,95.0,-0.2117,-23.4332,5,ema_macd_agree,120m,5m,NIFTY,0.4
78.0,-5.6506,-0.0206,1.1976,9.0241,weekly_expiry_day,41.67,10.0,55.0,-0.5197,-21.1212,15,ema_macd_agree,120m,5m,SENSEX,0.4667
1080.8,-68.7705,7.7808,-0.6847,31.3556,weekly_series,36.23,196.7389,980.0,5.9192,-99.9939,25,ema_macd_agree,120m,10m,NIFTY,0.68
1168.0,-66.2108,-14.5905,-14.4101,22.3956,weekly_series,40.88,87.5868,720.0,6.0697,-99.9979,65,ema_macd_agree,120m,10m,SENSEX,0.5846
912.1154,-71.5042,11.8243,4.4677,38.233,weekly_series,47.27,172.3831,705.0,10.2892,-99.9938,26,ema_macd_agree,120m,15m,NIFTY,0.6923
967.9245,-58.24,-4.0001,-5.7816,26.0114,weekly_series,42.06,84.4385,645.0,10.9302,-99.9979,53,ema_macd_agree,120m,15m,SENSEX,0.6226
746.0,-50.7464,-2.7031,-21.8176,11.2439,weekly_series,51.72,33.2606,360.0,-0.0376,-99.9938,15,ema_macd_agree,120m,30m,NIFTY,0.4667
1082.9032,-62.5948,-12.99,-15.2591,29.1182,weekly_series,40.79,88.6329,960.0,0.3833,-99.9971,31,ema_macd_agree,120m,30m,SENSEX,0.5161
1029.5106,-72.775,-4.9679,-9.623,22.9716,weekly_series,47.47,194.6341,558.0,8.6535,-99.9944,47,ema_macd_agree,120m,3m,NIFTY,0.6596
978.7368,-65.6219,-9.6372,-10.4935,20.4691,weekly_series,49.57,90.3491,435.0,7.5614,-99.998,114,ema_macd_agree,120m,3m,SENSEX,0.6404
1111.3514,-78.4201,-6.7425,-5.8636,24.8334,weekly_series,38.54,82.2584,715.0,12.6922,-99.9938,37,ema_macd_agree,120m,5m,NIFTY,0.7027
1163.141,-68.0557,-12.2381,-10.5218,23.5289,weekly_series,37.86,83.5155,687.5,6.0636,-99.998,78,ema_macd_agree,120m,5m,SENSEX,0.6282
150.75,-1.2647,13.6227,1.9862,5.237,monthly_expiry_day,20.0,10.0,134.0,0.0262,-2.1079,4,ema_alignment,1d,1m,NIFTY,0.5
173.1667,-16.643,9.5301,-6.3091,8.1585,monthly_expiry_day,28.57,10.0,154.0,-3.9899,-51.5623,12,ema_alignment,1d,1m,SENSEX,0.4167
164.0,-0.4214,-3.3769,3.2462,5.08,monthly_expiry_day,50.0,10.0,132.0,0.16,-0.4214,3,ema_alignment,1d,3m,NIFTY,0.6667
99.0,-8.9846,-3.7854,-0.7067,7.5713,monthly_expiry_day,47.06,10.0,43.5,-0.3653,-12.8432,8,ema_alignment,1d,3m,SENSEX,0.5
138.3333,-0.5392,-1.7565,2.9739,10.0,monthly_expiry_day,75.0,10.0,105.0,-0.2588,-0.8195,3,ema_alignment,1d,5m,NIFTY,0.3333
140.0,-6.7912,17.4488,-4.4325,0.285,monthly_expiry_day,33.33,0.285,170.0,-1.0155,-12.5669,3,ema_alignment,1d,5m,SENSEX,0.3333
3702.2222,-72.6577,-5.1955,-12.2314,17.9817,monthly_series,52.94,24.5038,2150.0,17.1642,-99.9941,9,ema_alignment,1d,10m,NIFTY,0.6667
2313.8095,-46.7114,-2.9309,-11.154,21.171,monthly_series,35.59,68.8701,860.0,4.7866,-99.998,21,ema_alignment,1d,10m,SENSEX,0.5238
3605.0,-54.9894,-4.52,-13.46,19.7635,monthly_series,56.25,24.5038,1710.0,14.5611,-99.9944,9,ema_alignment,1d,15m,NIFTY,0.5556
2057.8571,-40.7402,-0.479,-8.8667,20.1092,monthly_series,36.21,45.4545,825.0,4.8552,-99.998,21,ema_alignment,1d,15m,SENSEX,0.5238
5268.0,-66.5772,-11.199,-35.3228,11.5588,monthly_series,41.67,17.3235,4980.0,-1.8255,-99.9944,5,ema_alignment,1d,30m,NIFTY,0.4
1755.0,-42.6451,-15.3541,-12.2221,18.2009,monthly_series,30.43,76.371,720.0,-2.4107,-99.998,14,ema_alignment,1d,30m,SENSEX,0.5
4212.2727,-75.5861,-21.2473,-19.3705,12.7527,monthly_series,64.71,31.0039,2106.0,3.2667,-99.9946,11,ema_alignment,1d,3m,NIFTY,0.6364
3059.0,-52.2364,-10.0484,-14.2332,17.9233,monthly_series,36.36,56.1688,1306.5,7.6717,-99.9986,24,ema_alignment,1d,3m,SENSEX,0.5417
4586.5,-79.4901,-21.0153,-21.8312,16.6081,monthly_series,50.0,25.7764,2182.5,6.5972,-99.9937,10,ema_alignment,1d,5m,NIFTY,0.6
2604.4,-51.4404,-2.6363,-5.2725,25.5062,monthly_series,37.31,84.8935,1030.0,7.2366,-99.9977,25,ema_alignment,1d,5m,SENSEX,0.6
95.4545,-44.8659,0.98,-4.9634,10.0,weekly_expiry_day,28.21,10.0,22.0,10.0,-99.9759,22,ema_alignment,1d,1m,NIFTY,0.7273
92.2326,-18.9875,8.8314,-0.1119,10.0,weekly_expiry_day,27.04,10.0,29.0,10.0,-99.9762,43,ema_alignment,1d,1m,SENSEX,0.6512
60.9231,-29.9541,6.9676,-5.367,10.0,weekly_expiry_day,39.39,10.0,9.0,10.0,-99.9681,13,ema_alignment,1d,3m,NIFTY,0.6154
93.8182,-15.2139,4.0263,-0.3148,10.0,weekly_expiry_day,30.56,10.0,39.0,10.0,-59.0438,22,ema_alignment,1d,3m,SENSEX,0.5909
106.6667,-38.0249,-17.1696,-22.0166,10.0,weekly_expiry_day,35.29,10.0,102.5,-11.8224,-97.5,6,ema_alignment,1d,5m,NIFTY,0.3333
68.3333,-8.3357,-0.386,0.8322,10.0,weekly_expiry_day,33.33,10.0,60.0,4.6266,-21.1212,12,ema_alignment,1d,5m,SENSEX,0.5
1266.4,-74.2427,-20.6675,-29.133,19.7359,weekly_series,36.23,40.3182,560.0,-2.9613,-99.9939,25,ema_alignment,1d,10m,NIFTY,0.48
1166.3265,-63.3154,-15.6657,-15.4853,23.4874,weekly_series,30.82,57.0907,660.0,6.434,-99.9979,49,ema_alignment,1d,10m,SENSEX,0.551
935.4,-73.2012,-9.6679,-17.0245,27.1144,weekly_series,45.45,110.931,375.0,4.8149,-99.9938,25,ema_alignment,1d,15m,NIFTY,0.56
889.0,-58.7294,-7.1996,-8.9811,24.1845,weekly_series,35.71,81.5609,390.0,10.4687,-99.9979,45,ema_alignment,1d,15m,SENSEX,0.6
761.5385,-67.6102,-7.558,-26.6725,8.417,weekly_series,44.83,19.4727,330.0,2.2143,-99.9938,13,ema_alignment,1d,30m,NIFTY,0.5385
1084.6154,-77.1188,-19.3456,-21.6147,25.9603,weekly_series,34.21,88.6329,810.0,1.1186,-99.9971,26,ema_alignment,1d,30m,SENSEX,0.5385
1364.8333,-82.9881,-19.2937,-23.9488,18.2221,weekly_series,36.36,50.4341,919.5,6.4942,-99.9944,36,ema_alignment,1d,3m,NIFTY,0.5833
1302.3375,-70.0525,-18.2494,-19.1057,20.5196,weekly_series,34.78,131.9783,744.0,5.2613,-99.998,80,ema_alignment,1d,3m,SENSEX,0.5625
1059.2188,-72.4657,-11.2353,-10.3564,22.177,weekly_series,33.33,82.2584,455.0,9.7979,-99.9938,32,ema_alignment,1d,5m,NIFTY,0.6562
1278.7692,-71.463,-15.8138,-14.0975,26.6622,weekly_series,31.55,114.6427,725.0,4.8207,-99.998,65,ema_alignment,1d,5m,SENSEX,0.5846
150.6667,-34.1605,-2.0314,-13.6679,6.8246,monthly_expiry_day,30.0,10.0,134.0,0.0262,-99.9521,6,macd_bias,1d,1m,NIFTY,0.5
192.3571,-17.6689,9.3707,-6.4685,8.4654,monthly_expiry_day,33.33,10.0,219.0,-3.9899,-51.5623,14,macd_bias,1d,1m,SENSEX,0.4286
164.0,-0.4214,-3.3769,3.2462,5.08,monthly_expiry_day,50.0,10.0,132.0,0.16,-0.4214,3,macd_bias,1d,3m,NIFTY,0.6667
117.0,-11.5893,-4.8448,-1.7661,8.057,monthly_expiry_day,58.82,10.0,97.5,-0.3653,-22.0081,10,macd_bias,1d,3m,SENSEX,0.5
138.3333,-0.5392,-1.7565,2.9739,10.0,monthly_expiry_day,75.0,10.0,105.0,-0.2588,-0.8195,3,macd_bias,1d,5m,NIFTY,0.3333
124.0,-11.0378,17.3156,-4.5657,5.1425,monthly_expiry_day,55.56,10.0,115.0,-1.0155,-19.5309,5,macd_bias,1d,5m,SENSEX,0.4
4695.5556,-79.4869,-16.9486,-23.9845,20.4175,monthly_series,52.94,24.5038,2230.0,17.1642,-99.9941,9,macd_bias,1d,10m,NIFTY,0.5556
2155.7576,-51.9298,0.2246,-7.9985,20.5568,monthly_series,55.93,68.8701,880.0,8.2255,-99.998,33,macd_bias,1d,10m,SENSEX,0.6061
4357.5,-63.9865,-13.1715,-22.1115,19.7635,monthly_series,62.5,24.5038,1965.0,6.2965,-99.9944,10,macd_bias,1d,15m,NIFTY,0.5
1858.7143,-41.4271,1.6944,-6.6933,19.357,monthly_series,60.34,52.381,825.0,6.7172,-99.998,35,macd_bias,1d,15m,SENSEX,0.5714
4545.0,-66.5772,-3.4685,-27.5923,11.3925,monthly_series,50.0,17.3235,3240.0,1.9843,-99.9944,6,macd_bias,1d,30m,NIFTY,0.5
1213.5484,-38.8218,4.1951,7.3271,26.2062,monthly_series,67.39,80.3803,720.0,10.0111,-99.998,31,macd_bias,1d,30m,SENSEX,0.7097
4422.9,-75.5861,-23.4113,-21.5345,14.4998,monthly_series,58.82,31.0039,2172.0,6.2702,-99.9946,10,macd_bias,1d,3m,NIFTY,0.6
2407.1667,-45.7644,-3.0454,-7.2302,20.2943,monthly_series,54.55,70.5833,1020.0,7.6717,-99.9986,36,macd_bias,1d,3m,SENSEX,0.5833
4862.2222,-79.4901,-23.6932,-24.5091,19.4758,monthly_series,45.0,25.7764,2260.0,10.9244,-99.9937,9,macd_bias,1d,5m,NIFTY,0.5556
2444.0,-55.5675,-3.6202,-6.2564,22.882,monthly_series,52.24,84.8935,1030.0,7.2366,-99.9977,35,macd_bias,1d,5m,SENSEX,0.6286
102.7879,-53.4061,-5.192,-11.1354,10.0,weekly_expiry_day,42.31,10.0,22.0,10.0,-99.9759,33,macd_bias,1d,1m,NIFTY,0.6667
85.5417,-46.0697,2.461,-6.4823,9.8184,weekly_expiry_day,45.28,10.0,25.5,10.0,-99.9762,72,macd_bias,1d,1m,SENSEX,0.7083
70.7647,-38.863,2.2145,-10.1201,10.0,weekly_expiry_day,51.52,10.0,39.0,10.0,-99.9681,17,macd_bias,1d,3m,NIFTY,0.5882
87.4412,-35.481,-5.7241,-10.0652,10.0,weekly_expiry_day,47.22,10.0,37.5,10.0,-99.5192,34,macd_bias,1d,3m,SENSEX,0.5588
91.25,-35.395,-13.5249,-18.3719,10.0,weekly_expiry_day,47.06,10.0,90.0,-11.8224,-97.5,8,macd_bias,1d,5m,NIFTY,0.375
56.6667,-7.5344,1.9629,3.1811,10.0,weekly_expiry_day,50.0,10.0,25.0,10.0,-21.1212,18,macd_bias,1d,5m,SENSEX,0.6111
1163.75,-76.0756,-14.6615,-23.127,18.0552,weekly_series,46.38,40.3182,640.0,4.8922,-99.9939,32,macd_bias,1d,10m,NIFTY,0.5625
934.6377,-60.6476,-5.8907,-5.7103,21.7584,weekly_series,43.4,57.0907,410.0,8.0877,-99.9979,69,macd_bias,1d,10m,SENSEX,0.6667
943.0645,-75.4292,-6.6608,-14.0174,24.769,weekly_series,56.36,110.931,660.0,7.4031,-99.9938,31,macd_bias,1d,15m,NIFTY,0.6129
802.9839,-59.9537,-1.7458,-3.5273,25.374,weekly_series,49.21,81.5609,390.0,11.1763,-99.9979,62,macd_bias,1d,15m,SENSEX,0.6613
789.375,-58.1616,-6.2344,-25.3489,7.4637,weekly_series,55.17,19.4727,555.0,0.3768,-99.9938,16,macd_bias,1d,30m,NIFTY,0.5
941.5385,-75.4178,-4.7506,-7.0197,31.2832,weekly_series,51.32,116.25,600.0,8.2734,-99.9971,39,macd_bias,1d,30m,SENSEX,0.641
1119.4565,-82.9881,-9.6753,-14.3304,18.8911,weekly_series,46.46,50.4341,556.5,8.6067,-99.9944,46,macd_bias,1d,3m,NIFTY,0.6739
1175.22,-70.0526,-8.5699,-9.4262,23.2188,weekly_series,43.48,131.9783,600.0,9.0655,-99.998,100,macd_bias,1d,3m,SENSEX,0.65
991.125,-76.6567,-10.3845,-9.5056,22.8264,weekly_series,41.67,82.2584,330.0,12.1156,-99.9938,40,macd_bias,1d,5m,NIFTY,0.675
1146.9048,-71.15,-9.8225,-8.1062,25.1351,weekly_series,40.78,114.6427,632.5,8.2349,-99.998,84,macd_bias,1d,5m,SENSEX,0.6548
150.75,-1.2647,13.6227,1.9862,5.237,monthly_expiry_day,20.0,10.0,134.0,0.0262,-2.1079,4,ema_macd_agree,1d,1m,NIFTY,0.5
173.1667,-16.643,9.5301,-6.3091,8.1585,monthly_expiry_day,28.57,10.0,154.0,-3.9899,-51.5623,12,ema_macd_agree,1d,1m,SENSEX,0.4167
164.0,-0.4214,-3.3769,3.2462,5.08,monthly_expiry_day,50.0,10.0,132.0,0.16,-0.4214,3,ema_macd_agree,1d,3m,NIFTY,0.6667
99.0,-8.9846,-3.7854,-0.7067,7.5713,monthly_expiry_day,47.06,10.0,43.5,-0.3653,-12.8432,8,ema_macd_agree,1d,3m,SENSEX,0.5
138.3333,-0.5392,-1.7565,2.9739,10.0,monthly_expiry_day,75.0,10.0,105.0,-0.2588,-0.8195,3,ema_macd_agree,1d,5m,NIFTY,0.3333
140.0,-6.7912,17.4488,-4.4325,0.285,monthly_expiry_day,33.33,0.285,170.0,-1.0155,-12.5669,3,ema_macd_agree,1d,5m,SENSEX,0.3333
3896.25,-72.6577,-7.4498,-14.4857,20.4175,monthly_series,47.06,24.5038,1980.0,18.0234,-99.9941,8,ema_macd_agree,1d,10m,NIFTY,0.625
2313.8095,-46.7114,-2.9309,-11.154,21.171,monthly_series,35.59,68.8701,860.0,4.7866,-99.998,21,ema_macd_agree,1d,10m,SENSEX,0.5238
3605.0,-54.9894,-4.52,-13.46,19.7635,monthly_series,56.25,24.5038,1710.0,14.5611,-99.9944,9,ema_macd_agree,1d,15m,NIFTY,0.5556
2057.8571,-40.7402,-0.479,-8.8667,20.1092,monthly_series,36.21,45.4545,825.0,4.8552,-99.998,21,ema_macd_agree,1d,15m,SENSEX,0.5238
5268.0,-66.5772,-11.199,-35.3228,11.5588,monthly_series,41.67,17.3235,4980.0,-1.8255,-99.9944,5,ema_macd_agree,1d,30m,NIFTY,0.4
1755.0,-42.6451,-15.3541,-12.2221,18.2009,monthly_series,30.43,76.371,720.0,-2.4107,-99.998,14,ema_macd_agree,1d,30m,SENSEX,0.5
4422.9,-75.5861,-23.4113,-21.5345,14.4998,monthly_series,58.82,31.0039,2172.0,6.2702,-99.9946,10,ema_macd_agree,1d,3m,NIFTY,0.6
2880.2609,-47.4603,-6.3195,-10.5043,17.9233,monthly_series,34.85,56.1688,1266.0,8.1069,-99.9986,23,ema_macd_agree,1d,3m,SENSEX,0.5652
4862.2222,-79.4901,-23.6932,-24.5091,19.4758,monthly_series,45.0,25.7764,2260.0,10.9244,-99.9937,9,ema_macd_agree,1d,5m,NIFTY,0.5556
2604.4,-51.4404,-2.6363,-5.2725,25.5062,monthly_series,37.31,84.8935,1030.0,7.2366,-99.9977,25,ema_macd_agree,1d,5m,SENSEX,0.6
95.4545,-44.8659,0.98,-4.9634,10.0,weekly_expiry_day,28.21,10.0,22.0,10.0,-99.9759,22,ema_macd_agree,1d,1m,NIFTY,0.7273
87.0488,-21.0381,9.102,0.1587,10.0,weekly_expiry_day,25.79,10.0,27.0,10.0,-99.9762,41,ema_macd_agree,1d,1m,SENSEX,0.6829
60.9231,-29.9541,6.9676,-5.367,10.0,weekly_expiry_day,39.39,10.0,9.0,10.0,-99.9681,13,ema_macd_agree,1d,3m,NIFTY,0.6154
93.8182,-15.2139,4.0263,-0.3148,10.0,weekly_expiry_day,30.56,10.0,39.0,10.0,-59.0438,22,ema_macd_agree,1d,3m,SENSEX,0.5909
106.6667,-38.0249,-17.1696,-22.0166,10.0,weekly_expiry_day,35.29,10.0,102.5,-11.8224,-97.5,6,ema_macd_agree,1d,5m,NIFTY,0.3333
68.3333,-8.3357,-0.386,0.8322,10.0,weekly_expiry_day,33.33,10.0,60.0,4.6266,-21.1212,12,ema_macd_agree,1d,5m,SENSEX,0.5
1266.4,-74.2427,-20.6675,-29.133,19.7359,weekly_series,36.23,40.3182,560.0,-2.9613,-99.9939,25,ema_macd_agree,1d,10m,NIFTY,0.48
1166.3265,-63.3154,-15.6657,-15.4853,23.4874,weekly_series,30.82,57.0907,660.0,6.434,-99.9979,49,ema_macd_agree,1d,10m,SENSEX,0.551
935.4,-73.2012,-9.6679,-17.0245,27.1144,weekly_series,45.45,110.931,375.0,4.8149,-99.9938,25,ema_macd_agree,1d,15m,NIFTY,0.56
889.0,-58.7294,-7.1996,-8.9811,24.1845,weekly_series,35.71,81.5609,390.0,10.4687,-99.9979,45,ema_macd_agree,1d,15m,SENSEX,0.6
761.5385,-67.6102,-7.558,-26.6725,8.417,weekly_series,44.83,19.4727,330.0,2.2143,-99.9938,13,ema_macd_agree,1d,30m,NIFTY,0.5385
1084.6154,-77.1188,-19.3456,-21.6147,25.9603,weekly_series,34.21,88.6329,810.0,1.1186,-99.9971,26,ema_macd_agree,1d,30m,SENSEX,0.5385
1387.0286,-82.9881,-19.9829,-24.638,19.1246,weekly_series,35.35,50.4341,978.0,6.7435,-99.9944,35,ema_macd_agree,1d,3m,NIFTY,0.5714
1274.8481,-69.172,-17.2256,-18.0819,20.5196,weekly_series,34.35,131.9783,735.0,5.4341,-99.998,79,ema_macd_agree,1d,3m,SENSEX,0.5696
1074.6774,-72.4657,-11.5749,-10.696,23.2773,weekly_series,32.29,82.2584,330.0,11.5261,-99.9938,31,ema_macd_agree,1d,5m,NIFTY,0.6452
1278.7692,-71.463,-15.8138,-14.0975,26.6622,weekly_series,31.55,114.6427,725.0,4.8207,-99.998,65,ema_macd_agree,1d,5m,SENSEX,0.5846
