variant_key,group_name,indicator,timeframe,exit_name,expiry_day_only,score,opportunities,win_rate,avg_return_pct,median_return_pct,avg_win_return_pct,avg_loss_return_pct,max_realized_return_pct,avg_holding_minutes,median_holding_minutes,avg_max_possible_return_pct,max_possible_return_pct
weekly_series|series|3m|macd_zero|target_30pct,weekly_series,macd_zero,3m,target_30pct,False,55.990147,262,0.6565,-6.7357,30.0,28.773,-74.5967,30.0,1257.6641,708.0,95.3197,1190.3795
weekly_series|series|3m|macd_zero|trail_after_20pct_dd10pct,weekly_series,macd_zero,3m,trail_after_20pct_dd10pct,False,22.917007,329,0.7204,-1.9994,10.4756,25.3743,-72.5166,250.0857,1002.3465,474.0,91.2147,1190.3795
weekly_series|series|3m|macd_zero|trail_after_30pct_dd15pct,weekly_series,macd_zero,3m,trail_after_30pct_dd15pct,False,28.479851,245,0.6408,0.3552,13.2181,43.0788,-75.8675,359.2858,1422.0367,1104.0,97.6591,1190.3795
weekly_series|series|5m|macd_zero|target_30pct,weekly_series,macd_zero,5m,target_30pct,False,64.069805,263,0.6958,-3.7152,30.0,28.9427,-78.42,30.0,1069.8289,550.0,112.0397,1715.9459
weekly_series|series|5m|macd_zero|trail_after_20pct_dd10pct,weekly_series,macd_zero,5m,trail_after_20pct_dd10pct,False,33.917464,302,0.7384,1.4501,12.4319,28.6896,-75.4411,275.1301,916.5066,417.5,105.7801,1715.9459
weekly_series|series|5m|macd_zero|trail_after_30pct_dd15pct,weekly_series,macd_zero,5m,trail_after_30pct_dd15pct,False,35.181878,252,0.6706,0.0851,15.7453,37.0203,-75.1204,204.8168,1196.4683,760.0,114.3912,1715.9459
weekly_series|series|10m|macd_zero|target_30pct,weekly_series,macd_zero,10m,target_30pct,False,53.178171,196,0.6684,-7.3522,30.0,28.4896,-79.5873,30.0,1116.5816,680.0,116.7996,978.9981
weekly_series|series|10m|macd_zero|trail_after_20pct_dd10pct,weekly_series,macd_zero,10m,trail_after_20pct_dd10pct,False,18.736343,228,0.693,-2.4361,9.9169,27.4265,-69.8402,196.7389,888.5965,390.0,112.2041,978.9981
weekly_series|series|10m|macd_zero|trail_after_30pct_dd15pct,weekly_series,macd_zero,10m,trail_after_30pct_dd15pct,False,25.198973,197,0.6599,-1.5328,13.0567,37.7694,-77.7908,196.7389,1219.8477,860.0,116.7043,978.9981
weekly_series|series|15m|macd_zero|target_30pct,weekly_series,macd_zero,15m,target_30pct,False,50.949085,164,0.6646,-7.4647,30.0,28.7505,-79.2368,30.0,1053.9329,562.5,101.1226,874.4743
weekly_series|series|15m|macd_zero|trail_after_20pct_dd10pct,weekly_series,macd_zero,15m,trail_after_20pct_dd10pct,False,16.67612,181,0.6796,-3.4756,10.1758,27.1431,-68.4083,172.3831,873.895,405.0,93.9894,874.4743
weekly_series|series|15m|macd_zero|trail_after_30pct_dd15pct,weekly_series,macd_zero,15m,trail_after_30pct_dd15pct,False,17.323207,164,0.6341,-4.4397,11.8773,35.6394,-73.9102,196.7389,1183.2622,787.5,101.1226,874.4743
weekly_series|series|30m|macd_zero|target_30pct,weekly_series,macd_zero,30m,target_30pct,False,49.825277,101,0.6733,-4.9989,30.0,28.924,-74.9007,30.0,885.4455,600.0,88.0646,649.4702
weekly_series|series|30m|macd_zero|trail_after_20pct_dd10pct,weekly_series,macd_zero,30m,trail_after_20pct_dd10pct,False,2.771426,105,0.6,-6.9216,6.2652,25.6322,-55.7523,116.25,785.7143,390.0,88.4886,649.4702
weekly_series|series|30m|macd_zero|trail_after_30pct_dd15pct,weekly_series,macd_zero,30m,trail_after_30pct_dd15pct,False,26.719861,101,0.6436,2.7444,13.1313,43.2947,-70.4714,173.75,998.0198,720.0,88.0646,649.4702
weekly_series|series|3m|rsi_50_cross|target_30pct,weekly_series,rsi_50_cross,3m,target_30pct,False,57.522062,270,0.6593,-6.0651,30.0,29.0867,-74.0762,30.0,1308.8333,840.0,96.7289,1180.5
weekly_series|series|3m|rsi_50_cross|trail_after_20pct_dd10pct,weekly_series,rsi_50_cross,3m,trail_after_20pct_dd10pct,False,24.360931,343,0.7172,-1.5655,10.7363,25.5147,-70.2432,194.5415,1050.2536,546.0,93.5144,1180.5
weekly_series|series|3m|rsi_50_cross|trail_after_30pct_dd15pct,weekly_series,rsi_50_cross,3m,trail_after_30pct_dd15pct,False,26.745322,255,0.651,-0.1239,12.4307,40.6803,-76.2306,371.2657,1442.0353,1095.0,96.869,1180.5
weekly_series|series|5m|rsi_50_cross|target_30pct,weekly_series,rsi_50_cross,5m,target_30pct,False,58.278064,269,0.6654,-5.8892,30.0,28.9164,-75.1138,30.0,1246.8216,670.0,97.0102,1163.7163
weekly_series|series|5m|rsi_50_cross|trail_after_20pct_dd10pct,weekly_series,rsi_50_cross,5m,trail_after_20pct_dd10pct,False,22.716417,332,0.7078,-2.3772,10.7944,26.1011,-71.3712,278.0559,1036.5964,502.5,91.8048,1163.7163
weekly_series|series|5m|rsi_50_cross|trail_after_30pct_dd15pct,weekly_series,rsi_50_cross,5m,trail_after_30pct_dd15pct,False,27.345421,250,0.628,-0.0953,13.1978,43.0017,-72.8506,392.0455,1415.82,1035.0,96.4014,1163.7163
weekly_series|series|10m|rsi_50_cross|target_30pct,weekly_series,rsi_50_cross,10m,target_30pct,False,57.449619,248,0.6653,-5.8735,30.0,29.0498,-75.2993,30.0,1156.9758,575.0,93.86,978.9981
weekly_series|series|10m|rsi_50_cross|trail_after_20pct_dd10pct,weekly_series,rsi_50_cross,10m,trail_after_20pct_dd10pct,False,21.174958,287,0.6899,-3.0708,11.0804,27.0716,-70.1292,145.6645,1022.23,540.0,91.7157,978.9981
weekly_series|series|10m|rsi_50_cross|trail_after_30pct_dd15pct,weekly_series,rsi_50_cross,10m,trail_after_30pct_dd15pct,False,28.069815,245,0.6531,-2.4175,14.6231,35.5728,-73.9287,204.9023,1269.1837,810.0,94.4494,978.9981
weekly_series|series|15m|rsi_50_cross|target_30pct,weekly_series,rsi_50_cross,15m,target_30pct,False,55.526866,228,0.6667,-6.6809,30.0,29.137,-78.3167,30.0,1177.1711,750.0,90.7143,850.8537
weekly_series|series|15m|rsi_50_cross|trail_after_20pct_dd10pct,weekly_series,rsi_50_cross,15m,trail_after_20pct_dd10pct,False,17.214885,280,0.6857,-4.2857,10.2782,24.9264,-68.0211,201.2292,970.125,495.0,88.6791,850.8537
weekly_series|series|15m|rsi_50_cross|trail_after_30pct_dd15pct,weekly_series,rsi_50_cross,15m,trail_after_30pct_dd15pct,False,23.020373,229,0.6507,-4.1563,13.6135,33.765,-74.7846,214.6489,1283.1878,930.0,91.0297,850.8537
weekly_series|series|30m|rsi_50_cross|target_30pct,weekly_series,rsi_50_cross,30m,target_30pct,False,46.907013,172,0.6337,-9.0905,30.0,29.082,-75.1351,30.0,1111.7442,690.0,99.3019,750.2726
weekly_series|series|30m|rsi_50_cross|trail_after_20pct_dd10pct,weekly_series,rsi_50_cross,30m,trail_after_20pct_dd10pct,False,6.849183,195,0.6154,-6.4842,7.8372,25.6564,-57.9092,108.8679,914.4615,480.0,96.1816,750.2726
weekly_series|series|30m|rsi_50_cross|trail_after_30pct_dd15pct,weekly_series,rsi_50_cross,30m,trail_after_30pct_dd15pct,False,11.102136,172,0.5814,-4.9588,9.4817,40.4703,-68.0549,231.6004,1231.5698,945.0,99.3659,750.2726
weekly_series|series|3m|roc_zero|target_30pct,weekly_series,roc_zero,3m,target_30pct,False,57.661776,276,0.6594,-6.1284,30.0,28.8536,-73.8594,30.0,1367.5761,741.0,93.6475,929.2891
weekly_series|series|3m|roc_zero|trail_after_20pct_dd10pct,weekly_series,roc_zero,3m,trail_after_20pct_dd10pct,False,23.060325,345,0.7159,-2.3511,10.7501,25.1537,-71.6743,205.0604,1101.0174,570.0,91.3366,929.2891
weekly_series|series|3m|roc_zero|trail_after_30pct_dd15pct,weekly_series,roc_zero,3m,trail_after_30pct_dd15pct,False,29.742479,261,0.6513,-0.3274,13.8867,40.3548,-76.3272,368.3508,1468.2644,1095.0,94.2199,929.2891
weekly_series|series|5m|roc_zero|target_30pct,weekly_series,roc_zero,5m,target_30pct,False,57.407081,277,0.657,-6.1836,30.0,28.9526,-73.4973,30.0,1333.9531,720.0,92.6973,1180.5
weekly_series|series|5m|roc_zero|trail_after_20pct_dd10pct,weekly_series,roc_zero,5m,trail_after_20pct_dd10pct,False,22.446817,339,0.6991,-1.7768,10.3652,26.8183,-68.2185,293.3333,1098.4808,575.0,90.9052,1180.5
weekly_series|series|5m|roc_zero|trail_after_30pct_dd15pct,weekly_series,roc_zero,5m,trail_after_30pct_dd15pct,False,27.773784,260,0.6538,-0.6556,13.1607,39.6949,-76.8731,334.0417,1449.1923,1067.5,95.8849,1180.5
weekly_series|series|10m|roc_zero|target_30pct,weekly_series,roc_zero,10m,target_30pct,False,51.258173,251,0.6375,-8.6468,30.0,28.9384,-74.7306,30.0,1386.3745,1000.0,93.0305,1194.2514
weekly_series|series|10m|roc_zero|trail_after_20pct_dd10pct,weekly_series,roc_zero,10m,trail_after_20pct_dd10pct,False,15.621238,314,0.6624,-4.0576,9.5376,27.412,-65.8092,293.0043,1112.3248,590.0,88.3148,1194.2514
weekly_series|series|10m|roc_zero|trail_after_30pct_dd15pct,weekly_series,roc_zero,10m,trail_after_30pct_dd15pct,False,26.744254,249,0.6386,-0.1795,12.7611,42.0209,-74.7334,329.2702,1436.7871,1200.0,95.8342,1194.2514
weekly_series|series|15m|roc_zero|target_30pct,weekly_series,roc_zero,15m,target_30pct,False,59.583701,263,0.673,-5.3052,30.0,29.0263,-75.9641,30.0,1230.9696,750.0,109.3143,1668.1579
weekly_series|series|15m|roc_zero|trail_after_20pct_dd10pct,weekly_series,roc_zero,15m,trail_after_20pct_dd10pct,False,19.906603,309,0.6958,-1.5215,9.3264,28.2452,-69.605,290.6362,1055.6796,540.0,103.375,1668.1579
weekly_series|series|15m|roc_zero|trail_after_30pct_dd15pct,weekly_series,roc_zero,15m,trail_after_30pct_dd15pct,False,24.639681,256,0.6445,1.3077,10.6108,41.3222,-71.2461,312.0334,1323.8672,960.0,111.8143,1668.1579
weekly_series|series|30m|roc_zero|target_30pct,weekly_series,roc_zero,30m,target_30pct,False,47.632882,222,0.6306,-10.0761,30.0,29.0921,-76.9485,30.0,1234.4595,780.0,97.0466,1082.3979
weekly_series|series|30m|roc_zero|trail_after_20pct_dd10pct,weekly_series,roc_zero,30m,trail_after_20pct_dd10pct,False,9.281383,257,0.6304,-5.8478,8.3175,28.9764,-65.2323,130.5049,1048.716,630.0,93.4009,1082.3979
weekly_series|series|30m|roc_zero|trail_after_30pct_dd15pct,weekly_series,roc_zero,30m,trail_after_30pct_dd15pct,False,9.762651,220,0.5818,-5.4555,8.8178,40.3218,-69.1457,364.9811,1340.1818,930.0,99.1298,1082.3979
weekly_series|series|3m|ema_9_21_cross|target_30pct,weekly_series,ema_9_21_cross,3m,target_30pct,False,56.23006,267,0.6517,-6.4191,30.0,29.0831,-72.8425,30.0,1275.3034,684.0,94.506,1188.5535
weekly_series|series|3m|ema_9_21_cross|trail_after_20pct_dd10pct,weekly_series,ema_9_21_cross,3m,trail_after_20pct_dd10pct,False,22.567035,324,0.7037,-1.9129,10.5163,27.3126,-71.3236,294.4318,1061.8796,534.0,92.7095,1188.5535
weekly_series|series|3m|ema_9_21_cross|trail_after_30pct_dd15pct,weekly_series,ema_9_21_cross,3m,trail_after_30pct_dd15pct,False,29.848709,248,0.6411,0.7067,13.5929,43.4127,-75.5883,359.693,1441.5605,1111.5,97.8876,1188.5535
weekly_series|series|5m|ema_9_21_cross|target_30pct,weekly_series,ema_9_21_cross,5m,target_30pct,False,63.897395,269,0.6914,-3.7306,30.0,28.9553,-76.9784,30.0,1116.6357,565.0,108.2134,1748.4182
weekly_series|series|5m|ema_9_21_cross|trail_after_20pct_dd10pct,weekly_series,ema_9_21_cross,5m,trail_after_20pct_dd10pct,False,22.063157,311,0.6977,-1.3496,10.0769,27.6444,-68.2824,250.0857,975.4984,440.0,106.5582,1748.4182
weekly_series|series|5m|ema_9_21_cross|trail_after_30pct_dd15pct,weekly_series,ema_9_21_cross,5m,trail_after_30pct_dd15pct,False,29.606774,257,0.6459,-0.8995,14.3575,37.4614,-70.8765,211.3369,1247.1401,850.0,110.9667,1748.4182
weekly_series|series|10m|ema_9_21_cross|target_30pct,weekly_series,ema_9_21_cross,10m,target_30pct,False,54.962723,224,0.6652,-6.861,30.0,28.9163,-77.9386,30.0,1086.8304,585.0,112.707,1343.3942
weekly_series|series|10m|ema_9_21_cross|trail_after_20pct_dd10pct,weekly_series,ema_9_21_cross,10m,trail_after_20pct_dd10pct,False,15.100887,255,0.6784,-3.8039,9.2263,27.6148,-70.0895,185.7268,933.7255,460.0,104.5847,1343.3942
weekly_series|series|10m|ema_9_21_cross|trail_after_30pct_dd15pct,weekly_series,ema_9_21_cross,10m,trail_after_30pct_dd15pct,False,23.179298,223,0.6457,-3.2147,13.1989,35.7616,-74.2601,185.7268,1193.9013,750.0,113.2345,1343.3942
weekly_series|series|15m|ema_9_21_cross|target_30pct,weekly_series,ema_9_21_cross,15m,target_30pct,False,49.63755,188,0.6543,-8.8176,30.0,28.9497,-80.2849,30.0,1141.7553,675.0,111.4983,940.5054
weekly_series|series|15m|ema_9_21_cross|trail_after_20pct_dd10pct,weekly_series,ema_9_21_cross,15m,trail_after_20pct_dd10pct,False,18.267047,213,0.6901,-1.8456,9.452,28.7701,-70.0351,172.3831,931.5493,450.0,106.8476,940.5054
weekly_series|series|15m|ema_9_21_cross|trail_after_30pct_dd15pct,weekly_series,ema_9_21_cross,15m,trail_after_30pct_dd15pct,False,22.316136,190,0.6421,-3.7879,13.5538,36.5611,-76.1788,196.7389,1240.6579,810.0,111.3477,940.5054
weekly_series|series|30m|ema_9_21_cross|target_30pct,weekly_series,ema_9_21_cross,30m,target_30pct,False,52.128224,120,0.675,-4.7423,30.0,28.8528,-74.5166,30.0,961.0,675.0,92.7215,764.2208
weekly_series|series|30m|ema_9_21_cross|trail_after_20pct_dd10pct,weekly_series,ema_9_21_cross,30m,trail_after_20pct_dd10pct,False,11.079483,123,0.6504,-3.9516,8.5244,28.5976,-64.5083,196.7389,906.0976,630.0,92.3392,764.2208
weekly_series|series|30m|ema_9_21_cross|trail_after_30pct_dd15pct,weekly_series,ema_9_21_cross,30m,trail_after_30pct_dd15pct,False,19.609321,120,0.6417,0.8617,10.0454,40.0865,-69.378,225.457,1074.5,765.0,92.7215,764.2208
weekly_series|series|3m|cci_zero|target_30pct,weekly_series,cci_zero,3m,target_30pct,False,55.038044,269,0.6431,-6.7828,30.0,29.2538,-71.7237,30.0,1360.9851,957.0,92.5949,1113.0255
weekly_series|series|3m|cci_zero|trail_after_20pct_dd10pct,weekly_series,cci_zero,3m,trail_after_20pct_dd10pct,False,23.258423,327,0.7064,-1.8489,10.7053,27.2224,-71.8016,294.4318,1127.4862,621.0,92.9847,1113.0255
weekly_series|series|3m|cci_zero|trail_after_30pct_dd15pct,weekly_series,cci_zero,3m,trail_after_30pct_dd15pct,False,27.908533,262,0.6527,-0.3785,13.0417,39.7496,-75.7842,343.5077,1427.5076,1066.5,94.8261,1113.0255
weekly_series|series|5m|cci_zero|target_30pct,weekly_series,cci_zero,5m,target_30pct,False,55.839259,270,0.6519,-6.7751,30.0,28.9309,-73.6291,30.0,1286.6852,805.0,92.193,1194.2514
weekly_series|series|5m|cci_zero|trail_after_20pct_dd10pct,weekly_series,cci_zero,5m,trail_after_20pct_dd10pct,False,20.214434,330,0.6939,-2.8944,10.2977,26.3084,-69.1068,222.5605,1063.8636,562.5,88.9641,1194.2514
weekly_series|series|5m|cci_zero|trail_after_30pct_dd15pct,weekly_series,cci_zero,5m,trail_after_30pct_dd15pct,False,22.132264,254,0.6299,-1.4059,11.5053,40.9199,-73.4499,343.0423,1416.2008,1065.0,95.127,1194.2514
weekly_series|series|10m|cci_zero|target_30pct,weekly_series,cci_zero,10m,target_30pct,False,64.891334,268,0.6978,-3.4455,30.0,28.8294,-77.9566,30.0,1108.0224,570.0,109.3554,1748.4182
weekly_series|series|10m|cci_zero|trail_after_20pct_dd10pct,weekly_series,cci_zero,10m,trail_after_20pct_dd10pct,False,27.17204,310,0.6968,1.4258,10.3726,31.3284,-67.2865,294.9296,972.7419,450.0,114.1727,1748.4182
weekly_series|series|10m|cci_zero|trail_after_30pct_dd15pct,weekly_series,cci_zero,10m,trail_after_30pct_dd15pct,False,32.048873,261,0.659,1.165,13.7796,38.7368,-71.4458,233.9836,1206.1686,800.0,112.7638,1748.4182
weekly_series|series|15m|cci_zero|target_30pct,weekly_series,cci_zero,15m,target_30pct,False,57.001712,241,0.668,-6.1346,30.0,28.9477,-76.7378,30.0,1121.9502,705.0,108.2285,1578.0719
weekly_series|series|15m|cci_zero|trail_after_20pct_dd10pct,weekly_series,cci_zero,15m,trail_after_20pct_dd10pct,False,21.508321,281,0.669,-1.1789,10.2833,29.855,-63.9141,179.4572,949.0036,480.0,104.7979,1578.0719
weekly_series|series|15m|cci_zero|trail_after_30pct_dd15pct,weekly_series,cci_zero,15m,trail_after_30pct_dd15pct,False,23.125049,238,0.6387,-0.7893,11.545,38.3126,-69.8995,204.4455,1217.7731,862.5,110.5859,1578.0719
weekly_series|series|30m|cci_zero|target_30pct,weekly_series,cci_zero,30m,target_30pct,False,47.43137,180,0.6333,-8.9821,30.0,28.7416,-74.1411,30.0,1042.0,615.0,98.841,856.9219
weekly_series|series|30m|cci_zero|trail_after_20pct_dd10pct,weekly_series,cci_zero,30m,trail_after_20pct_dd10pct,False,3.601591,197,0.5888,-5.2299,5.4144,32.3565,-59.0572,226.9391,940.0508,510.0,102.0233,856.9219
weekly_series|series|30m|cci_zero|trail_after_30pct_dd15pct,weekly_series,cci_zero,30m,trail_after_30pct_dd15pct,False,13.263409,177,0.5932,-4.7165,10.3359,40.2649,-70.3143,231.6004,1179.661,780.0,100.4647,856.9219
weekly_series|series|3m|adx_di_cross|target_30pct,weekly_series,adx_di_cross,3m,target_30pct,False,48.529948,132,0.6667,-7.7883,30.0,27.9901,-79.3452,30.0,1012.5227,621.0,90.5824,714.6799
weekly_series|series|3m|adx_di_cross|trail_after_20pct_dd10pct,weekly_series,adx_di_cross,3m,trail_after_20pct_dd10pct,False,15.474264,139,0.7122,-3.8544,9.8976,24.4309,-73.8606,185.3891,877.8345,438.0,87.8625,714.6799
weekly_series|series|3m|adx_di_cross|trail_after_30pct_dd15pct,weekly_series,adx_di_cross,3m,trail_after_30pct_dd15pct,False,18.189474,120,0.625,-4.99,13.4408,37.9416,-76.5426,227.2441,1161.025,765.0,93.7928,714.6799
weekly_series|series|5m|adx_di_cross|target_30pct,weekly_series,adx_di_cross,5m,target_30pct,False,55.447136,92,0.6957,-1.0408,30.0,28.6993,-69.0183,30.0,781.9022,380.0,90.981,703.5935
weekly_series|series|5m|adx_di_cross|trail_after_20pct_dd10pct,weekly_series,adx_di_cross,5m,trail_after_20pct_dd10pct,False,17.037878,95,0.6842,0.1236,9.0105,28.053,-60.3901,232.0053,723.0526,375.0,89.9951,703.5935
weekly_series|series|5m|adx_di_cross|trail_after_30pct_dd15pct,weekly_series,adx_di_cross,5m,trail_after_30pct_dd15pct,False,23.308672,88,0.6477,2.1039,11.9596,38.167,-64.2055,232.0053,918.8636,562.5,91.7341,703.5935
weekly_series|series|10m|adx_di_cross|target_30pct,weekly_series,adx_di_cross,10m,target_30pct,False,49.4405,65,0.6769,-1.4167,30.0,29.389,-65.9621,30.0,867.2308,560.0,102.2147,811.4004
weekly_series|series|10m|adx_di_cross|trail_after_20pct_dd10pct,weekly_series,adx_di_cross,10m,trail_after_20pct_dd10pct,False,20.66991,68,0.7059,2.1624,10.0845,25.77,-54.4959,145.6645,719.1176,375.0,100.1072,811.4004
weekly_series|series|10m|adx_di_cross|trail_after_30pct_dd15pct,weekly_series,adx_di_cross,10m,trail_after_30pct_dd15pct,False,30.379034,64,0.6719,2.9151,16.1086,37.0947,-67.0716,193.1521,977.9688,695.0,103.4595,811.4004
weekly_series|series|15m|adx_di_cross|target_30pct,weekly_series,adx_di_cross,15m,target_30pct,False,25.798149,34,0.5882,-14.1595,30.0,30.0,-77.2445,30.0,948.0882,480.0,88.0664,287.8762
weekly_series|series|15m|adx_di_cross|trail_after_20pct_dd10pct,weekly_series,adx_di_cross,15m,trail_after_20pct_dd10pct,False,6.0649,36,0.5833,-4.3072,7.6706,41.4772,-68.4054,102.4257,885.0,375.0,84.9511,287.8762
weekly_series|series|15m|adx_di_cross|trail_after_30pct_dd15pct,weekly_series,adx_di_cross,15m,trail_after_30pct_dd15pct,False,6.964159,34,0.5588,-4.1053,8.5791,49.7332,-72.3007,113.8148,1042.9412,667.5,88.0664,287.8762
weekly_series|series|30m|adx_di_cross|target_30pct,weekly_series,adx_di_cross,30m,target_30pct,False,21.914099,18,0.6111,-14.5527,30.0,28.422,-82.0844,30.0,960.0,375.0,141.3213,709.0307
weekly_series|series|30m|adx_di_cross|trail_after_20pct_dd10pct,weekly_series,adx_di_cross,30m,trail_after_20pct_dd10pct,False,16.748103,18,0.6111,-4.5469,18.5444,38.4019,-72.0379,61.6216,926.6667,435.0,141.3213,709.0307
weekly_series|series|30m|adx_di_cross|trail_after_30pct_dd15pct,weekly_series,adx_di_cross,30m,trail_after_30pct_dd15pct,False,11.708853,18,0.6111,-5.45,14.4788,43.3173,-82.0844,114.217,1016.6667,435.0,141.3213,709.0307
monthly_series|series|3m|macd_zero|target_30pct,monthly_series,macd_zero,3m,target_30pct,False,32.786294,65,0.6,-12.3936,30.0,28.4971,-73.7297,30.0,3884.2154,2130.0,84.6194,478.4526
monthly_series|series|3m|macd_zero|trail_after_20pct_dd10pct,monthly_series,macd_zero,3m,trail_after_20pct_dd10pct,False,12.638445,83,0.6386,-2.9433,9.4066,32.3118,-65.2272,191.6225,3060.8313,1266.0,75.3814,478.4526
monthly_series|series|3m|macd_zero|trail_after_30pct_dd15pct,monthly_series,macd_zero,3m,trail_after_30pct_dd15pct,False,8.851384,66,0.5606,-5.656,10.0292,42.8364,-67.5256,191.6225,3915.1818,2200.5,86.9725,478.4526
monthly_series|series|5m|macd_zero|target_30pct,monthly_series,macd_zero,5m,target_30pct,False,43.874723,74,0.6622,-6.6351,30.0,29.0445,-76.5669,30.0,3180.7432,1135.0,124.855,940.8602
monthly_series|series|5m|macd_zero|trail_after_20pct_dd10pct,monthly_series,macd_zero,5m,trail_after_20pct_dd10pct,False,16.960294,87,0.6782,-2.2177,10.7875,30.0053,-70.1163,191.0163,2781.2644,1080.0,116.2286,940.8602
monthly_series|series|5m|macd_zero|trail_after_30pct_dd15pct,monthly_series,macd_zero,5m,trail_after_30pct_dd15pct,False,14.265698,71,0.6056,-4.5419,12.2081,37.2506,-68.7234,174.9458,3482.1831,1915.0,129.2252,940.8602
monthly_series|series|10m|macd_zero|target_30pct,monthly_series,macd_zero,10m,target_30pct,False,33.225429,66,0.5909,-11.568,30.0,29.7937,-71.3125,30.0,3452.8788,1085.0,97.3252,582.2445
monthly_series|series|10m|macd_zero|trail_after_20pct_dd10pct,monthly_series,macd_zero,10m,trail_after_20pct_dd10pct,False,7.197375,76,0.6184,-7.9576,9.7707,30.2183,-69.8288,158.0537,2978.4211,1290.0,90.5756,582.2445
monthly_series|series|10m|macd_zero|trail_after_30pct_dd15pct,monthly_series,macd_zero,10m,trail_after_30pct_dd15pct,False,4.114139,67,0.5672,-8.7133,8.6739,36.0702,-67.3953,141.6107,3530.0,1750.0,98.0281,582.2445
monthly_series|series|15m|macd_zero|target_30pct,monthly_series,macd_zero,15m,target_30pct,False,32.056407,63,0.5873,-12.1891,30.0,29.5393,-71.5717,30.0,3345.0,1500.0,88.4654,691.4465
monthly_series|series|15m|macd_zero|trail_after_20pct_dd10pct,monthly_series,macd_zero,15m,trail_after_20pct_dd10pct,False,4.986574,74,0.5811,-8.5071,8.984,30.601,-62.7539,149.5619,2890.5405,1312.5,86.1011,691.4465
monthly_series|series|15m|macd_zero|trail_after_30pct_dd15pct,monthly_series,macd_zero,15m,trail_after_30pct_dd15pct,False,-0.264294,62,0.5323,-10.0535,6.5026,39.5845,-66.5381,133.4502,3644.7581,1950.0,89.1083,691.4465
monthly_series|series|30m|macd_zero|target_30pct,monthly_series,macd_zero,30m,target_30pct,False,34.171654,52,0.6154,-10.0356,30.0,27.4195,-69.9639,30.0,3030.5769,1005.0,78.9973,447.8589
monthly_series|series|30m|macd_zero|trail_after_20pct_dd10pct,monthly_series,macd_zero,30m,trail_after_20pct_dd10pct,False,13.810783,58,0.6724,-2.5071,10.0668,26.7618,-62.5854,80.3803,2465.6897,930.0,76.2945,447.8589
monthly_series|series|30m|macd_zero|trail_after_30pct_dd15pct,monthly_series,macd_zero,30m,trail_after_30pct_dd15pct,False,-3.639168,51,0.5294,-11.7724,4.9487,34.3287,-63.6361,108.7608,3321.1765,1560.0,79.8039,447.8589
monthly_series|series|3m|rsi_50_cross|target_30pct,monthly_series,rsi_50_cross,3m,target_30pct,False,37.970736,70,0.6286,-9.5732,30.0,28.6053,-74.183,30.0,3658.1571,2086.5,82.9964,485.7624
monthly_series|series|3m|rsi_50_cross|trail_after_20pct_dd10pct,monthly_series,rsi_50_cross,3m,trail_after_20pct_dd10pct,False,12.425741,84,0.631,-2.0002,8.721,33.5185,-62.7258,198.4265,3074.7143,1492.5,75.6949,485.7624
monthly_series|series|3m|rsi_50_cross|trail_after_30pct_dd15pct,monthly_series,rsi_50_cross,3m,trail_after_30pct_dd15pct,False,11.481614,70,0.6,-4.2201,10.2954,39.7075,-70.1115,198.4265,3735.8571,2076.0,83.4922,485.7624
monthly_series|series|5m|rsi_50_cross|target_30pct,monthly_series,rsi_50_cross,5m,target_30pct,False,38.953618,72,0.625,-8.6835,30.0,29.3358,-72.0491,30.0,3441.9444,1507.5,88.8037,473.4433
monthly_series|series|5m|rsi_50_cross|trail_after_20pct_dd10pct,monthly_series,rsi_50_cross,5m,trail_after_20pct_dd10pct,False,11.324207,84,0.631,-3.8065,9.2703,31.2044,-63.6639,171.5092,3003.75,1392.5,78.8811,473.4433
monthly_series|series|5m|rsi_50_cross|trail_after_30pct_dd15pct,monthly_series,rsi_50_cross,5m,trail_after_30pct_dd15pct,False,7.185315,68,0.5588,-7.0007,9.7286,39.1507,-65.4593,153.8787,3759.4118,2300.0,89.782,473.4433
monthly_series|series|10m|rsi_50_cross|target_30pct,monthly_series,rsi_50_cross,10m,target_30pct,False,40.839444,72,0.6389,-7.7537,30.0,29.3412,-73.383,30.0,3290.9722,1385.0,95.8743,826.7511
monthly_series|series|10m|rsi_50_cross|trail_after_20pct_dd10pct,monthly_series,rsi_50_cross,10m,trail_after_20pct_dd10pct,False,10.658915,86,0.6628,-4.039,8.6943,29.2643,-69.4973,184.0888,2827.093,1315.0,89.1834,826.7511
monthly_series|series|10m|rsi_50_cross|trail_after_30pct_dd15pct,monthly_series,rsi_50_cross,10m,trail_after_30pct_dd15pct,False,5.901488,69,0.5797,-7.4411,8.9544,36.0814,-67.4721,165.9869,3600.1449,2000.0,99.551,826.7511
monthly_series|series|15m|rsi_50_cross|target_30pct,monthly_series,rsi_50_cross,15m,target_30pct,False,44.825226,75,0.6533,-5.3915,30.0,29.7111,-71.5463,30.0,3067.2,1035.0,112.1308,798.8571
monthly_series|series|15m|rsi_50_cross|trail_after_20pct_dd10pct,monthly_series,rsi_50_cross,15m,trail_after_20pct_dd10pct,False,19.082407,91,0.6703,-0.6617,10.9342,30.9722,-64.9838,177.4026,2588.7363,1065.0,102.5365,798.8571
monthly_series|series|15m|rsi_50_cross|trail_after_30pct_dd15pct,monthly_series,rsi_50_cross,15m,trail_after_30pct_dd15pct,False,15.533059,75,0.6,-1.2605,10.8034,41.3882,-65.2336,234.7928,3238.0,1665.0,112.8062,798.8571
monthly_series|series|30m|rsi_50_cross|target_30pct,monthly_series,rsi_50_cross,30m,target_30pct,False,40.393739,69,0.6377,-7.7263,30.0,29.2132,-72.7399,30.0,2895.2174,870.0,89.9997,542.0408
monthly_series|series|30m|rsi_50_cross|trail_after_20pct_dd10pct,monthly_series,rsi_50_cross,30m,trail_after_20pct_dd10pct,False,14.858015,83,0.6506,-1.7591,9.7631,30.4625,-61.7578,182.7206,2444.0964,1050.0,97.7354,542.0408
monthly_series|series|30m|rsi_50_cross|trail_after_30pct_dd15pct,monthly_series,rsi_50_cross,30m,trail_after_30pct_dd15pct,False,16.770705,65,0.5846,-3.466,13.7227,43.3146,-69.3053,174.0126,3345.2308,1740.0,93.7636,542.0408
monthly_series|series|3m|roc_zero|target_30pct,monthly_series,roc_zero,3m,target_30pct,False,43.801311,76,0.6711,-7.4362,30.0,27.5676,-78.844,30.0,3516.9079,1716.0,79.4701,475.3146
monthly_series|series|3m|roc_zero|trail_after_20pct_dd10pct,monthly_series,roc_zero,3m,trail_after_20pct_dd10pct,False,12.604881,86,0.6628,-1.3243,7.9802,31.8728,-66.5737,203.6577,3115.3605,1378.5,74.3314,475.3146
monthly_series|series|3m|roc_zero|trail_after_30pct_dd15pct,monthly_series,roc_zero,3m,trail_after_30pct_dd15pct,False,14.427722,70,0.6,-1.8352,10.6253,43.3126,-69.5569,203.6577,3841.7143,2046.0,79.0118,475.3146
monthly_series|series|5m|roc_zero|target_30pct,monthly_series,roc_zero,5m,target_30pct,False,39.832226,72,0.6389,-8.6723,30.0,28.3747,-74.217,30.0,3688.4028,1880.0,74.8755,471.2016
monthly_series|series|5m|roc_zero|trail_after_20pct_dd10pct,monthly_series,roc_zero,5m,trail_after_20pct_dd10pct,False,10.986433,86,0.6395,-2.8138,8.2873,31.4111,-63.5355,199.4964,3096.686,1307.5,73.4918,471.2016
monthly_series|series|5m|roc_zero|trail_after_30pct_dd15pct,monthly_series,roc_zero,5m,trail_after_30pct_dd15pct,False,11.941483,67,0.5821,-4.6927,11.2315,41.2651,-68.7054,183.7265,3999.8507,2400.0,77.2184,471.2016
monthly_series|series|10m|roc_zero|target_30pct,monthly_series,roc_zero,10m,target_30pct,False,37.399076,69,0.6232,-9.6867,30.0,29.297,-74.1599,30.0,3728.1159,2100.0,73.2621,494.2735
monthly_series|series|10m|roc_zero|trail_after_20pct_dd10pct,monthly_series,roc_zero,10m,trail_after_20pct_dd10pct,False,10.827744,84,0.619,-4.0019,9.2302,32.8937,-63.9574,181.8589,3093.8095,1345.0,68.8483,494.2735
monthly_series|series|10m|roc_zero|trail_after_30pct_dd15pct,monthly_series,roc_zero,10m,trail_after_30pct_dd15pct,False,9.701447,66,0.5455,-6.3671,11.2942,43.644,-66.3805,181.8589,3985.1515,2180.0,76.7058,494.2735
monthly_series|series|15m|roc_zero|target_30pct,monthly_series,roc_zero,15m,target_30pct,False,44.404449,76,0.6579,-6.1549,30.0,28.9713,-73.7052,30.0,3335.5263,1372.5,111.5868,946.9218
monthly_series|series|15m|roc_zero|trail_after_20pct_dd10pct,monthly_series,roc_zero,15m,trail_after_20pct_dd10pct,False,21.255541,92,0.6739,2.3896,10.0048,35.8374,-66.7361,208.3662,2779.8913,1222.5,105.8426,946.9218
monthly_series|series|15m|roc_zero|trail_after_30pct_dd15pct,monthly_series,roc_zero,15m,trail_after_30pct_dd15pct,False,16.51406,72,0.5556,-0.0598,11.586,51.9771,-65.106,344.1909,3619.1667,1942.5,115.8043,946.9218
monthly_series|series|30m|roc_zero|target_30pct,monthly_series,roc_zero,30m,target_30pct,False,35.82884,68,0.6176,-10.7466,30.0,27.8818,-73.1462,30.0,3568.6765,1305.0,93.3281,926.2353
monthly_series|series|30m|roc_zero|trail_after_20pct_dd10pct,monthly_series,roc_zero,30m,trail_after_20pct_dd10pct,False,8.724471,84,0.631,-6.2007,9.3208,27.7207,-64.1953,181.8915,2881.7857,1185.0,89.072,926.2353
monthly_series|series|30m|roc_zero|trail_after_30pct_dd15pct,monthly_series,roc_zero,30m,trail_after_30pct_dd15pct,False,10.071745,68,0.6029,-4.4114,9.5167,40.308,-72.3186,333.4008,3659.1176,1935.0,94.3902,926.2353
monthly_series|series|3m|ema_9_21_cross|target_30pct,monthly_series,ema_9_21_cross,3m,target_30pct,False,35.863044,68,0.6176,-10.7139,30.0,28.6313,-74.2715,30.0,3734.1618,1882.5,85.8188,480.6263
monthly_series|series|3m|ema_9_21_cross|trail_after_20pct_dd10pct,monthly_series,ema_9_21_cross,3m,trail_after_20pct_dd10pct,False,14.91178,88,0.6477,-1.8945,9.8115,31.4921,-63.2826,191.5452,2898.375,1348.5,73.8414,480.6263
monthly_series|series|3m|ema_9_21_cross|trail_after_30pct_dd15pct,monthly_series,ema_9_21_cross,3m,trail_after_30pct_dd15pct,False,12.510953,67,0.5672,-5.2808,12.233,42.7067,-68.161,191.5452,3876.9851,2157.0,86.9484,480.6263
monthly_series|series|5m|ema_9_21_cross|target_30pct,monthly_series,ema_9_21_cross,5m,target_30pct,False,45.080469,76,0.6711,-6.3392,30.0,27.9577,-76.3048,30.0,3158.4211,1092.5,124.1381,1008.2343
monthly_series|series|5m|ema_9_21_cross|trail_after_20pct_dd10pct,monthly_series,ema_9_21_cross,5m,trail_after_20pct_dd10pct,False,18.631342,89,0.6629,-0.7716,10.9244,31.9612,-65.1459,187.8505,2749.4382,1105.0,113.4742,1008.2343
monthly_series|series|5m|ema_9_21_cross|trail_after_30pct_dd15pct,monthly_series,ema_9_21_cross,5m,trail_after_30pct_dd15pct,False,18.602949,75,0.6133,-3.6614,14.1143,36.8571,-67.9322,180.1105,3336.8,1845.0,125.7686,1008.2343
monthly_series|series|10m|ema_9_21_cross|target_30pct,monthly_series,ema_9_21_cross,10m,target_30pct,False,40.114129,72,0.6389,-8.4152,30.0,28.3593,-73.4778,30.0,3209.3056,1100.0,109.5828,795.6584
monthly_series|series|10m|ema_9_21_cross|trail_after_20pct_dd10pct,monthly_series,ema_9_21_cross,10m,trail_after_20pct_dd10pct,False,17.494725,91,0.6593,-2.8243,11.6634,29.1186,-64.6494,184.4075,2494.3956,960.0,100.4545,795.6584
monthly_series|series|10m|ema_9_21_cross|trail_after_30pct_dd15pct,monthly_series,ema_9_21_cross,10m,trail_after_30pct_dd15pct,False,13.896762,77,0.6364,-4.1958,11.1508,32.9785,-69.2508,166.0586,3053.2468,1510.0,107.3406,795.6584
monthly_series|series|15m|ema_9_21_cross|target_30pct,monthly_series,ema_9_21_cross,15m,target_30pct,False,34.432426,65,0.6,-10.7565,30.0,30.0,-71.8913,30.0,3456.9231,1485.0,92.5273,606.371
monthly_series|series|15m|ema_9_21_cross|trail_after_20pct_dd10pct,monthly_series,ema_9_21_cross,15m,trail_after_20pct_dd10pct,False,5.828415,79,0.6076,-6.8656,8.2255,29.4067,-63.0291,149.5619,2838.038,1155.0,88.3599,606.371
monthly_series|series|15m|ema_9_21_cross|trail_after_30pct_dd15pct,monthly_series,ema_9_21_cross,15m,trail_after_30pct_dd15pct,False,4.220541,65,0.5385,-5.3203,6.6647,46.0794,-65.2866,324.8016,3647.3077,1935.0,93.0833,606.371
monthly_series|series|30m|ema_9_21_cross|target_30pct,monthly_series,ema_9_21_cross,30m,target_30pct,False,40.535995,59,0.661,-7.5549,30.0,28.3462,-77.5623,30.0,2841.3559,1380.0,82.4889,458.1395
monthly_series|series|30m|ema_9_21_cross|trail_after_20pct_dd10pct,monthly_series,ema_9_21_cross,30m,trail_after_20pct_dd10pct,False,7.797887,66,0.6212,-6.113,9.0511,30.5787,-66.2874,101.1277,2525.0,1035.0,80.2378,458.1395
monthly_series|series|30m|ema_9_21_cross|trail_after_30pct_dd15pct,monthly_series,ema_9_21_cross,30m,trail_after_30pct_dd15pct,False,0.7368,59,0.5763,-9.1516,6.6215,34.2739,-68.2101,143.6941,3118.9831,1620.0,82.3307,458.1395
monthly_series|series|3m|cci_zero|target_30pct,monthly_series,cci_zero,3m,target_30pct,False,39.034319,71,0.6338,-8.9978,30.0,28.2579,-73.479,30.0,3690.2958,2058.0,75.4465,473.7982
monthly_series|series|3m|cci_zero|trail_after_20pct_dd10pct,monthly_series,cci_zero,3m,trail_after_20pct_dd10pct,False,9.518702,85,0.6235,-3.0472,7.7437,31.9949,-61.0857,198.913,3104.2235,1338.0,71.2299,473.7982
monthly_series|series|3m|cci_zero|trail_after_30pct_dd15pct,monthly_series,cci_zero,3m,trail_after_30pct_dd15pct,False,12.183832,68,0.5882,-4.2925,11.0152,40.9552,-68.932,198.913,3900.7059,2358.0,77.482,473.7982
monthly_series|series|5m|cci_zero|target_30pct,monthly_series,cci_zero,5m,target_30pct,False,38.114488,69,0.6377,-9.8295,30.0,28.0518,-76.5006,30.0,3750.1449,2335.0,82.9745,473.4377
monthly_series|series|5m|cci_zero|trail_after_20pct_dd10pct,monthly_series,cci_zero,5m,trail_after_20pct_dd10pct,False,9.586968,90,0.6444,-3.5384,7.8558,29.6773,-63.742,199.4964,2897.7778,1150.0,70.9015,473.4377
monthly_series|series|5m|cci_zero|trail_after_30pct_dd15pct,monthly_series,cci_zero,5m,trail_after_30pct_dd15pct,False,8.531164,65,0.5538,-5.274,9.6441,44.7782,-67.4077,183.7265,4060.3846,2420.0,86.1477,473.4377
monthly_series|series|10m|cci_zero|target_30pct,monthly_series,cci_zero,10m,target_30pct,False,46.630525,77,0.6753,-5.3763,30.0,28.5333,-75.9081,30.0,3156.1039,1170.0,123.5256,960.5984
monthly_series|series|10m|cci_zero|trail_after_20pct_dd10pct,monthly_series,cci_zero,10m,trail_after_20pct_dd10pct,False,17.749132,90,0.7,-0.89,9.9618,29.9112,-72.7597,189.3697,2763.0,1000.0,114.2408,960.5984
monthly_series|series|10m|cci_zero|trail_after_30pct_dd15pct,monthly_series,cci_zero,10m,trail_after_30pct_dd15pct,False,16.246144,77,0.6104,-2.6662,11.9593,37.8686,-66.1706,170.9313,3280.0,1540.0,127.1952,960.5984
monthly_series|series|15m|cci_zero|target_30pct,monthly_series,cci_zero,15m,target_30pct,False,38.05057,68,0.6324,-9.4739,30.0,28.9178,-75.5077,30.0,3535.1471,1252.5,119.2218,940.8602
monthly_series|series|15m|cci_zero|trail_after_20pct_dd10pct,monthly_series,cci_zero,15m,trail_after_20pct_dd10pct,False,10.311333,78,0.6282,-4.6249,9.3442,33.31,-68.7218,185.2183,3145.5769,1357.5,112.2942,940.8602
monthly_series|series|15m|cci_zero|trail_after_30pct_dd15pct,monthly_series,cci_zero,15m,trail_after_30pct_dd15pct,False,10.848692,66,0.5606,-4.0403,10.3643,46.4043,-68.4006,339.6304,3800.2273,1950.0,120.8536,940.8602
monthly_series|series|30m|cci_zero|target_30pct,monthly_series,cci_zero,30m,target_30pct,False,30.05703,61,0.5738,-13.2695,30.0,29.7392,-71.1658,30.0,3622.1311,1740.0,91.3065,640.4531
monthly_series|series|30m|cci_zero|trail_after_20pct_dd10pct,monthly_series,cci_zero,30m,trail_after_20pct_dd10pct,False,1.504051,70,0.6143,-9.6993,7.4235,28.9084,-71.1857,166.4133,3173.5714,1455.0,84.3156,640.4531
monthly_series|series|30m|cci_zero|trail_after_30pct_dd15pct,monthly_series,cci_zero,30m,trail_after_30pct_dd15pct,False,-2.011065,61,0.541,-9.7576,5.0039,39.6639,-68.0042,166.4133,3780.0,2070.0,92.069,640.4531
monthly_series|series|3m|adx_di_cross|target_30pct,monthly_series,adx_di_cross,3m,target_30pct,False,38.17235,52,0.6346,-7.1238,30.0,29.1091,-70.0545,30.0,2890.2692,1312.5,120.3104,897.2367
monthly_series|series|3m|adx_di_cross|trail_after_20pct_dd10pct,monthly_series,adx_di_cross,3m,trail_after_20pct_dd10pct,False,12.445639,61,0.6557,-1.2177,8.4768,30.2901,-61.2325,176.6187,2358.8852,951.0,107.2316,897.2367
monthly_series|series|3m|adx_di_cross|trail_after_30pct_dd15pct,monthly_series,adx_di_cross,3m,trail_after_30pct_dd15pct,False,9.595032,49,0.5918,-5.9432,10.8696,35.6259,-66.2185,158.9928,3141.9796,1668.0,125.9949,897.2367
monthly_series|series|5m|adx_di_cross|target_30pct,monthly_series,adx_di_cross,5m,target_30pct,False,22.574679,46,0.5652,-14.0995,26.6895,27.4909,-68.1671,30.0,3442.2826,1835.0,60.0449,335.586
monthly_series|series|5m|adx_di_cross|trail_after_20pct_dd10pct,monthly_series,adx_di_cross,5m,trail_after_20pct_dd10pct,False,11.955391,61,0.6557,-0.0521,7.3978,28.157,-53.7838,156.6667,2395.6557,1120.0,67.4425,335.586
monthly_series|series|5m|adx_di_cross|trail_after_30pct_dd15pct,monthly_series,adx_di_cross,5m,trail_after_30pct_dd15pct,False,3.131654,45,0.5556,-8.5103,8.1272,38.6642,-67.4784,140.0,3550.7778,1910.0,64.643,335.586
monthly_series|series|10m|adx_di_cross|target_30pct,monthly_series,adx_di_cross,10m,target_30pct,False,26.702666,37,0.5946,-14.1357,30.0,26.9334,-74.3704,30.0,3046.2162,1670.0,52.9125,231.581
monthly_series|series|10m|adx_di_cross|trail_after_20pct_dd10pct,monthly_series,adx_di_cross,10m,trail_after_20pct_dd10pct,False,0.430145,39,0.6667,-11.901,8.2255,17.4506,-70.6043,82.8598,2515.641,1390.0,53.0712,231.581
monthly_series|series|10m|adx_di_cross|trail_after_30pct_dd15pct,monthly_series,adx_di_cross,10m,trail_after_30pct_dd15pct,False,-3.814877,37,0.6216,-13.6391,6.2808,22.7675,-73.4501,94.572,2858.1081,1680.0,54.5661,231.581
monthly_series|series|15m|adx_di_cross|target_30pct,monthly_series,adx_di_cross,15m,target_30pct,False,39.999956,33,0.6667,-2.4654,30.0,28.4422,-64.2805,30.0,3002.7273,1575.0,74.4934,362.4
monthly_series|series|15m|adx_di_cross|trail_after_20pct_dd10pct,monthly_series,adx_di_cross,15m,trail_after_20pct_dd10pct,False,0.438745,34,0.5882,-5.348,3.915,28.0697,-53.0876,82.8598,2730.4412,1027.5,72.5436,362.4
monthly_series|series|15m|adx_di_cross|trail_after_30pct_dd15pct,monthly_series,adx_di_cross,15m,trail_after_30pct_dd15pct,False,5.228306,32,0.5625,-5.0697,7.8103,32.5103,-53.3869,74.8328,3092.8125,1762.5,75.4362,362.4
monthly_series|series|30m|adx_di_cross|target_30pct,monthly_series,adx_di_cross,30m,target_30pct,False,-1.738757,20,0.5,-14.3535,7.6653,28.6142,-57.3212,30.0,3010.5,1395.0,67.1255,393.0069
monthly_series|series|30m|adx_di_cross|trail_after_20pct_dd10pct,monthly_series,adx_di_cross,30m,trail_after_20pct_dd10pct,False,-4.403614,21,0.5714,-13.5159,4.8552,17.3051,-54.6107,53.4,2174.2857,990.0,65.5164,393.0069
monthly_series|series|30m|adx_di_cross|trail_after_30pct_dd15pct,monthly_series,adx_di_cross,30m,trail_after_30pct_dd15pct,False,-13.011631,20,0.4,-21.8783,-3.2219,22.7935,-51.6596,43.3842,3102.0,1560.0,67.1255,393.0069
weekly_expiry_day|expiry_day|1m|macd_zero|target_10pct,weekly_expiry_day,macd_zero,1m,target_10pct,True,11.320387,237,0.7342,-7.956,10.0,9.7903,-56.9695,10.0,77.6582,20.0,64.2654,1732.7273
weekly_expiry_day|expiry_day|1m|macd_zero|target_20pct,weekly_expiry_day,macd_zero,1m,target_20pct,True,16.585522,179,0.5866,-16.3883,20.0,18.2725,-65.5692,20.0,131.6872,91.0,77.8734,1732.7273
weekly_expiry_day|expiry_day|1m|macd_zero|trail_after_10pct_dd5pct,weekly_expiry_day,macd_zero,1m,trail_after_10pct_dd5pct,True,-2.745299,237,0.6329,-8.181,4.1329,12.0268,-43.0221,64.8699,81.3713,23.0,64.2564,1732.7273
weekly_expiry_day|expiry_day|3m|macd_zero|target_10pct,weekly_expiry_day,macd_zero,3m,target_10pct,True,9.841354,105,0.6476,-6.8533,10.0,9.8763,-37.5997,10.0,70.4571,33.0,62.8809,1114.4578
weekly_expiry_day|expiry_day|3m|macd_zero|target_20pct,weekly_expiry_day,macd_zero,3m,target_20pct,True,-15.171343,95,0.4947,-16.7694,-0.0187,18.0261,-50.8399,20.0,107.9053,96.0,64.0547,1114.4578
weekly_expiry_day|expiry_day|3m|macd_zero|trail_after_10pct_dd5pct,weekly_expiry_day,macd_zero,3m,trail_after_10pct_dd5pct,True,-7.587459,105,0.4952,-8.2139,0.0,13.2905,-29.3126,63.6995,74.7429,39.0,62.8809,1114.4578
weekly_expiry_day|expiry_day|5m|macd_zero|target_10pct,weekly_expiry_day,macd_zero,5m,target_10pct,True,15.039678,53,0.6604,-0.7272,10.0,9.1847,-20.0005,10.0,57.9245,25.0,63.7916,850.9434
weekly_expiry_day|expiry_day|5m|macd_zero|target_20pct,weekly_expiry_day,macd_zero,5m,target_20pct,True,6.678183,53,0.6038,-1.7261,5.7719,16.152,-28.9688,20.0,72.0755,65.0,63.7916,850.9434
weekly_expiry_day|expiry_day|5m|macd_zero|trail_after_10pct_dd5pct,weekly_expiry_day,macd_zero,5m,trail_after_10pct_dd5pct,True,1.031759,53,0.4717,2.1504,-0.5197,22.5191,-16.036,211.8527,63.3962,40.0,63.7916,850.9434
weekly_expiry_day|expiry_day|10m|macd_zero|target_10pct,weekly_expiry_day,macd_zero,10m,target_10pct,True,-inf,0,0.0,0.0,0.0,0.0,0.0,0.0,0.0,0.0,0.0,0.0
weekly_expiry_day|expiry_day|10m|macd_zero|target_20pct,weekly_expiry_day,macd_zero,10m,target_20pct,True,-inf,0,0.0,0.0,0.0,0.0,0.0,0.0,0.0,0.0,0.0,0.0
weekly_expiry_day|expiry_day|10m|macd_zero|trail_after_10pct_dd5pct,weekly_expiry_day,macd_zero,10m,trail_after_10pct_dd5pct,True,-inf,0,0.0,0.0,0.0,0.0,0.0,0.0,0.0,0.0,0.0,0.0
weekly_expiry_day|expiry_day|15m|macd_zero|target_10pct,weekly_expiry_day,macd_zero,15m,target_10pct,True,-inf,0,0.0,0.0,0.0,0.0,0.0,0.0,0.0,0.0,0.0,0.0
weekly_expiry_day|expiry_day|15m|macd_zero|target_20pct,weekly_expiry_day,macd_zero,15m,target_20pct,True,-inf,0,0.0,0.0,0.0,0.0,0.0,0.0,0.0,0.0,0.0,0.0
weekly_expiry_day|expiry_day|15m|macd_zero|trail_after_10pct_dd5pct,weekly_expiry_day,macd_zero,15m,trail_after_10pct_dd5pct,True,-inf,0,0.0,0.0,0.0,0.0,0.0,0.0,0.0,0.0,0.0,0.0
weekly_expiry_day|expiry_day|1m|rsi_50_cross|target_10pct,weekly_expiry_day,rsi_50_cross,1m,target_10pct,True,10.113702,338,0.7367,-9.109,10.0,9.9322,-62.3814,10.0,83.142,15.0,87.5863,1186.6242
weekly_expiry_day|expiry_day|1m|rsi_50_cross|target_20pct,weekly_expiry_day,rsi_50_cross,1m,target_20pct,True,24.156495,229,0.6332,-12.4617,20.0,19.1406,-67.0134,20.0,133.1659,67.0,103.8787,1186.6242
weekly_expiry_day|expiry_day|1m|rsi_50_cross|trail_after_10pct_dd5pct,weekly_expiry_day,rsi_50_cross,1m,trail_after_10pct_dd5pct,True,-4.921141,339,0.6283,-9.5876,4.1522,11.2549,-44.8214,51.6192,85.5192,18.0,87.363,1186.6242
weekly_expiry_day|expiry_day|3m|rsi_50_cross|target_10pct,weekly_expiry_day,rsi_50_cross,3m,target_10pct,True,3.31114,192,0.6875,-12.7121,10.0,9.7188,-62.0602,10.0,90.8281,30.0,72.7062,1580.0
weekly_expiry_day|expiry_day|3m|rsi_50_cross|target_20pct,weekly_expiry_day,rsi_50_cross,3m,target_20pct,True,-17.264238,143,0.5315,-22.5329,4.1288,17.8729,-68.3663,20.0,143.2867,135.0,74.8235,1580.0
weekly_expiry_day|expiry_day|3m|rsi_50_cross|trail_after_10pct_dd5pct,weekly_expiry_day,rsi_50_cross,3m,trail_after_10pct_dd5pct,True,-11.920814,192,0.5521,-11.9031,1.0974,15.7543,-45.9925,114.177,94.9531,39.0,72.7062,1580.0
weekly_expiry_day|expiry_day|5m|rsi_50_cross|target_10pct,weekly_expiry_day,rsi_50_cross,5m,target_10pct,True,11.285199,138,0.7029,-6.8658,10.0,9.7114,-46.0852,10.0,65.7971,20.0,66.598,1300.0
weekly_expiry_day|expiry_day|5m|rsi_50_cross|target_20pct,weekly_expiry_day,rsi_50_cross,5m,target_20pct,True,21.271287,114,0.6053,-11.4846,20.0,17.5951,-56.0735,20.0,103.8596,77.5,73.4272,1300.0
weekly_expiry_day|expiry_day|5m|rsi_50_cross|trail_after_10pct_dd5pct,weekly_expiry_day,rsi_50_cross,5m,trail_after_10pct_dd5pct,True,-4.015386,138,0.5072,-5.158,0.7647,21.1693,-32.2597,211.8527,70.4348,25.0,66.598,1300.0
weekly_expiry_day|expiry_day|10m|rsi_50_cross|target_10pct,weekly_expiry_day,rsi_50_cross,10m,target_10pct,True,-inf,0,0.0,0.0,0.0,0.0,0.0,0.0,0.0,0.0,0.0,0.0
weekly_expiry_day|expiry_day|10m|rsi_50_cross|target_20pct,weekly_expiry_day,rsi_50_cross,10m,target_20pct,True,-inf,0,0.0,0.0,0.0,0.0,0.0,0.0,0.0,0.0,0.0,0.0
weekly_expiry_day|expiry_day|10m|rsi_50_cross|trail_after_10pct_dd5pct,weekly_expiry_day,rsi_50_cross,10m,trail_after_10pct_dd5pct,True,-inf,0,0.0,0.0,0.0,0.0,0.0,0.0,0.0,0.0,0.0,0.0
weekly_expiry_day|expiry_day|15m|rsi_50_cross|target_10pct,weekly_expiry_day,rsi_50_cross,15m,target_10pct,True,-inf,0,0.0,0.0,0.0,0.0,0.0,0.0,0.0,0.0,0.0,0.0
weekly_expiry_day|expiry_day|15m|rsi_50_cross|target_20pct,weekly_expiry_day,rsi_50_cross,15m,target_20pct,True,-inf,0,0.0,0.0,0.0,0.0,0.0,0.0,0.0,0.0,0.0,0.0
weekly_expiry_day|expiry_day|15m|rsi_50_cross|trail_after_10pct_dd5pct,weekly_expiry_day,rsi_50_cross,15m,trail_after_10pct_dd5pct,True,-inf,0,0.0,0.0,0.0,0.0,0.0,0.0,0.0,0.0,0.0,0.0
weekly_expiry_day|expiry_day|1m|roc_zero|target_10pct,weekly_expiry_day,roc_zero,1m,target_10pct,True,8.690455,359,0.7409,-10.0181,10.0,9.6598,-66.3014,10.0,91.5265,15.0,88.9692,1569.4215
weekly_expiry_day|expiry_day|1m|roc_zero|target_20pct,weekly_expiry_day,roc_zero,1m,target_20pct,True,22.153025,241,0.6224,-13.7888,20.0,18.9429,-67.7423,20.0,143.6515,68.0,108.3067,1569.4215
weekly_expiry_day|expiry_day|1m|roc_zero|trail_after_10pct_dd5pct,weekly_expiry_day,roc_zero,1m,trail_after_10pct_dd5pct,True,-4.574438,352,0.6392,-9.7921,4.4949,12.6943,-49.6304,124.6154,95.6278,20.0,90.2323,1569.4215
weekly_expiry_day|expiry_day|3m|roc_zero|target_10pct,weekly_expiry_day,roc_zero,3m,target_10pct,True,12.238703,302,0.7384,-7.7479,10.0,9.767,-57.1887,10.0,77.2848,15.0,81.2561,1555.7377
weekly_expiry_day|expiry_day|3m|roc_zero|target_20pct,weekly_expiry_day,roc_zero,3m,target_20pct,True,21.762998,210,0.6095,-13.3206,20.0,18.9682,-63.7225,20.0,128.4286,58.5,92.9504,1555.7377
weekly_expiry_day|expiry_day|3m|roc_zero|trail_after_10pct_dd5pct,weekly_expiry_day,roc_zero,3m,trail_after_10pct_dd5pct,True,-4.276013,302,0.5728,-7.0124,2.4974,15.7995,-37.605,137.7049,80.394,21.0,81.4095,1555.7377
weekly_expiry_day|expiry_day|5m|roc_zero|target_10pct,weekly_expiry_day,roc_zero,5m,target_10pct,True,6.01147,218,0.6881,-10.9472,10.0,9.8953,-56.9234,10.0,87.6606,30.0,70.6969,1668.4211
weekly_expiry_day|expiry_day|5m|roc_zero|target_20pct,weekly_expiry_day,roc_zero,5m,target_20pct,True,-1.6394,165,0.5515,-18.58,11.4175,18.4158,-64.075,20.0,139.3333,125.0,79.037,1668.4211
weekly_expiry_day|expiry_day|5m|roc_zero|trail_after_10pct_dd5pct,weekly_expiry_day,roc_zero,5m,trail_after_10pct_dd5pct,True,-9.790922,217,0.47,-9.6721,0.0,21.8544,-37.6347,444.4444,91.9816,35.0,71.0283,1668.4211
weekly_expiry_day|expiry_day|10m|roc_zero|target_10pct,weekly_expiry_day,roc_zero,10m,target_10pct,True,-inf,0,0.0,0.0,0.0,0.0,0.0,0.0,0.0,0.0,0.0,0.0
weekly_expiry_day|expiry_day|10m|roc_zero|target_20pct,weekly_expiry_day,roc_zero,10m,target_20pct,True,-inf,0,0.0,0.0,0.0,0.0,0.0,0.0,0.0,0.0,0.0,0.0
weekly_expiry_day|expiry_day|10m|roc_zero|trail_after_10pct_dd5pct,weekly_expiry_day,roc_zero,10m,trail_after_10pct_dd5pct,True,-inf,0,0.0,0.0,0.0,0.0,0.0,0.0,0.0,0.0,0.0,0.0
weekly_expiry_day|expiry_day|15m|roc_zero|target_10pct,weekly_expiry_day,roc_zero,15m,target_10pct,True,-inf,0,0.0,0.0,0.0,0.0,0.0,0.0,0.0,0.0,0.0,0.0
weekly_expiry_day|expiry_day|15m|roc_zero|target_20pct,weekly_expiry_day,roc_zero,15m,target_20pct,True,-inf,0,0.0,0.0,0.0,0.0,0.0,0.0,0.0,0.0,0.0,0.0
weekly_expiry_day|expiry_day|15m|roc_zero|trail_after_10pct_dd5pct,weekly_expiry_day,roc_zero,15m,trail_after_10pct_dd5pct,True,-inf,0,0.0,0.0,0.0,0.0,0.0,0.0,0.0,0.0,0.0,0.0
weekly_expiry_day|expiry_day|1m|ema_9_21_cross|target_10pct,weekly_expiry_day,ema_9_21_cross,1m,target_10pct,True,11.924617,275,0.7418,-7.8496,10.0,9.8001,-58.5612,10.0,77.2764,19.0,73.4453,1192.3077
weekly_expiry_day|expiry_day|1m|ema_9_21_cross|target_20pct,weekly_expiry_day,ema_9_21_cross,1m,target_20pct,True,20.935987,199,0.608,-13.7523,20.0,18.8103,-64.266,20.0,131.4975,69.0,86.3572,1192.3077
weekly_expiry_day|expiry_day|1m|ema_9_21_cross|trail_after_10pct_dd5pct,weekly_expiry_day,ema_9_21_cross,1m,trail_after_10pct_dd5pct,True,-3.810967,275,0.6473,-8.9938,4.25,10.2092,-44.2324,56.5152,81.3055,23.0,73.4453,1192.3077
weekly_expiry_day|expiry_day|3m|ema_9_21_cross|target_10pct,weekly_expiry_day,ema_9_21_cross,3m,target_10pct,True,9.604586,126,0.6746,-7.6523,10.0,9.8957,-44.0323,10.0,84.6905,37.5,64.0412,1382.3529
weekly_expiry_day|expiry_day|3m|ema_9_21_cross|target_20pct,weekly_expiry_day,ema_9_21_cross,3m,target_20pct,True,-14.793886,113,0.5221,-17.2791,1.5482,17.8505,-55.6614,20.0,126.0265,120.0,67.3349,1382.3529
weekly_expiry_day|expiry_day|3m|ema_9_21_cross|trail_after_10pct_dd5pct,weekly_expiry_day,ema_9_21_cross,3m,trail_after_10pct_dd5pct,True,-4.17869,126,0.5317,-7.6849,2.4193,14.462,-32.8348,105.0091,88.6905,39.0,64.0412,1382.3529
weekly_expiry_day|expiry_day|5m|ema_9_21_cross|target_10pct,weekly_expiry_day,ema_9_21_cross,5m,target_10pct,True,8.975068,71,0.6338,-6.7221,10.0,9.229,-34.3296,10.0,69.507,25.0,51.8974,712.9032
weekly_expiry_day|expiry_day|5m|ema_9_21_cross|target_20pct,weekly_expiry_day,ema_9_21_cross,5m,target_20pct,True,-3.3955,70,0.5429,-9.6105,3.9616,17.1391,-41.3757,20.0,90.2857,72.5,52.1131,712.9032
weekly_expiry_day|expiry_day|5m|ema_9_21_cross|trail_after_10pct_dd5pct,weekly_expiry_day,ema_9_21_cross,5m,trail_after_10pct_dd5pct,True,-5.141228,71,0.507,-6.0871,0.1062,16.0226,-28.8284,78.2258,73.7324,35.0,51.8974,712.9032
weekly_expiry_day|expiry_day|10m|ema_9_21_cross|target_10pct,weekly_expiry_day,ema_9_21_cross,10m,target_10pct,True,-inf,0,0.0,0.0,0.0,0.0,0.0,0.0,0.0,0.0,0.0,0.0
weekly_expiry_day|expiry_day|10m|ema_9_21_cross|target_20pct,weekly_expiry_day,ema_9_21_cross,10m,target_20pct,True,-inf,0,0.0,0.0,0.0,0.0,0.0,0.0,0.0,0.0,0.0,0.0
weekly_expiry_day|expiry_day|10m|ema_9_21_cross|trail_after_10pct_dd5pct,weekly_expiry_day,ema_9_21_cross,10m,trail_after_10pct_dd5pct,True,-inf,0,0.0,0.0,0.0,0.0,0.0,0.0,0.0,0.0,0.0,0.0
weekly_expiry_day|expiry_day|15m|ema_9_21_cross|target_10pct,weekly_expiry_day,ema_9_21_cross,15m,target_10pct,True,-inf,0,0.0,0.0,0.0,0.0,0.0,0.0,0.0,0.0,0.0,0.0
weekly_expiry_day|expiry_day|15m|ema_9_21_cross|target_20pct,weekly_expiry_day,ema_9_21_cross,15m,target_20pct,True,-inf,0,0.0,0.0,0.0,0.0,0.0,0.0,0.0,0.0,0.0,0.0
weekly_expiry_day|expiry_day|15m|ema_9_21_cross|trail_after_10pct_dd5pct,weekly_expiry_day,ema_9_21_cross,15m,trail_after_10pct_dd5pct,True,-inf,0,0.0,0.0,0.0,0.0,0.0,0.0,0.0,0.0,0.0,0.0
weekly_expiry_day|expiry_day|1m|cci_zero|target_10pct,weekly_expiry_day,cci_zero,1m,target_10pct,True,9.08732,339,0.7434,-9.7572,10.0,9.6793,-66.0561,10.0,86.8968,16.0,93.5071,1465.8915
weekly_expiry_day|expiry_day|1m|cci_zero|target_20pct,weekly_expiry_day,cci_zero,1m,target_20pct,True,24.990593,242,0.6446,-12.3554,20.0,18.5789,-68.4688,20.0,131.3636,59.5,105.8041,1465.8915
weekly_expiry_day|expiry_day|1m|cci_zero|trail_after_10pct_dd5pct,weekly_expiry_day,cci_zero,1m,trail_after_10pct_dd5pct,True,-2.869589,336,0.6637,-8.609,4.5012,13.3015,-51.8482,99.4208,90.6935,20.0,94.215,1465.8915
weekly_expiry_day|expiry_day|3m|cci_zero|target_10pct,weekly_expiry_day,cci_zero,3m,target_10pct,True,3.51903,212,0.6698,-12.5501,10.0,9.7738,-57.8357,10.0,85.0189,30.0,73.6345,1801.8868
weekly_expiry_day|expiry_day|3m|cci_zero|target_20pct,weekly_expiry_day,cci_zero,3m,target_20pct,True,-9.955341,162,0.5432,-20.129,7.4227,18.2893,-65.8157,20.0,133.9074,112.5,73.9353,1801.8868
weekly_expiry_day|expiry_day|3m|cci_zero|trail_after_10pct_dd5pct,weekly_expiry_day,cci_zero,3m,trail_after_10pct_dd5pct,True,-10.877719,212,0.5283,-11.8643,1.5087,16.3094,-43.4188,182.8125,87.8349,34.5,73.7042,1801.8868
weekly_expiry_day|expiry_day|5m|cci_zero|target_10pct,weekly_expiry_day,cci_zero,5m,target_10pct,True,5.503071,142,0.669,-10.8563,10.0,9.6723,-52.3503,10.0,74.5775,22.5,53.983,1300.0
weekly_expiry_day|expiry_day|5m|cci_zero|target_20pct,weekly_expiry_day,cci_zero,5m,target_20pct,True,-9.777871,122,0.541,-17.4822,5.3951,17.6233,-58.8566,20.0,111.0246,92.5,58.396,1300.0
weekly_expiry_day|expiry_day|5m|cci_zero|trail_after_10pct_dd5pct,weekly_expiry_day,cci_zero,5m,trail_after_10pct_dd5pct,True,-10.170789,142,0.4507,-10.7489,-0.4126,20.8564,-36.6815,211.8527,78.1338,27.5,53.983,1300.0
weekly_expiry_day|expiry_day|10m|cci_zero|target_10pct,weekly_expiry_day,cci_zero,10m,target_10pct,True,-inf,0,0.0,0.0,0.0,0.0,0.0,0.0,0.0,0.0,0.0,0.0
weekly_expiry_day|expiry_day|10m|cci_zero|target_20pct,weekly_expiry_day,cci_zero,10m,target_20pct,True,-inf,0,0.0,0.0,0.0,0.0,0.0,0.0,0.0,0.0,0.0,0.0
weekly_expiry_day|expiry_day|10m|cci_zero|trail_after_10pct_dd5pct,weekly_expiry_day,cci_zero,10m,trail_after_10pct_dd5pct,True,-inf,0,0.0,0.0,0.0,0.0,0.0,0.0,0.0,0.0,0.0,0.0
weekly_expiry_day|expiry_day|15m|cci_zero|target_10pct,weekly_expiry_day,cci_zero,15m,target_10pct,True,-inf,0,0.0,0.0,0.0,0.0,0.0,0.0,0.0,0.0,0.0,0.0
weekly_expiry_day|expiry_day|15m|cci_zero|target_20pct,weekly_expiry_day,cci_zero,15m,target_20pct,True,-inf,0,0.0,0.0,0.0,0.0,0.0,0.0,0.0,0.0,0.0,0.0
weekly_expiry_day|expiry_day|15m|cci_zero|trail_after_10pct_dd5pct,weekly_expiry_day,cci_zero,15m,trail_after_10pct_dd5pct,True,-inf,0,0.0,0.0,0.0,0.0,0.0,0.0,0.0,0.0,0.0,0.0
weekly_expiry_day|expiry_day|1m|adx_di_cross|target_10pct,weekly_expiry_day,adx_di_cross,1m,target_10pct,True,10.768929,22,0.5909,-0.4691,10.0,10.0,-15.591,10.0,114.8636,119.5,30.4019,161.6766
weekly_expiry_day|expiry_day|1m|adx_di_cross|target_20pct,weekly_expiry_day,adx_di_cross,1m,target_20pct,True,4.824046,22,0.5455,1.6198,3.6208,16.5062,-16.2439,20.0,138.0,152.5,30.4019,161.6766
weekly_expiry_day|expiry_day|1m|adx_di_cross|trail_after_10pct_dd5pct,weekly_expiry_day,adx_di_cross,1m,trail_after_10pct_dd5pct,True,1.294645,22,0.5455,-2.1535,2.6972,9.8286,-16.5319,25.9593,122.3636,119.5,30.4019,161.6766
weekly_expiry_day|expiry_day|3m|adx_di_cross|target_10pct,weekly_expiry_day,adx_di_cross,3m,target_10pct,True,2.344241,8,0.5,-1.4435,4.5187,10.0,-12.8869,10.0,52.5,21.0,203.5675,1382.3529
weekly_expiry_day|expiry_day|3m|adx_di_cross|target_20pct,weekly_expiry_day,adx_di_cross,3m,target_20pct,True,-5.203204,8,0.375,-11.3607,-2.951,20.0,-30.1771,20.0,65.25,51.0,203.5675,1382.3529
weekly_expiry_day|expiry_day|3m|adx_di_cross|trail_after_10pct_dd5pct,weekly_expiry_day,adx_di_cross,3m,trail_after_10pct_dd5pct,True,-1.822839,8,0.25,-3.8696,-2.951,19.2358,-11.5714,22.0588,52.875,22.5,203.5675,1382.3529
weekly_expiry_day|expiry_day|5m|adx_di_cross|target_10pct,weekly_expiry_day,adx_di_cross,5m,target_10pct,True,-3.017854,6,0.5,-14.5324,4.5187,10.0,-39.0647,10.0,82.5,40.0,30.7129,83.3139
weekly_expiry_day|expiry_day|5m|adx_di_cross|target_20pct,weekly_expiry_day,adx_di_cross,5m,target_20pct,True,-11.464844,6,0.3333,-29.422,-9.8471,20.0,-54.133,20.0,100.0,90.0,30.7129,83.3139
weekly_expiry_day|expiry_day|5m|adx_di_cross|trail_after_10pct_dd5pct,weekly_expiry_day,adx_di_cross,5m,trail_after_10pct_dd5pct,True,-0.42135,6,0.0,-30.4709,-15.7746,0.0,-30.4709,-0.9626,82.5,40.0,30.7129,83.3139
weekly_expiry_day|expiry_day|10m|adx_di_cross|target_10pct,weekly_expiry_day,adx_di_cross,10m,target_10pct,True,-inf,0,0.0,0.0,0.0,0.0,0.0,0.0,0.0,0.0,0.0,0.0
weekly_expiry_day|expiry_day|10m|adx_di_cross|target_20pct,weekly_expiry_day,adx_di_cross,10m,target_20pct,True,-inf,0,0.0,0.0,0.0,0.0,0.0,0.0,0.0,0.0,0.0,0.0
weekly_expiry_day|expiry_day|10m|adx_di_cross|trail_after_10pct_dd5pct,weekly_expiry_day,adx_di_cross,10m,trail_after_10pct_dd5pct,True,-inf,0,0.0,0.0,0.0,0.0,0.0,0.0,0.0,0.0,0.0,0.0
weekly_expiry_day|expiry_day|15m|adx_di_cross|target_10pct,weekly_expiry_day,adx_di_cross,15m,target_10pct,True,-inf,0,0.0,0.0,0.0,0.0,0.0,0.0,0.0,0.0,0.0,0.0
weekly_expiry_day|expiry_day|15m|adx_di_cross|target_20pct,weekly_expiry_day,adx_di_cross,15m,target_20pct,True,-inf,0,0.0,0.0,0.0,0.0,0.0,0.0,0.0,0.0,0.0,0.0
weekly_expiry_day|expiry_day|15m|adx_di_cross|trail_after_10pct_dd5pct,weekly_expiry_day,adx_di_cross,15m,trail_after_10pct_dd5pct,True,-inf,0,0.0,0.0,0.0,0.0,0.0,0.0,0.0,0.0,0.0,0.0
monthly_expiry_day|expiry_day|1m|macd_zero|target_10pct,monthly_expiry_day,macd_zero,1m,target_10pct,True,0.552273,62,0.6452,-14.4835,10.0,9.5317,-58.1474,10.0,104.1774,24.5,46.258,819.4332
monthly_expiry_day|expiry_day|1m|macd_zero|target_20pct,monthly_expiry_day,macd_zero,1m,target_20pct,True,-19.532254,47,0.4681,-25.0321,-1.2765,18.2394,-63.1109,20.0,167.4681,152.0,53.2208,819.4332
monthly_expiry_day|expiry_day|1m|macd_zero|trail_after_10pct_dd5pct,monthly_expiry_day,macd_zero,1m,trail_after_10pct_dd5pct,True,-12.91875,62,0.5,-15.9459,0.2369,10.2731,-42.1648,44.2581,105.8065,29.5,46.258,819.4332
monthly_expiry_day|expiry_day|3m|macd_zero|target_10pct,monthly_expiry_day,macd_zero,3m,target_10pct,True,17.854831,23,0.7391,4.0034,10.0,8.8497,-9.728,10.0,76.6957,24.0,71.588,644.5902
monthly_expiry_day|expiry_day|3m|macd_zero|target_20pct,monthly_expiry_day,macd_zero,3m,target_20pct,True,27.930325,21,0.6667,3.8829,20.0,17.0164,-22.3842,20.0,112.2857,66.0,76.8604,644.5902
monthly_expiry_day|expiry_day|3m|macd_zero|trail_after_10pct_dd5pct,monthly_expiry_day,macd_zero,3m,trail_after_10pct_dd5pct,True,8.33174,23,0.6522,5.1249,3.2829,11.9346,-7.6432,65.082,79.3043,24.0,71.588,644.5902
monthly_expiry_day|expiry_day|5m|macd_zero|target_10pct,monthly_expiry_day,macd_zero,5m,target_10pct,True,-6.859938,13,0.4615,-13.693,-0.2588,8.3808,-32.6135,10.0,99.6154,100.0,51.2353,452.7734
monthly_expiry_day|expiry_day|5m|macd_zero|target_20pct,monthly_expiry_day,macd_zero,5m,target_20pct,True,-5.147828,13,0.4615,-10.1786,-0.2588,15.9954,-32.6135,20.0,110.3846,105.0,51.2353,452.7734
monthly_expiry_day|expiry_day|5m|macd_zero|trail_after_10pct_dd5pct,monthly_expiry_day,macd_zero,5m,trail_after_10pct_dd5pct,True,-2.210244,13,0.3846,-4.2148,-0.8195,37.7773,-30.4599,110.8558,101.5385,105.0,51.2353,452.7734
monthly_expiry_day|expiry_day|10m|macd_zero|target_10pct,monthly_expiry_day,macd_zero,10m,target_10pct,True,-inf,0,0.0,0.0,0.0,0.0,0.0,0.0,0.0,0.0,0.0,0.0
monthly_expiry_day|expiry_day|10m|macd_zero|target_20pct,monthly_expiry_day,macd_zero,10m,target_20pct,True,-inf,0,0.0,0.0,0.0,0.0,0.0,0.0,0.0,0.0,0.0,0.0
monthly_expiry_day|expiry_day|10m|macd_zero|trail_after_10pct_dd5pct,monthly_expiry_day,macd_zero,10m,trail_after_10pct_dd5pct,True,-inf,0,0.0,0.0,0.0,0.0,0.0,0.0,0.0,0.0,0.0,0.0
monthly_expiry_day|expiry_day|15m|macd_zero|target_10pct,monthly_expiry_day,macd_zero,15m,target_10pct,True,-inf,0,0.0,0.0,0.0,0.0,0.0,0.0,0.0,0.0,0.0,0.0
monthly_expiry_day|expiry_day|15m|macd_zero|target_20pct,monthly_expiry_day,macd_zero,15m,target_20pct,True,-inf,0,0.0,0.0,0.0,0.0,0.0,0.0,0.0,0.0,0.0,0.0
monthly_expiry_day|expiry_day|15m|macd_zero|trail_after_10pct_dd5pct,monthly_expiry_day,macd_zero,15m,trail_after_10pct_dd5pct,True,-inf,0,0.0,0.0,0.0,0.0,0.0,0.0,0.0,0.0,0.0,0.0
monthly_expiry_day|expiry_day|1m|rsi_50_cross|target_10pct,monthly_expiry_day,rsi_50_cross,1m,target_10pct,True,9.931375,97,0.7526,-7.8047,10.0,9.819,-61.4101,10.0,78.7423,16.0,67.0375,529.9584
monthly_expiry_day|expiry_day|1m|rsi_50_cross|target_20pct,monthly_expiry_day,rsi_50_cross,1m,target_20pct,True,17.488608,64,0.6094,-12.813,20.0,19.3877,-63.0462,20.0,134.4531,42.5,71.3298,529.9584
monthly_expiry_day|expiry_day|1m|rsi_50_cross|trail_after_10pct_dd5pct,monthly_expiry_day,rsi_50_cross,1m,trail_after_10pct_dd5pct,True,-4.125923,97,0.6289,-9.3435,3.8442,10.5462,-43.0456,39.4737,80.7835,21.0,67.0375,529.9584
monthly_expiry_day|expiry_day|3m|rsi_50_cross|target_10pct,monthly_expiry_day,rsi_50_cross,3m,target_10pct,True,10.488544,60,0.7333,-6.3016,10.0,9.4747,-49.6863,10.0,73.55,18.0,82.669,591.3242
monthly_expiry_day|expiry_day|3m|rsi_50_cross|target_20pct,monthly_expiry_day,rsi_50_cross,3m,target_20pct,True,17.479739,45,0.6,-10.977,20.0,18.0328,-54.4918,20.0,117.8,84.0,68.2103,591.3242
monthly_expiry_day|expiry_day|3m|rsi_50_cross|trail_after_10pct_dd5pct,monthly_expiry_day,rsi_50_cross,3m,trail_after_10pct_dd5pct,True,-7.459993,60,0.4667,-9.7209,0.0,12.247,-28.9429,41.4094,75.55,25.5,82.669,591.3242
monthly_expiry_day|expiry_day|5m|rsi_50_cross|target_10pct,monthly_expiry_day,rsi_50_cross,5m,target_10pct,True,3.855615,38,0.6316,-10.8343,10.0,9.6346,-45.9238,10.0,75.0,22.5,77.7057,589.2261
monthly_expiry_day|expiry_day|5m|rsi_50_cross|target_20pct,monthly_expiry_day,rsi_50_cross,5m,target_20pct,True,16.133383,35,0.5714,-10.3023,20.0,18.9176,-49.2622,20.0,100.8571,75.0,75.6668,589.2261
monthly_expiry_day|expiry_day|5m|rsi_50_cross|trail_after_10pct_dd5pct,monthly_expiry_day,rsi_50_cross,5m,trail_after_10pct_dd5pct,True,-8.999901,38,0.4737,-12.6489,-0.2107,13.2121,-35.9239,63.3065,76.7105,27.5,77.7057,589.2261
monthly_expiry_day|expiry_day|10m|rsi_50_cross|target_10pct,monthly_expiry_day,rsi_50_cross,10m,target_10pct,True,-inf,0,0.0,0.0,0.0,0.0,0.0,0.0,0.0,0.0,0.0,0.0
monthly_expiry_day|expiry_day|10m|rsi_50_cross|target_20pct,monthly_expiry_day,rsi_50_cross,10m,target_20pct,True,-inf,0,0.0,0.0,0.0,0.0,0.0,0.0,0.0,0.0,0.0,0.0
monthly_expiry_day|expiry_day|10m|rsi_50_cross|trail_after_10pct_dd5pct,monthly_expiry_day,rsi_50_cross,10m,trail_after_10pct_dd5pct,True,-inf,0,0.0,0.0,0.0,0.0,0.0,0.0,0.0,0.0,0.0,0.0
monthly_expiry_day|expiry_day|15m|rsi_50_cross|target_10pct,monthly_expiry_day,rsi_50_cross,15m,target_10pct,True,-inf,0,0.0,0.0,0.0,0.0,0.0,0.0,0.0,0.0,0.0,0.0
monthly_expiry_day|expiry_day|15m|rsi_50_cross|target_20pct,monthly_expiry_day,rsi_50_cross,15m,target_20pct,True,-inf,0,0.0,0.0,0.0,0.0,0.0,0.0,0.0,0.0,0.0,0.0
monthly_expiry_day|expiry_day|15m|rsi_50_cross|trail_after_10pct_dd5pct,monthly_expiry_day,rsi_50_cross,15m,trail_after_10pct_dd5pct,True,-inf,0,0.0,0.0,0.0,0.0,0.0,0.0,0.0,0.0,0.0,0.0
monthly_expiry_day|expiry_day|1m|roc_zero|target_10pct,monthly_expiry_day,roc_zero,1m,target_10pct,True,2.428799,85,0.6824,-13.0024,10.0,9.7553,-61.8893,10.0,106.0235,30.0,41.8221,506.4085
monthly_expiry_day|expiry_day|1m|roc_zero|target_20pct,monthly_expiry_day,roc_zero,1m,target_20pct,True,14.779354,65,0.5692,-14.5064,20.0,19.2544,-59.1189,20.0,144.3385,86.0,45.5743,506.4085
monthly_expiry_day|expiry_day|1m|roc_zero|trail_after_10pct_dd5pct,monthly_expiry_day,roc_zero,1m,trail_after_10pct_dd5pct,True,-5.535982,84,0.5952,-12.2937,4.7065,12.981,-49.4624,49.0291,109.3095,37.5,42.3525,506.4085
monthly_expiry_day|expiry_day|3m|roc_zero|target_10pct,monthly_expiry_day,roc_zero,3m,target_10pct,True,-4.781026,62,0.629,-19.5865,10.0,9.1751,-68.3562,10.0,121.4032,63.0,34.2099,637.3377
monthly_expiry_day|expiry_day|3m|roc_zero|target_20pct,monthly_expiry_day,roc_zero,3m,target_20pct,True,-18.173557,48,0.5208,-23.9282,1.0082,17.1131,-68.5384,20.0,170.0,142.5,39.6485,637.3377
monthly_expiry_day|expiry_day|3m|roc_zero|trail_after_10pct_dd5pct,monthly_expiry_day,roc_zero,3m,trail_after_10pct_dd5pct,True,-15.595684,62,0.5323,-20.0372,1.5721,10.2967,-54.5551,34.267,123.2419,70.5,34.1614,637.3377
monthly_expiry_day|expiry_day|5m|roc_zero|target_10pct,monthly_expiry_day,roc_zero,5m,target_10pct,True,4.677503,61,0.6885,-10.8847,10.0,9.3363,-55.5839,10.0,81.3934,25.0,69.9905,929.932
monthly_expiry_day|expiry_day|5m|roc_zero|target_20pct,monthly_expiry_day,roc_zero,5m,target_20pct,True,5.866758,49,0.5714,-15.3854,14.6312,17.7413,-59.5544,20.0,124.0816,90.0,81.7537,929.932
monthly_expiry_day|expiry_day|5m|roc_zero|trail_after_10pct_dd5pct,monthly_expiry_day,roc_zero,5m,trail_after_10pct_dd5pct,True,-10.025211,61,0.5246,-12.7647,0.7925,12.687,-40.8494,63.3065,84.2623,35.0,69.9905,929.932
monthly_expiry_day|expiry_day|10m|roc_zero|target_10pct,monthly_expiry_day,roc_zero,10m,target_10pct,True,-inf,0,0.0,0.0,0.0,0.0,0.0,0.0,0.0,0.0,0.0,0.0
monthly_expiry_day|expiry_day|10m|roc_zero|target_20pct,monthly_expiry_day,roc_zero,10m,target_20pct,True,-inf,0,0.0,0.0,0.0,0.0,0.0,0.0,0.0,0.0,0.0,0.0
monthly_expiry_day|expiry_day|10m|roc_zero|trail_after_10pct_dd5pct,monthly_expiry_day,roc_zero,10m,trail_after_10pct_dd5pct,True,-inf,0,0.0,0.0,0.0,0.0,0.0,0.0,0.0,0.0,0.0,0.0
monthly_expiry_day|expiry_day|15m|roc_zero|target_10pct,monthly_expiry_day,roc_zero,15m,target_10pct,True,-inf,0,0.0,0.0,0.0,0.0,0.0,0.0,0.0,0.0,0.0,0.0
monthly_expiry_day|expiry_day|15m|roc_zero|target_20pct,monthly_expiry_day,roc_zero,15m,target_20pct,True,-inf,0,0.0,0.0,0.0,0.0,0.0,0.0,0.0,0.0,0.0,0.0
monthly_expiry_day|expiry_day|15m|roc_zero|trail_after_10pct_dd5pct,monthly_expiry_day,roc_zero,15m,trail_after_10pct_dd5pct,True,-inf,0,0.0,0.0,0.0,0.0,0.0,0.0,0.0,0.0,0.0,0.0
monthly_expiry_day|expiry_day|1m|ema_9_21_cross|target_10pct,monthly_expiry_day,ema_9_21_cross,1m,target_10pct,True,3.738322,74,0.6892,-11.8592,10.0,9.716,-59.7,10.0,92.1216,16.0,49.5974,929.932
monthly_expiry_day|expiry_day|1m|ema_9_21_cross|target_20pct,monthly_expiry_day,ema_9_21_cross,1m,target_20pct,True,-13.650388,52,0.5192,-20.6933,2.7589,18.7229,-63.2627,20.0,153.4423,135.5,52.7779,929.932
monthly_expiry_day|expiry_day|1m|ema_9_21_cross|trail_after_10pct_dd5pct,monthly_expiry_day,ema_9_21_cross,1m,trail_after_10pct_dd5pct,True,-8.436299,74,0.5405,-12.5501,2.3415,11.9461,-41.3692,44.2581,93.9595,18.5,49.5974,929.932
monthly_expiry_day|expiry_day|3m|ema_9_21_cross|target_10pct,monthly_expiry_day,ema_9_21_cross,3m,target_10pct,True,17.767678,32,0.75,1.9385,10.0,8.8684,-18.8512,10.0,66.4688,22.5,73.717,576.6246
monthly_expiry_day|expiry_day|3m|ema_9_21_cross|target_20pct,monthly_expiry_day,ema_9_21_cross,3m,target_20pct,True,26.475074,30,0.6333,0.4347,20.0,17.9455,-29.8113,20.0,97.8,63.0,77.4522,576.6246
monthly_expiry_day|expiry_day|3m|ema_9_21_cross|trail_after_10pct_dd5pct,monthly_expiry_day,ema_9_21_cross,3m,trail_after_10pct_dd5pct,True,7.564067,32,0.6562,1.4662,4.5171,10.531,-15.8393,47.654,68.3438,25.5,73.717,576.6246
monthly_expiry_day|expiry_day|5m|ema_9_21_cross|target_10pct,monthly_expiry_day,ema_9_21_cross,5m,target_10pct,True,5.427098,19,0.5789,-7.1765,10.0,9.1168,-29.5798,10.0,90.5263,45.0,49.2184,361.9868
monthly_expiry_day|expiry_day|5m|ema_9_21_cross|target_20pct,monthly_expiry_day,ema_9_21_cross,5m,target_20pct,True,-3.696125,16,0.5,-6.5425,0.0131,17.0373,-30.1223,20.0,135.9375,162.5,56.0386,361.9868
monthly_expiry_day|expiry_day|5m|ema_9_21_cross|trail_after_10pct_dd5pct,monthly_expiry_day,ema_9_21_cross,5m,trail_after_10pct_dd5pct,True,-3.225792,19,0.4737,-5.2947,-0.2588,20.6709,-28.6638,76.2252,92.6316,50.0,49.2184,361.9868
monthly_expiry_day|expiry_day|10m|ema_9_21_cross|target_10pct,monthly_expiry_day,ema_9_21_cross,10m,target_10pct,True,-inf,0,0.0,0.0,0.0,0.0,0.0,0.0,0.0,0.0,0.0,0.0
monthly_expiry_day|expiry_day|10m|ema_9_21_cross|target_20pct,monthly_expiry_day,ema_9_21_cross,10m,target_20pct,True,-inf,0,0.0,0.0,0.0,0.0,0.0,0.0,0.0,0.0,0.0,0.0
monthly_expiry_day|expiry_day|10m|ema_9_21_cross|trail_after_10pct_dd5pct,monthly_expiry_day,ema_9_21_cross,10m,trail_after_10pct_dd5pct,True,-inf,0,0.0,0.0,0.0,0.0,0.0,0.0,0.0,0.0,0.0,0.0
monthly_expiry_day|expiry_day|15m|ema_9_21_cross|target_10pct,monthly_expiry_day,ema_9_21_cross,15m,target_10pct,True,-inf,0,0.0,0.0,0.0,0.0,0.0,0.0,0.0,0.0,0.0,0.0
monthly_expiry_day|expiry_day|15m|ema_9_21_cross|target_20pct,monthly_expiry_day,ema_9_21_cross,15m,target_20pct,True,-inf,0,0.0,0.0,0.0,0.0,0.0,0.0,0.0,0.0,0.0,0.0
monthly_expiry_day|expiry_day|15m|ema_9_21_cross|trail_after_10pct_dd5pct,monthly_expiry_day,ema_9_21_cross,15m,trail_after_10pct_dd5pct,True,-inf,0,0.0,0.0,0.0,0.0,0.0,0.0,0.0,0.0,0.0,0.0
monthly_expiry_day|expiry_day|1m|cci_zero|target_10pct,monthly_expiry_day,cci_zero,1m,target_10pct,True,4.524742,90,0.7111,-11.4735,10.0,9.7634,-63.7491,10.0,89.9,20.5,62.7944,655.7404
monthly_expiry_day|expiry_day|1m|cci_zero|target_20pct,monthly_expiry_day,cci_zero,1m,target_20pct,True,16.660669,67,0.597,-13.4653,20.0,19.2469,-61.9277,20.0,131.4478,67.0,70.537,655.7404
monthly_expiry_day|expiry_day|1m|cci_zero|trail_after_10pct_dd5pct,monthly_expiry_day,cci_zero,1m,trail_after_10pct_dd5pct,True,-6.717087,90,0.5889,-12.2222,3.9338,11.9828,-46.8942,41.4094,92.2889,23.5,62.7944,655.7404
monthly_expiry_day|expiry_day|3m|cci_zero|target_10pct,monthly_expiry_day,cci_zero,3m,target_10pct,True,3.57665,58,0.6724,-11.7387,10.0,9.3417,-55.009,10.0,90.5172,18.0,82.1949,929.932
monthly_expiry_day|expiry_day|3m|cci_zero|target_20pct,monthly_expiry_day,cci_zero,3m,target_20pct,True,13.82947,50,0.56,-14.2977,20.0,18.6306,-56.2065,20.0,119.64,90.0,82.2202,929.932
monthly_expiry_day|expiry_day|3m|cci_zero|trail_after_10pct_dd5pct,monthly_expiry_day,cci_zero,3m,trail_after_10pct_dd5pct,True,-9.858234,58,0.5345,-13.1475,1.2262,10.635,-40.4533,48.9796,92.069,19.5,82.1949,929.932
monthly_expiry_day|expiry_day|5m|cci_zero|target_10pct,monthly_expiry_day,cci_zero,5m,target_10pct,True,-0.673504,39,0.6154,-15.7417,10.0,8.4694,-54.4796,10.0,84.1026,45.0,56.2336,540.5877
monthly_expiry_day|expiry_day|5m|cci_zero|target_20pct,monthly_expiry_day,cci_zero,5m,target_20pct,True,-7.541717,37,0.5946,-11.9397,2.1484,16.5121,-53.669,20.0,92.027,60.0,58.6919,540.5877
monthly_expiry_day|expiry_day|5m|cci_zero|trail_after_10pct_dd5pct,monthly_expiry_day,cci_zero,5m,trail_after_10pct_dd5pct,True,-12.134556,39,0.4872,-16.8796,0.0,10.142,-42.5502,41.5493,85.641,45.0,56.2336,540.5877
monthly_expiry_day|expiry_day|10m|cci_zero|target_10pct,monthly_expiry_day,cci_zero,10m,target_10pct,True,-inf,0,0.0,0.0,0.0,0.0,0.0,0.0,0.0,0.0,0.0,0.0
monthly_expiry_day|expiry_day|10m|cci_zero|target_20pct,monthly_expiry_day,cci_zero,10m,target_20pct,True,-inf,0,0.0,0.0,0.0,0.0,0.0,0.0,0.0,0.0,0.0,0.0
monthly_expiry_day|expiry_day|10m|cci_zero|trail_after_10pct_dd5pct,monthly_expiry_day,cci_zero,10m,trail_after_10pct_dd5pct,True,-inf,0,0.0,0.0,0.0,0.0,0.0,0.0,0.0,0.0,0.0,0.0
monthly_expiry_day|expiry_day|15m|cci_zero|target_10pct,monthly_expiry_day,cci_zero,15m,target_10pct,True,-inf,0,0.0,0.0,0.0,0.0,0.0,0.0,0.0,0.0,0.0,0.0
monthly_expiry_day|expiry_day|15m|cci_zero|target_20pct,monthly_expiry_day,cci_zero,15m,target_20pct,True,-inf,0,0.0,0.0,0.0,0.0,0.0,0.0,0.0,0.0,0.0,0.0
monthly_expiry_day|expiry_day|15m|cci_zero|trail_after_10pct_dd5pct,monthly_expiry_day,cci_zero,15m,trail_after_10pct_dd5pct,True,-inf,0,0.0,0.0,0.0,0.0,0.0,0.0,0.0,0.0,0.0,0.0
monthly_expiry_day|expiry_day|1m|adx_di_cross|target_10pct,monthly_expiry_day,adx_di_cross,1m,target_10pct,True,-11.382445,14,0.3571,-21.3617,-5.3761,6.3925,-36.7807,10.0,137.0714,126.5,11.2443,80.0
monthly_expiry_day|expiry_day|1m|adx_di_cross|target_20pct,monthly_expiry_day,adx_di_cross,1m,target_20pct,True,-10.553533,14,0.3571,-19.2188,-5.3761,12.3925,-36.7807,20.0,138.5,126.5,11.2443,80.0
monthly_expiry_day|expiry_day|1m|adx_di_cross|trail_after_10pct_dd5pct,monthly_expiry_day,adx_di_cross,1m,trail_after_10pct_dd5pct,True,-7.162369,14,0.2143,-22.7903,-5.3761,3.9875,-30.0933,10.0,137.2857,126.5,11.2443,80.0
monthly_expiry_day|expiry_day|3m|adx_di_cross|target_10pct,monthly_expiry_day,adx_di_cross,3m,target_10pct,True,5.603275,3,0.6667,0.1564,10.0,10.0,-19.5309,10.0,50.0,45.0,21.1111,33.3333
monthly_expiry_day|expiry_day|3m|adx_di_cross|target_20pct,monthly_expiry_day,adx_di_cross,3m,target_20pct,True,13.613352,3,0.6667,6.823,20.0,20.0,-19.5309,20.0,54.0,57.0,21.1111,33.3333
monthly_expiry_day|expiry_day|3m|adx_di_cross|trail_after_10pct_dd5pct,monthly_expiry_day,adx_di_cross,3m,trail_after_10pct_dd5pct,True,1.744914,3,0.6667,-2.423,4.7619,6.131,-19.5309,7.5,51.0,45.0,21.1111,33.3333
monthly_expiry_day|expiry_day|5m|adx_di_cross|target_10pct,monthly_expiry_day,adx_di_cross,5m,target_10pct,True,-0.040506,2,0.0,-3.687,-3.687,0.0,-3.687,-1.8034,117.5,117.5,7.9979,12.6625
monthly_expiry_day|expiry_day|5m|adx_di_cross|target_20pct,monthly_expiry_day,adx_di_cross,5m,target_20pct,True,-0.040506,2,0.0,-3.687,-3.687,0.0,-3.687,-1.8034,117.5,117.5,7.9979,12.6625
monthly_expiry_day|expiry_day|5m|adx_di_cross|trail_after_10pct_dd5pct,monthly_expiry_day,adx_di_cross,5m,trail_after_10pct_dd5pct,True,-0.040506,2,0.0,-3.687,-3.687,0.0,-3.687,-1.8034,117.5,117.5,7.9979,12.6625
monthly_expiry_day|expiry_day|10m|adx_di_cross|target_10pct,monthly_expiry_day,adx_di_cross,10m,target_10pct,True,-inf,0,0.0,0.0,0.0,0.0,0.0,0.0,0.0,0.0,0.0,0.0
monthly_expiry_day|expiry_day|10m|adx_di_cross|target_20pct,monthly_expiry_day,adx_di_cross,10m,target_20pct,True,-inf,0,0.0,0.0,0.0,0.0,0.0,0.0,0.0,0.0,0.0,0.0
monthly_expiry_day|expiry_day|10m|adx_di_cross|trail_after_10pct_dd5pct,monthly_expiry_day,adx_di_cross,10m,trail_after_10pct_dd5pct,True,-inf,0,0.0,0.0,0.0,0.0,0.0,0.0,0.0,0.0,0.0,0.0
monthly_expiry_day|expiry_day|15m|adx_di_cross|target_10pct,monthly_expiry_day,adx_di_cross,15m,target_10pct,True,-inf,0,0.0,0.0,0.0,0.0,0.0,0.0,0.0,0.0,0.0,0.0
monthly_expiry_day|expiry_day|15m|adx_di_cross|target_20pct,monthly_expiry_day,adx_di_cross,15m,target_20pct,True,-inf,0,0.0,0.0,0.0,0.0,0.0,0.0,0.0,0.0,0.0,0.0
monthly_expiry_day|expiry_day|15m|adx_di_cross|trail_after_10pct_dd5pct,monthly_expiry_day,adx_di_cross,15m,trail_after_10pct_dd5pct,True,-inf,0,0.0,0.0,0.0,0.0,0.0,0.0,0.0,0.0,0.0,0.0
